id,campaign_id,channel_id,metric_date,impressions,clicks,conversions,spend,revenue
1,1,3,2026-01-01,84131,2931,78,4153935,23749577
2,1,6,2026-01-01,54615,1142,76,5573412,34617122
3,2,5,2026-01-01,11006,710,102,969343,7397934
4,2,2,2026-01-01,118571,2676,172,5632507,42270064
5,2,1,2026-01-01,26319,1125,60,2539572,17042869
6,3,6,2026-01-01,100568,3355,315,2564486,21636927
7,3,1,2026-01-01,88886,5920,326,3020280,22824592
8,3,2,2026-01-01,106711,2048,310,2946211,14457024
9,3,3,2026-01-01,13675,421,71,6322301,27742682
10,4,4,2026-01-01,39718,1011,140,4821269,19653660
11,4,6,2026-01-01,81622,3847,436,3336646,12732389
12,4,5,2026-01-01,23131,1230,42,695240,5330139
13,4,1,2026-01-01,25033,1553,227,3841334,23349372
14,5,4,2026-01-01,74352,2517,273,396309,2608387
15,5,5,2026-01-01,20014,1323,140,2538291,18051290
16,5,6,2026-01-01,49587,1158,103,4106110,10345228
17,6,6,2026-01-01,18947,1521,103,5659896,31389654
18,6,3,2026-01-01,31071,822,116,4824639,39663349
19,6,2,2026-01-01,74514,6250,723,4398721,11510839
20,6,5,2026-01-01,52576,4253,650,2879615,11336220
21,7,5,2026-01-01,16226,1134,170,6680393,38053101
22,7,1,2026-01-01,21483,529,50,4912086,17146921
23,8,5,2026-01-01,103994,7253,378,2914865,14265214
24,8,4,2026-01-01,93039,5930,534,4641740,24178437
25,8,2,2026-01-01,37493,1194,88,5235091,30486704
26,8,3,2026-01-01,82128,2588,81,5594075,15961253
27,9,1,2026-01-01,14287,765,49,4371951,16549674
28,9,3,2026-01-01,22342,1547,249,5133613,27393093
29,10,4,2026-01-01,17704,1140,87,3748575,19875499
30,10,2,2026-01-01,100561,1916,238,5720548,17679394
31,10,1,2026-01-01,57772,4021,595,1216615,4856651
32,1,5,2026-01-02,23373,1090,70,2395528,18557953
33,1,4,2026-01-02,14880,717,113,4916463,15179345
34,2,5,2026-01-02,26798,1218,118,3664169,29000641
35,2,1,2026-01-02,26579,1154,205,2524684,20346702
36,2,6,2026-01-02,107908,5301,464,6427922,54460801
37,2,4,2026-01-02,77845,5031,492,1892978,8102413
38,3,5,2026-01-02,12989,923,26,5200436,27878139
39,3,6,2026-01-02,116767,6402,186,4559974,13591772
40,4,1,2026-01-02,13907,912,52,1305681,10640747
41,4,5,2026-01-02,79668,2666,306,5495748,16442730
42,5,5,2026-01-02,31772,2072,145,2528136,12323942
43,5,6,2026-01-02,93039,5899,549,6607096,53612657
44,5,3,2026-01-02,6220,307,55,1138703,3347290
45,5,2,2026-01-02,32938,1743,71,3227698,25128226
46,6,3,2026-01-02,25676,1228,131,2837697,17508779
47,6,6,2026-01-02,110788,7095,150,4952341,21276606
48,7,1,2026-01-02,19029,1344,60,2663542,16324792
49,7,2,2026-01-02,99058,4033,524,2514457,13911118
50,7,3,2026-01-02,37914,3143,488,1074255,6773936
51,7,6,2026-01-02,113704,4065,83,6768616,22234348
52,8,2,2026-01-02,78519,1234,39,6096692,48307574
53,8,4,2026-01-02,76511,1354,107,4934916,16722272
54,8,5,2026-01-02,21704,393,30,6978357,58151888
55,9,3,2026-01-02,94399,3182,115,6844089,40101578
56,9,2,2026-01-02,119650,5441,649,1596487,12859036
57,10,2,2026-01-02,59040,995,137,3086573,22205790
58,10,6,2026-01-02,58964,4432,701,2381777,9767272
59,1,1,2026-01-03,34154,1023,170,3233147,14003229
60,1,4,2026-01-03,109247,8777,488,5836759,21355409
61,1,6,2026-01-03,48025,1723,53,6787134,28334587
62,1,2,2026-01-03,89080,4739,610,4798103,21528604
63,2,1,2026-01-03,28405,1662,294,620924,1956168
64,2,3,2026-01-03,61959,2535,369,3960737,24308045
65,3,1,2026-01-03,10817,737,14,4816862,31893131
66,3,4,2026-01-03,102248,7185,370,3917984,11439897
67,3,2,2026-01-03,92062,7738,926,5864897,44503376
68,3,5,2026-01-03,99339,8195,828,5894303,29178906
69,4,6,2026-01-03,30144,1402,238,5981754,41805326
70,4,3,2026-01-03,27810,1700,115,4896430,36734736
71,4,2,2026-01-03,44829,1637,145,5165264,31714563
72,5,4,2026-01-03,93555,2902,277,6977539,48255045
73,5,6,2026-01-03,91356,1951,199,5609492,34866161
74,5,5,2026-01-03,17240,1316,184,5943819,25930010
75,6,2,2026-01-03,11057,368,35,6746555,19814425
76,6,1,2026-01-03,59321,4832,541,6325922,42245301
77,7,4,2026-01-03,90990,6057,986,6759615,52811460
78,7,2,2026-01-03,107029,5018,241,6137731,34418839
79,7,5,2026-01-03,11582,657,109,1318029,6904852
80,8,6,2026-01-03,103992,8512,1004,6333707,49733038
81,8,5,2026-01-03,60933,4709,506,1635113,11383546
82,8,3,2026-01-03,67216,3277,459,5649091,23522069
83,9,4,2026-01-03,15155,1038,59,3117293,13773002
84,9,2,2026-01-03,75798,1595,70,3513132,23410453
85,9,3,2026-01-03,97591,3029,261,3075634,17702324
86,9,5,2026-01-03,59496,1170,179,3567168,28284185
87,10,6,2026-01-03,5772,494,33,3571445,27216866
88,10,1,2026-01-03,114540,5317,742,4881289,35629548
89,10,4,2026-01-03,33906,1750,111,4373860,11696352
90,10,2,2026-01-03,49057,3196,472,6374873,22250017
91,1,2,2026-01-04,56645,3364,424,1004202,6383207
92,1,5,2026-01-04,22786,1823,89,2482349,11852281
93,1,1,2026-01-04,32742,1607,118,3480341,14511419
94,2,3,2026-01-04,7540,536,15,3235680,12442267
95,2,1,2026-01-04,13993,1029,127,6626966,17801223
96,2,4,2026-01-04,37411,1120,26,1578275,6204624
97,3,6,2026-01-04,65952,4449,634,1707517,10476224
98,3,1,2026-01-04,103032,7096,1024,1673767,13872724
99,3,2,2026-01-04,19168,1119,188,5130133,33674622
100,4,4,2026-01-04,82607,5517,664,1154810,7717777
101,4,2,2026-01-04,44529,3507,407,1315483,9573247
102,4,1,2026-01-04,79177,5835,440,3893495,25187517
103,5,5,2026-01-04,6658,524,79,1185324,6046504
104,5,3,2026-01-04,52472,3288,501,6233334,21305204
105,6,6,2026-01-04,90256,3182,475,4814521,34413467
106,6,5,2026-01-04,65931,3142,430,2551464,11312751
107,7,1,2026-01-04,64087,2133,201,5419833,35278402
108,7,3,2026-01-04,49092,842,131,1825383,9903249
109,8,3,2026-01-04,83139,5619,360,385153,2156765
110,8,6,2026-01-04,30042,643,86,4398488,25647835
111,8,5,2026-01-04,36499,2437,300,4417307,22921614
112,9,1,2026-01-04,34045,1543,90,5869700,35155590
113,9,3,2026-01-04,67031,3787,284,6557359,38047966
114,10,6,2026-01-04,45189,1529,60,1915514,8415404
115,10,4,2026-01-04,102370,5649,801,1853149,6762596
116,10,3,2026-01-04,101810,5224,710,6677086,37710987
117,1,1,2026-01-05,34816,1464,100,6239289,35593961
118,1,2,2026-01-05,40954,754,21,2750619,18386524
119,1,3,2026-01-05,21551,1354,190,1160567,8978515
120,2,3,2026-01-05,49657,1431,40,4307482,13717274
121,2,4,2026-01-05,13564,611,19,5580173,36933525
122,2,5,2026-01-05,24887,651,71,2848757,8577850
123,2,2,2026-01-05,37530,896,127,5386161,32730413
124,3,2,2026-01-05,63028,2351,268,3897285,16884135
125,3,5,2026-01-05,86399,1686,292,1132431,9269560
126,3,4,2026-01-05,32235,1995,124,981049,3377106
127,3,6,2026-01-05,27782,1566,70,3726893,19391107
128,4,4,2026-01-05,42762,2908,385,4108690,12026458
129,4,3,2026-01-05,35595,3000,438,5543366,33474932
130,4,1,2026-01-05,110369,9384,826,4868120,18736696
131,4,6,2026-01-05,24528,2039,310,899029,2569270
132,5,5,2026-01-05,62560,1521,198,6169791,30324838
133,5,6,2026-01-05,40683,2137,211,974795,5934766
134,5,3,2026-01-05,61626,4319,503,516970,1575704
135,6,5,2026-01-05,112665,3967,104,6644042,23593952
136,6,6,2026-01-05,73021,4663,776,1822441,15457348
137,6,1,2026-01-05,62132,3890,383,1065396,5667973
138,6,3,2026-01-05,58523,2340,297,1649096,7386007
139,7,4,2026-01-05,9809,481,33,3011817,9624350
140,7,3,2026-01-05,106259,4814,492,309655,1996024
141,7,6,2026-01-05,76118,3779,108,4648984,21713898
142,7,5,2026-01-05,104148,5455,494,732950,2727563
143,8,2,2026-01-05,68532,1652,290,5407585,39453104
144,8,3,2026-01-05,98032,2634,284,4932620,24406328
145,8,4,2026-01-05,34451,3080,511,4170905,34127864
146,8,5,2026-01-05,89896,6958,693,6311304,26830422
147,9,3,2026-01-05,36946,1819,78,1898955,15250904
148,9,4,2026-01-05,71616,5082,212,885609,3681905
149,9,5,2026-01-05,108547,8583,638,6907852,38313890
150,9,2,2026-01-05,112551,1709,232,5223590,31234666
151,10,4,2026-01-05,68483,2799,303,4858621,23142876
152,10,2,2026-01-05,47176,3784,669,2303246,13660058
153,10,6,2026-01-05,35613,2820,241,2969056,20689067
154,10,3,2026-01-05,97435,8136,658,5867425,42564424
155,1,2,2026-01-06,70836,6191,452,1141919,8844325
156,1,4,2026-01-06,62711,1409,233,428744,2930320
157,1,1,2026-01-06,58736,4717,826,927704,4932549
158,1,5,2026-01-06,39737,1605,209,5751224,17149528
159,2,6,2026-01-06,46505,2883,467,4393200,33978318
160,2,5,2026-01-06,9705,595,34,6041159,48483772
161,2,4,2026-01-06,34817,2472,221,1125800,7950645
162,3,1,2026-01-06,44251,3662,100,6978535,19796117
163,3,4,2026-01-06,51984,2241,97,4755746,23647045
164,3,2,2026-01-06,94364,7024,331,962434,5925658
165,3,3,2026-01-06,55140,3389,198,5191876,17437986
166,4,6,2026-01-06,38466,2500,409,4202827,33232831
167,4,3,2026-01-06,93815,5253,167,3198814,26952919
168,4,4,2026-01-06,44210,2781,244,2397975,12567822
169,5,2,2026-01-06,18979,622,69,5121871,21897198
170,5,4,2026-01-06,96655,3589,633,5821631,28379487
171,5,5,2026-01-06,6061,348,45,6546734,54610346
172,6,6,2026-01-06,84569,6354,349,1894942,11796671
173,6,4,2026-01-06,93835,6724,960,6011426,45266174
174,6,3,2026-01-06,87345,1946,234,630700,2745813
175,6,1,2026-01-06,62779,1098,86,1402362,4264302
176,7,3,2026-01-06,31318,780,82,3369035,19153348
177,7,4,2026-01-06,40720,3147,192,4342032,36057555
178,7,2,2026-01-06,43684,3101,230,1266113,6723045
179,8,2,2026-01-06,117740,7738,989,3633729,30173099
180,8,6,2026-01-06,110458,6273,216,3609931,9326299
181,9,1,2026-01-06,103174,6750,766,5656539,46054134
182,9,4,2026-01-06,19201,1259,120,5497135,42907387
183,9,3,2026-01-06,78584,3111,365,5732901,16506754
184,9,5,2026-01-06,112984,5628,743,5746215,28442472
185,10,1,2026-01-06,44893,4026,155,2269645,17756694
186,10,6,2026-01-06,22781,1005,79,6533911,43639363
187,1,4,2026-01-07,90841,2037,200,3723524,30288329
188,1,5,2026-01-07,41666,727,57,4019366,20772787
189,1,2,2026-01-07,35947,2845,102,6051902,28468206
190,1,6,2026-01-07,89518,3750,313,1892229,15722987
191,2,1,2026-01-07,11629,860,50,1356326,9795208
192,2,2,2026-01-07,31896,642,91,2037761,12263853
193,2,6,2026-01-07,111568,8950,649,1537774,11120970
194,3,1,2026-01-07,75807,2562,122,5845353,45001545
195,3,3,2026-01-07,22275,358,52,2295914,13851519
196,3,2,2026-01-07,7068,198,5,6521982,32777938
197,3,6,2026-01-07,19896,1411,135,6826479,31894906
198,4,1,2026-01-07,10683,742,122,5827279,32800047
199,4,4,2026-01-07,65036,4113,102,4317991,32746742
200,4,2,2026-01-07,60872,4045,398,4020870,11825154
201,4,3,2026-01-07,15589,610,26,1358571,5638200
202,5,5,2026-01-07,83301,4564,422,5378688,27330167
203,5,6,2026-01-07,108952,7368,1152,5760284,44735732
204,5,3,2026-01-07,77264,5336,290,4087917,32002446
205,5,2,2026-01-07,59239,2394,221,3789574,26063458
206,6,4,2026-01-07,54060,4677,607,4278447,12419475
207,6,3,2026-01-07,114022,2440,217,6546064,45382395
208,6,5,2026-01-07,111400,2758,81,5010928,29414649
209,7,1,2026-01-07,103341,4828,804,731560,6079550
210,7,4,2026-01-07,83696,3216,117,4556484,17207255
211,7,3,2026-01-07,91079,4659,724,3236969,24511107
212,7,5,2026-01-07,53176,1255,81,2197159,16134459
213,8,5,2026-01-07,91223,7043,442,1813439,7506952
214,8,6,2026-01-07,104930,4005,297,351219,1260325
215,8,1,2026-01-07,23776,1366,114,1490130,10350166
216,8,3,2026-01-07,9018,197,20,3455747,17344376
217,9,2,2026-01-07,99581,3916,668,5301487,15956109
218,9,3,2026-01-07,11895,317,44,717438,4694779
219,9,5,2026-01-07,40665,1961,172,5392522,27783703
220,10,2,2026-01-07,50242,2373,155,5991555,36301666
221,10,5,2026-01-07,74066,4816,131,3615709,30396086
222,10,1,2026-01-07,12180,189,12,2071959,14719398
223,1,3,2026-01-08,6013,314,27,1383688,6615750
224,1,6,2026-01-08,97231,3136,343,5903994,43318791
225,1,1,2026-01-08,14447,646,89,3959275,10343404
226,2,3,2026-01-08,61267,3553,474,3803870,16117344
227,2,5,2026-01-08,58088,962,69,5485210,28855393
228,3,3,2026-01-08,36891,1758,147,959739,4678343
229,3,1,2026-01-08,45668,3239,179,6835714,23985127
230,3,4,2026-01-08,71910,4493,471,1926582,15288461
231,3,5,2026-01-08,50793,2099,363,5714368,42230448
232,4,1,2026-01-08,38550,1148,133,6677148,47106706
233,4,2,2026-01-08,14876,420,60,4444954,23485885
234,5,5,2026-01-08,46436,1222,37,4009510,25213044
235,5,4,2026-01-08,109376,3893,112,4555850,13417634
236,5,3,2026-01-08,65521,3203,93,2708176,8017246
237,5,6,2026-01-08,118278,10444,359,5283502,29283317
238,6,5,2026-01-08,63947,5319,592,1879067,8322689
239,6,6,2026-01-08,67341,3542,613,4079261,12731419
240,6,1,2026-01-08,114756,4677,628,4532463,28902440
241,7,2,2026-01-08,62595,3399,399,3352597,15881627
242,7,4,2026-01-08,42079,1853,266,5995006,36493490
243,8,6,2026-01-08,17387,988,80,2413893,16516826
244,8,3,2026-01-08,91057,7952,925,1561422,7026667
245,8,1,2026-01-08,81380,5271,878,2902412,24107953
246,8,2,2026-01-08,96551,6243,253,6246130,50768627
247,9,5,2026-01-08,111585,2743,363,6497291,55116420
248,9,4,2026-01-08,73995,1628,207,4565510,21325353
249,9,3,2026-01-08,52526,2004,345,3166658,25922292
250,10,2,2026-01-08,25308,526,81,1148430,6369351
251,10,6,2026-01-08,75748,5880,948,616648,3990684
252,10,5,2026-01-08,119870,8687,355,3460155,11852818
253,1,6,2026-01-09,111042,9183,1243,666518,3309362
254,1,5,2026-01-09,93652,6459,1131,5422045,22824464
255,2,4,2026-01-09,110987,8193,1348,1927525,9072948
256,2,2,2026-01-09,79766,7085,665,2663672,19095183
257,2,5,2026-01-09,70916,3869,675,1975185,14433773
258,2,6,2026-01-09,23140,1862,52,4331486,33546066
259,3,1,2026-01-09,15993,1155,73,4606314,15588190
260,3,5,2026-01-09,62340,1363,225,4084335,31889583
261,3,6,2026-01-09,8495,391,32,3437016,13454778
262,3,2,2026-01-09,15696,676,16,1131169,8523423
263,4,3,2026-01-09,42601,3570,341,1464277,10327614
264,4,2,2026-01-09,66487,3234,67,964593,2521468
265,4,5,2026-01-09,33266,2582,278,6400487,39383992
266,4,1,2026-01-09,60476,1411,93,2826239,9131832
267,5,4,2026-01-09,64914,1279,196,4492871,27318606
268,5,5,2026-01-09,7154,446,49,6327586,21269933
269,6,1,2026-01-09,36531,2111,105,5905392,17796983
270,6,5,2026-01-09,52265,1049,109,4555773,32885729
271,6,3,2026-01-09,71535,4046,333,4243778,11717947
272,7,3,2026-01-09,51805,3840,288,6448354,41544335
273,7,6,2026-01-09,18587,1354,186,3089368,10196327
274,7,1,2026-01-09,51176,2863,429,1768754,13234351
275,8,4,2026-01-09,13270,911,155,610242,2600030
276,8,6,2026-01-09,10741,798,129,2947409,23874678
277,8,2,2026-01-09,72552,3255,489,4271165,17169581
278,8,1,2026-01-09,103735,6588,433,6850173,19090227
279,9,3,2026-01-09,62272,5088,706,3543411,16066604
280,9,6,2026-01-09,29486,1539,153,6988160,39243096
281,9,1,2026-01-09,110008,2331,204,3912194,23921970
282,9,2,2026-01-09,112785,3218,215,1160653,3459225
283,10,3,2026-01-09,99065,4651,606,3248989,16838788
284,10,6,2026-01-09,100265,8046,614,3948545,16375927
285,10,4,2026-01-09,108740,9361,299,5647842,27884872
286,10,5,2026-01-09,72251,5424,698,561226,1883854
287,1,6,2026-01-10,13812,451,55,3337939,16012515
288,1,4,2026-01-10,79349,1382,61,4074224,33379877
289,1,1,2026-01-10,53760,2596,83,1455070,8260082
290,1,5,2026-01-10,57171,2205,142,1251675,3323797
291,2,4,2026-01-10,55723,4653,180,6800873,27623368
292,2,5,2026-01-10,63493,1974,232,6121531,48965351
293,3,2,2026-01-10,116781,2400,114,6284180,32493403
294,3,1,2026-01-10,16506,1250,218,2980896,19396805
295,3,6,2026-01-10,98000,1947,207,2816218,21426271
296,4,6,2026-01-10,34391,828,43,1464983,5743344
297,4,2,2026-01-10,69752,1183,128,3394651,18006705
298,4,3,2026-01-10,77305,1911,308,851535,3709068
299,4,4,2026-01-10,98969,6820,710,6752219,33468056
300,5,1,2026-01-10,14720,717,92,3189999,10431321
301,5,2,2026-01-10,113665,8356,1022,1826417,12979779
302,5,3,2026-01-10,21912,1039,172,764836,5727355
303,5,4,2026-01-10,72908,1930,89,3006674,24379396
304,6,3,2026-01-10,42230,3312,199,5627244,46357853
305,6,5,2026-01-10,40972,999,68,4775138,14614646
306,7,2,2026-01-10,91341,5648,928,3132158,23664017
307,7,5,2026-01-10,78874,1426,225,981346,2721047
308,7,6,2026-01-10,89076,6487,404,2068388,14689182
309,7,1,2026-01-10,59602,3657,90,5561033,32106428
310,8,3,2026-01-10,58227,2172,68,802586,2767703
311,8,4,2026-01-10,59476,3052,160,5389035,18118001
312,8,2,2026-01-10,117916,8121,1116,3197178,26703613
313,8,6,2026-01-10,22139,1595,163,1190735,5256732
314,9,1,2026-01-10,37495,958,26,3522482,27070214
315,9,3,2026-01-10,59805,2010,318,1639657,12102090
316,9,4,2026-01-10,80718,5576,280,1636661,8984603
317,10,4,2026-01-10,8037,174,14,4135528,34325377
318,10,6,2026-01-10,33199,1950,54,2660188,14549539
319,10,3,2026-01-10,115473,7398,704,4802088,12240831
320,10,2,2026-01-10,19089,903,145,6402779,30058907
321,1,3,2026-01-11,11705,676,34,4940770,20907412
322,1,1,2026-01-11,55639,2938,418,2646467,19721122
323,1,4,2026-01-11,86689,5724,223,1111023,5403374
324,2,5,2026-01-11,31090,1871,157,637682,1767539
325,2,3,2026-01-11,22961,1573,233,4656478,24408938
326,2,2,2026-01-11,84463,6924,293,5442788,24009118
327,3,5,2026-01-11,71494,5513,579,6245340,36707270
328,3,3,2026-01-11,67245,5122,404,5952297,18795136
329,3,6,2026-01-11,59596,3502,516,6384460,49368441
330,4,1,2026-01-11,90929,6703,966,5145548,19888877
331,4,5,2026-01-11,11731,689,32,5576646,38072303
332,4,4,2026-01-11,106529,8318,363,6010351,23759995
333,4,2,2026-01-11,80047,6893,259,458858,2361389
334,5,2,2026-01-11,58788,3094,364,4256113,32929147
335,5,4,2026-01-11,101447,7056,937,4651030,17413689
336,5,6,2026-01-11,47604,4277,412,3461035,15168039
337,6,4,2026-01-11,49869,2791,357,6347553,41795306
338,6,5,2026-01-11,110336,7392,869,1912828,15769400
339,7,5,2026-01-11,44008,3205,425,6090152,40986293
340,7,3,2026-01-11,46555,2373,260,6972343,47621006
341,7,2,2026-01-11,42721,1031,132,3485105,27443678
342,8,3,2026-01-11,10513,384,51,3205507,25785283
343,8,2,2026-01-11,90979,3114,300,1995069,14898597
344,8,6,2026-01-11,40537,3444,452,1451529,4580095
345,9,5,2026-01-11,92796,7691,431,2253174,6342564
346,9,2,2026-01-11,59172,2353,224,6014252,42849117
347,9,6,2026-01-11,5679,495,87,1624905,8029378
348,9,1,2026-01-11,67350,3421,177,2709586,11995354
349,10,1,2026-01-11,101821,7049,1197,1768549,8855672
350,10,6,2026-01-11,114786,3235,540,3630231,26238452
351,10,2,2026-01-11,29420,2507,436,2728224,21172270
352,10,3,2026-01-11,6214,232,27,3110536,13087175
353,1,5,2026-01-12,116550,6155,391,1244949,5582481
354,1,6,2026-01-12,100829,4982,304,1861951,4812221
355,1,4,2026-01-12,49185,3654,405,6652548,24341458
356,1,1,2026-01-12,85079,6739,1102,3887834,21739538
357,2,4,2026-01-12,29219,2589,249,2380769,6049488
358,2,1,2026-01-12,55275,1805,253,3065097,13215702
359,3,5,2026-01-12,52127,3490,104,1291741,6836371
360,3,1,2026-01-12,25934,1177,118,6201864,44151356
361,3,3,2026-01-12,95477,2272,378,2774954,13056889
362,3,4,2026-01-12,33947,1067,44,1585013,8289415
363,4,3,2026-01-12,110119,7136,392,2375890,15638230
364,4,4,2026-01-12,83094,6687,221,4047593,22945961
365,4,5,2026-01-12,52419,1093,120,818064,6113101
366,4,6,2026-01-12,71255,2149,227,1680237,7508484
367,5,4,2026-01-12,81434,4207,689,4036979,29680485
368,5,1,2026-01-12,64432,1604,138,5030429,14318717
369,5,2,2026-01-12,65604,4294,297,482623,2353121
370,5,3,2026-01-12,112014,1705,93,912616,2529533
371,6,6,2026-01-12,14046,1249,119,2708291,13414711
372,6,1,2026-01-12,105790,2661,326,6417723,40914812
373,6,5,2026-01-12,60097,2589,421,4062602,31354031
374,7,4,2026-01-12,90660,7209,281,4806850,23353368
375,7,1,2026-01-12,21691,1509,83,329136,2316155
376,7,2,2026-01-12,44107,2193,296,3857843,21957305
377,8,2,2026-01-12,50371,1341,67,6381941,45266721
378,8,4,2026-01-12,9222,698,60,6726122,54598808
379,9,2,2026-01-12,13819,311,7,5314583,34715609
380,9,6,2026-01-12,119322,2225,308,3674446,18863785
381,10,2,2026-01-12,42914,1397,232,5132763,22653050
382,10,1,2026-01-12,83370,6081,917,2287295,9859583
383,10,6,2026-01-12,23777,2114,218,3769194,16218863
384,10,3,2026-01-12,12989,737,84,6467406,51541772
385,1,6,2026-01-13,50143,4293,546,6891806,38916500
386,1,4,2026-01-13,96266,4449,195,3457976,12460034
387,1,5,2026-01-13,75507,3814,594,2822759,21580690
388,1,1,2026-01-13,23920,1804,300,5017635,24968077
389,2,5,2026-01-13,55910,1857,97,5724961,17028453
390,2,6,2026-01-13,63954,5022,174,6378257,47686641
391,2,2,2026-01-13,11755,413,52,5357676,14665487
392,3,2,2026-01-13,99936,6531,357,2052288,15837184
393,3,5,2026-01-13,48642,1835,303,2076772,16869532
394,4,1,2026-01-13,84220,5708,476,2307653,13413177
395,4,4,2026-01-13,106648,3863,365,5741869,26731600
396,4,2,2026-01-13,39283,1648,265,4209125,13013138
397,4,3,2026-01-13,99688,5005,772,2003956,9467148
398,5,1,2026-01-13,102157,2650,163,5199214,31064563
399,5,5,2026-01-13,59732,2218,113,2229536,10655038
400,5,2,2026-01-13,114230,3818,412,6044909,27355544
401,6,6,2026-01-13,27050,1892,144,1474057,10055841
402,6,4,2026-01-13,69004,1987,322,5683887,46854675
403,6,5,2026-01-13,73674,1292,200,5905398,16482475
404,7,4,2026-01-13,115434,7191,222,1566928,4003264
405,7,2,2026-01-13,71287,3507,104,5649655,36725742
406,8,4,2026-01-13,74758,4214,92,4741077,32396520
407,8,6,2026-01-13,75220,6642,151,6154066,40273424
408,8,1,2026-01-13,110666,9459,460,1107939,6255769
409,8,5,2026-01-13,36584,1075,112,3273267,13433318
410,9,1,2026-01-13,65161,3738,666,2194627,9436562
411,9,3,2026-01-13,113535,8922,1111,5751709,40592773
412,9,4,2026-01-13,17255,783,62,4293020,12177965
413,10,6,2026-01-13,15837,831,74,6879825,30874065
414,10,2,2026-01-13,117454,10340,1687,656950,2548045
415,1,5,2026-01-14,14744,978,63,4855271,28554136
416,1,4,2026-01-14,9312,264,41,431349,3566745
417,1,3,2026-01-14,81943,2115,320,3641149,29395904
418,1,1,2026-01-14,44226,1202,70,3564482,23390878
419,2,3,2026-01-14,99917,2086,290,3201279,9034581
420,2,4,2026-01-14,62290,2018,64,5376523,38248766
421,2,2,2026-01-14,83067,3717,534,548518,3458262
422,2,6,2026-01-14,107701,9633,948,3284760,19111477
423,3,4,2026-01-14,16232,1183,79,2367370,16047575
424,3,2,2026-01-14,15752,552,44,6875748,43340626
425,3,6,2026-01-14,101948,4508,350,1067729,2702605
426,4,4,2026-01-14,18399,458,22,4065173,23748375
427,4,3,2026-01-14,72166,3291,79,3268848,19042081
428,4,5,2026-01-14,83240,4982,358,3531609,9090515
429,5,4,2026-01-14,79967,4324,560,1721883,5739105
430,5,1,2026-01-14,44469,1562,67,1702637,8697167
431,5,2,2026-01-14,60194,2256,327,3329335,13351293
432,6,6,2026-01-14,82831,5073,473,1436568,6217391
433,6,4,2026-01-14,56864,2269,270,3064396,15755094
434,7,6,2026-01-14,44378,1732,297,1984864,10666775
435,7,5,2026-01-14,28283,2470,432,2744844,18964802
436,7,2,2026-01-14,87955,4558,511,2333602,10396937
437,8,4,2026-01-14,78905,2365,424,1809338,11924036
438,8,3,2026-01-14,77102,1312,178,6242213,23457552
439,8,1,2026-01-14,109554,4037,528,6974453,50706182
440,9,4,2026-01-14,38119,2454,329,6919255,32949111
441,9,2,2026-01-14,63860,5702,551,3662196,20897238
442,9,3,2026-01-14,118984,7957,851,6933047,57617560
443,9,1,2026-01-14,96964,7966,843,5653444,45150707
444,10,2,2026-01-14,26802,1702,46,5710913,37491180
445,10,3,2026-01-14,57378,5021,366,6979270,35473767
446,1,1,2026-01-15,34098,1817,187,5169740,34254627
447,1,3,2026-01-15,33971,1645,135,6778876,44586924
448,2,5,2026-01-15,68277,1559,134,1020202,3260990
449,2,2,2026-01-15,100702,2580,180,4119606,29684315
450,2,3,2026-01-15,73303,3754,361,3975602,27161168
451,2,1,2026-01-15,64303,2502,170,6262446,19980406
452,3,6,2026-01-15,102057,3397,162,1643315,7371809
453,3,1,2026-01-15,60885,5289,301,3697784,23216765
454,3,2,2026-01-15,29430,1855,165,544882,3772942
455,4,4,2026-01-15,61302,2707,359,2026245,8449581
456,4,5,2026-01-15,97243,7356,220,1153558,8417529
457,5,2,2026-01-15,64972,1529,194,4406089,24966178
458,5,3,2026-01-15,88769,3418,280,3592897,21636527
459,5,5,2026-01-15,50603,2094,195,1747265,12899060
460,5,1,2026-01-15,97535,7319,1222,5250691,15796765
461,6,3,2026-01-15,36270,1374,67,6116967,20480530
462,6,1,2026-01-15,55916,2592,109,3518792,17728492
463,7,6,2026-01-15,77733,2138,141,1869496,8202376
464,7,5,2026-01-15,64113,3940,624,380391,2057022
465,7,2,2026-01-15,30575,2328,405,4539921,29139113
466,8,6,2026-01-15,98079,7649,751,993491,5854033
467,8,4,2026-01-15,109317,7879,525,2605633,10029239
468,8,5,2026-01-15,42836,1182,110,6528694,46584097
469,9,5,2026-01-15,80066,1886,271,3377459,19428023
470,9,6,2026-01-15,104193,1888,254,4883143,18610886
471,9,1,2026-01-15,60725,1377,210,6602742,26313179
472,10,4,2026-01-15,50688,4038,136,1284705,9190509
473,10,3,2026-01-15,36056,1108,152,6080871,27995022
474,1,5,2026-01-16,23249,1717,257,797929,4724095
475,1,4,2026-01-16,74767,2697,286,3015003,25247637
476,1,2,2026-01-16,43356,1591,99,4615225,38827563
477,1,3,2026-01-16,94037,7159,298,6592245,47557419
478,2,3,2026-01-16,96937,7750,464,6267612,27781693
479,2,2,2026-01-16,37447,2700,346,4405877,14773036
480,3,3,2026-01-16,14898,931,149,1080935,5315070
481,3,4,2026-01-16,103278,3704,628,3395993,17754841
482,3,5,2026-01-16,68968,2727,55,6793917,51518299
483,3,2,2026-01-16,17208,1201,112,5871242,39241818
484,4,5,2026-01-16,33551,2939,446,4449969,18294806
485,4,4,2026-01-16,113572,4119,443,1395503,8229075
486,5,3,2026-01-16,18051,1118,172,436577,1416877
487,5,1,2026-01-16,117414,3152,293,3888640,14442056
488,5,5,2026-01-16,95255,7925,1277,2832231,9782142
489,6,1,2026-01-16,15803,677,111,1688525,4745977
490,6,3,2026-01-16,86999,3298,435,2264140,11491383
491,6,5,2026-01-16,16953,1149,23,4299744,12760059
492,7,2,2026-01-16,6056,406,61,3842626,25607974
493,7,5,2026-01-16,67613,1373,111,6430087,47169452
494,7,4,2026-01-16,18526,713,114,1450323,6956222
495,7,1,2026-01-16,111609,7978,329,5980237,20076363
496,8,5,2026-01-16,51030,3530,425,1569818,12588943
497,8,1,2026-01-16,85750,5701,898,1027191,8093810
498,8,2,2026-01-16,23351,1668,190,3521493,16231314
499,8,4,2026-01-16,61280,2364,100,2623373,16704913
500,9,5,2026-01-16,83644,5778,378,6092133,16210839
501,9,6,2026-01-16,116027,7469,509,4643194,28516460
502,10,6,2026-01-16,43737,2775,403,6958692,57256320
503,10,4,2026-01-16,69865,3069,179,5652622,34275117
504,1,1,2026-01-17,55703,4431,491,3365301,19445171
505,1,3,2026-01-17,27645,1996,344,6762307,19867326
506,1,5,2026-01-17,81986,1645,101,634091,5095222
507,1,6,2026-01-17,108453,4863,320,6277965,34568319
508,2,4,2026-01-17,88956,4914,582,2627568,7886861
509,2,6,2026-01-17,15357,819,43,1603397,9168770
510,2,1,2026-01-17,56213,3315,471,5751249,37879647
511,3,3,2026-01-17,100677,8709,506,2350844,7093147
512,3,4,2026-01-17,61948,1468,173,761613,3317388
513,4,6,2026-01-17,97785,2473,53,4464213,36687336
514,4,2,2026-01-17,73551,3956,599,2474721,8665922
515,4,1,2026-01-17,21637,1541,246,6448311,50416045
516,4,4,2026-01-17,106112,8753,644,3901435,16120275
517,5,3,2026-01-17,87251,1813,168,3320938,9407004
518,5,5,2026-01-17,117638,6766,533,2440068,17422021
519,6,6,2026-01-17,71692,1089,171,403079,1599138
520,6,1,2026-01-17,66835,2827,472,1801233,14566500
521,6,2,2026-01-17,117392,2072,307,6289640,43675228
522,6,3,2026-01-17,59967,1909,114,6342213,28030113
523,7,5,2026-01-17,20650,1087,178,1804449,6927478
524,7,3,2026-01-17,72603,6433,1110,878196,6816511
525,8,3,2026-01-17,77494,3817,301,2746076,16154726
526,8,6,2026-01-17,44834,3159,185,3389303,20505776
527,8,1,2026-01-17,69665,6258,902,6444347,50927481
528,9,2,2026-01-17,58744,986,105,5634666,42470979
529,9,1,2026-01-17,119976,1885,138,6666359,42956838
530,10,6,2026-01-17,74443,6605,575,802436,6688589
531,10,3,2026-01-17,23661,1617,56,2241732,17673198
532,10,1,2026-01-17,73125,3362,548,4145824,34606555
533,10,4,2026-01-17,16128,944,95,5645352,41887254
534,1,5,2026-01-18,13163,626,109,2286185,9716414
535,1,6,2026-01-18,116530,4501,666,6178112,46282702
536,2,3,2026-01-18,35619,733,38,6842585,48725224
537,2,4,2026-01-18,19283,514,23,4209553,18455521
538,2,6,2026-01-18,20825,1149,200,2041778,10640731
539,3,3,2026-01-18,25658,1938,133,6211492,41500642
540,3,1,2026-01-18,10286,320,50,1544230,4705697
541,3,5,2026-01-18,37534,3289,274,710627,4663916
542,4,2,2026-01-18,117014,5723,799,2395915,7351509
543,4,1,2026-01-18,18357,1382,58,400301,1148869
544,4,4,2026-01-18,107361,9522,389,3660323,17325913
545,5,6,2026-01-18,7857,705,36,5718930,29513041
546,5,1,2026-01-18,21880,479,74,3081242,9968329
547,5,3,2026-01-18,65423,1229,206,3933579,29226934
548,5,5,2026-01-18,56773,2964,240,3879117,13719828
549,6,2,2026-01-18,41681,2019,88,5451499,33881389
550,6,3,2026-01-18,37215,2364,235,4919511,26438365
551,7,3,2026-01-18,22987,1067,131,6987381,39512831
552,7,4,2026-01-18,87674,7851,839,463829,3913057
553,8,3,2026-01-18,79141,4169,342,1808404,4803804
554,8,4,2026-01-18,83265,2616,427,6830852,28591186
555,8,5,2026-01-18,110991,9918,1038,6732738,40422911
556,8,2,2026-01-18,35508,3126,112,5810178,22932288
557,9,6,2026-01-18,115953,10285,844,1757202,6249668
558,9,1,2026-01-18,82662,3211,443,3309691,26424175
559,9,2,2026-01-18,8697,589,44,5061804,29771703
560,9,3,2026-01-18,78807,6787,1044,4429097,25479477
561,10,4,2026-01-18,16830,323,37,467168,2643559
562,10,1,2026-01-18,5089,202,23,1394625,6337948
563,1,3,2026-01-19,7872,205,27,1488268,10635459
564,1,1,2026-01-19,115949,6315,494,908439,4307404
565,2,4,2026-01-19,44552,1746,307,6443414,52785486
566,2,5,2026-01-19,108788,6847,670,2961566,10499391
567,2,1,2026-01-19,78659,5271,888,6901765,32030768
568,2,2,2026-01-19,92232,5457,262,2873819,19840759
569,3,2,2026-01-19,97013,8357,690,6766193,56099207
570,3,6,2026-01-19,9244,264,18,5428636,20766549
571,3,1,2026-01-19,79127,1804,179,3078042,21460293
572,4,3,2026-01-19,27005,1693,294,6247236,40732899
573,4,6,2026-01-19,100588,8197,749,2524763,9488326
574,5,1,2026-01-19,99426,1500,122,6445364,32342316
575,5,3,2026-01-19,26802,2180,215,3476871,16019290
576,5,5,2026-01-19,54197,1225,118,5149080,32984066
577,5,6,2026-01-19,95067,3034,279,580286,2477503
578,6,3,2026-01-19,49801,1382,110,6440335,18999081
579,6,1,2026-01-19,17203,694,123,4349489,29259133
580,6,5,2026-01-19,61534,5272,244,3942336,13571975
581,7,3,2026-01-19,29901,1366,148,6423465,36875523
582,7,2,2026-01-19,91585,3307,191,716372,3479714
583,8,4,2026-01-19,5500,258,17,5853428,36587119
584,8,2,2026-01-19,67957,2037,49,1733044,10968684
585,8,1,2026-01-19,15739,795,30,6884021,33627093
586,8,5,2026-01-19,69106,5674,354,5684365,32768978
587,9,3,2026-01-19,53418,1548,42,3988810,21102191
588,9,4,2026-01-19,34654,2695,297,1567775,10995450
589,10,1,2026-01-19,59262,5203,594,4943949,14168875
590,10,6,2026-01-19,55738,4257,370,4792220,31736034
591,10,3,2026-01-19,67236,3896,224,2806953,8347121
592,10,4,2026-01-19,116927,8018,804,4635378,33850784
593,1,5,2026-01-20,27659,2383,111,2077463,15270940
594,1,2,2026-01-20,21539,392,12,6030471,30829935
595,1,1,2026-01-20,112815,6999,1074,2463307,10884114
596,1,6,2026-01-20,100302,8381,257,3555611,20758315
597,2,3,2026-01-20,108094,7299,832,6857254,34406703
598,2,6,2026-01-20,59321,1555,172,5187849,36575706
599,2,4,2026-01-20,18133,1529,168,1147169,8276220
600,2,1,2026-01-20,118701,6549,491,3746795,15304982
601,3,4,2026-01-20,27570,983,42,5405770,35596331
602,3,5,2026-01-20,57654,1032,167,3080773,20465829
603,3,6,2026-01-20,11460,812,135,3424259,8976343
604,3,1,2026-01-20,112136,8356,582,4424000,33840984
605,4,1,2026-01-20,102481,4942,751,2560058,17594757
606,4,2,2026-01-20,84295,5345,267,2073272,16545947
607,4,5,2026-01-20,58368,4119,582,3436586,25520446
608,4,4,2026-01-20,72537,5393,164,6252299,34642561
609,5,5,2026-01-20,8794,246,39,1983818,14922001
610,5,6,2026-01-20,37701,659,18,3323045,22356794
611,6,3,2026-01-20,88284,7436,959,2329523,11029826
612,6,4,2026-01-20,82862,4015,697,4281084,25777611
613,6,5,2026-01-20,50843,2075,319,2469796,17273177
614,7,1,2026-01-20,11507,313,34,2097834,16033046
615,7,3,2026-01-20,89853,2864,152,5765910,28581864
616,7,6,2026-01-20,7628,609,106,6022706,15378304
617,7,2,2026-01-20,22342,1419,164,370998,1425604
618,8,3,2026-01-20,116619,4799,289,4214946,18178516
619,8,6,2026-01-20,73241,5626,470,1158256,2946702
620,8,4,2026-01-20,91816,8032,1239,5009843,31983101
621,8,2,2026-01-20,84829,3070,397,4341114,12515528
622,9,6,2026-01-20,39229,2518,433,5764896,24747238
623,9,3,2026-01-20,24651,1326,77,776260,5691987
624,9,5,2026-01-20,110167,8345,706,2980879,19627700
625,10,1,2026-01-20,59862,2714,374,5190757,35029375
626,10,4,2026-01-20,79978,6094,456,6284175,24094652
627,10,3,2026-01-20,75075,4720,453,5936041,27608424
628,10,2,2026-01-20,44347,3477,537,4982924,17872827
629,1,4,2026-01-21,102113,3512,524,6699821,53436087
630,1,2,2026-01-21,94091,7759,967,2164397,10024838
631,2,3,2026-01-21,39152,2306,217,1288022,6856423
632,2,4,2026-01-21,118559,7419,837,5506428,16118935
633,2,6,2026-01-21,30499,1602,254,3501673,19886109
634,2,2,2026-01-21,59146,1127,176,1452303,12277896
635,3,4,2026-01-21,23772,920,123,6834232,20399285
636,3,5,2026-01-21,48598,3028,146,5622563,16013517
637,3,6,2026-01-21,64251,2281,323,1714367,10213638
638,4,4,2026-01-21,21961,1341,162,3683909,18692716
639,4,1,2026-01-21,67573,2956,76,1972807,13580713
640,5,3,2026-01-21,29979,489,10,6453910,25770067
641,5,5,2026-01-21,95901,7746,541,1161579,5577092
642,6,3,2026-01-21,44085,3797,352,4664495,28351824
643,6,2,2026-01-21,49280,2342,304,1422307,6480595
644,6,1,2026-01-21,69248,2904,145,3683894,9632455
645,6,4,2026-01-21,34402,2392,98,6457881,16993782
646,7,2,2026-01-21,90267,6716,537,5671402,22882604
647,7,1,2026-01-21,75088,4635,533,702320,4545288
648,7,3,2026-01-21,90664,7045,195,1271315,6357405
649,7,4,2026-01-21,54840,1330,80,6187697,21154267
650,8,6,2026-01-21,91725,2070,213,5524406,33885634
651,8,1,2026-01-21,22978,1066,174,4591484,31279931
652,8,3,2026-01-21,20431,739,107,4475337,16522407
653,8,2,2026-01-21,31181,2287,350,1991757,9256752
654,9,3,2026-01-21,76845,4013,213,4332101,19423502
655,9,2,2026-01-21,5358,85,2,1226361,9211679
656,9,1,2026-01-21,92690,4825,829,6839139,38095591
657,10,6,2026-01-21,35298,1738,306,2515641,13296833
658,10,1,2026-01-21,18082,1374,219,2737454,12760061
659,10,3,2026-01-21,93705,3603,497,1096904,8344670
660,10,4,2026-01-21,11014,173,7,5729095,20184023
661,1,4,2026-01-22,101084,2220,333,1834019,5837667
662,1,5,2026-01-22,57461,5009,318,3535616,23474420
663,1,3,2026-01-22,67684,5075,628,6984961,24452060
664,2,6,2026-01-22,115670,3117,269,5255572,28359324
665,2,1,2026-01-22,79572,5242,256,3485580,25008986
666,3,1,2026-01-22,19802,1615,146,831301,3383126
667,3,2,2026-01-22,46187,735,116,4702491,33412008
668,3,4,2026-01-22,80582,5582,311,5919061,45806792
669,3,5,2026-01-22,73039,3961,523,1098948,5601434
670,4,2,2026-01-22,93643,5909,258,4983730,39134098
671,4,4,2026-01-22,85335,1629,200,1616402,8944207
672,4,3,2026-01-22,66510,5246,834,928015,6504067
673,4,5,2026-01-22,47026,1555,272,722372,4003079
674,5,6,2026-01-22,15332,757,112,4058923,12290902
675,5,4,2026-01-22,70333,3413,133,4472270,31178134
676,5,5,2026-01-22,7329,166,14,4973553,28819714
677,5,1,2026-01-22,113253,2470,288,5493103,34745132
678,6,5,2026-01-22,52624,4046,609,4112286,18471713
679,6,2,2026-01-22,105586,6491,621,5812718,27202167
680,6,4,2026-01-22,64314,1514,214,2160149,5428846
681,6,6,2026-01-22,51548,3981,693,2749335,15908046
682,7,6,2026-01-22,26516,1377,208,6528632,44586342
683,7,1,2026-01-22,19019,648,33,1312889,10609846
684,7,5,2026-01-22,56497,1760,267,1898690,12912473
685,8,4,2026-01-22,88000,6847,781,6777223,53204766
686,8,1,2026-01-22,64950,4181,723,1429408,11839970
687,9,5,2026-01-22,77512,6600,1017,4351126,35010139
688,9,1,2026-01-22,107377,9029,436,5153265,18252357
689,10,1,2026-01-22,91182,5474,882,4528782,35271709
690,10,4,2026-01-22,59875,5296,882,6695262,26710297
691,1,3,2026-01-23,110486,2762,237,6172145,48257663
692,1,6,2026-01-23,72147,2699,356,2933274,19861920
693,1,4,2026-01-23,77559,4843,252,5535897,37568297
694,2,3,2026-01-23,76105,5104,365,1268089,8958605
695,2,2,2026-01-23,78699,4015,446,5896520,39864849
696,2,5,2026-01-23,93374,6637,1026,2698537,20953771
697,2,6,2026-01-23,60363,4564,472,511998,2450024
698,3,6,2026-01-23,31201,1092,159,2704305,17849337
699,3,1,2026-01-23,24192,1885,245,2775818,10337161
700,4,1,2026-01-23,85754,6869,950,2181626,15172066
701,4,3,2026-01-23,78566,3469,352,6984325,50936196
702,4,4,2026-01-23,42701,2859,78,3500947,16893217
703,4,6,2026-01-23,108299,9550,668,4931556,13920861
704,5,3,2026-01-23,88071,5975,738,6634302,40006911
705,5,2,2026-01-23,101790,6133,884,1923176,8202473
706,5,4,2026-01-23,28255,2507,80,1757899,12147920
707,5,1,2026-01-23,20643,893,79,4969087,20300894
708,6,5,2026-01-23,5739,228,30,1598604,4379605
709,6,3,2026-01-23,47287,2826,406,5545955,34349715
710,7,3,2026-01-23,107764,7336,763,1842405,10361018
711,7,4,2026-01-23,108056,5714,494,4804984,23642935
712,7,6,2026-01-23,50796,1604,86,3084040,13836234
713,7,1,2026-01-23,43479,1364,191,4750147,25409216
714,8,6,2026-01-23,50351,2438,401,5448097,43648212
715,8,1,2026-01-23,36958,3212,415,2992214,14327425
716,8,5,2026-01-23,109360,9391,767,4831839,33068398
717,8,3,2026-01-23,8238,686,103,3445376,19245368
718,9,4,2026-01-23,90397,2661,272,1104940,3872117
719,9,6,2026-01-23,106360,5886,124,849217,3197037
720,9,1,2026-01-23,87511,6389,1011,3858526,28992927
721,9,2,2026-01-23,31945,1767,234,6519104,46619680
722,10,1,2026-01-23,98961,3946,134,755233,2694635
723,10,2,2026-01-23,38018,2161,242,2209629,17601726
724,10,6,2026-01-23,58429,2576,311,3932477,17296707
725,10,5,2026-01-23,56052,3671,387,5680643,38751722
726,1,6,2026-01-24,10965,740,23,4518102,14172442
727,1,5,2026-01-24,108139,7184,840,2661539,18874690
728,2,4,2026-01-24,67126,1793,98,6564225,31809941
729,2,6,2026-01-24,109527,8620,579,5618760,18904055
730,2,1,2026-01-24,93773,7644,1333,6418017,40996005
731,3,5,2026-01-24,23530,570,11,5305103,25806621
732,3,6,2026-01-24,76765,6603,453,6577166,45701983
733,4,3,2026-01-24,116602,6231,285,2152103,13345856
734,4,2,2026-01-24,38127,1127,55,5058795,38515169
735,4,4,2026-01-24,116593,8316,1483,4904096,25832773
736,4,6,2026-01-24,77045,1578,201,2402920,7423135
737,5,5,2026-01-24,21805,1424,81,2691903,16735815
738,5,4,2026-01-24,30362,1179,108,5470255,35318884
739,5,3,2026-01-24,95892,5639,623,3357592,24665537
740,5,2,2026-01-24,61139,1690,118,6890594,26385147
741,6,6,2026-01-24,22603,1491,108,4326145,22829457
742,6,4,2026-01-24,52020,3803,372,1212954,4311591
743,6,3,2026-01-24,84511,1787,115,1474419,11570919
744,6,2,2026-01-24,30746,1068,172,941412,6462371
745,7,5,2026-01-24,111514,6539,554,5249583,19825386
746,7,1,2026-01-24,9804,552,59,4827139,25741315
747,8,3,2026-01-24,34269,2805,320,2741077,9054565
748,8,4,2026-01-24,70683,3766,314,4512484,11567978
749,9,5,2026-01-24,104248,5583,510,1802778,10633043
750,9,2,2026-01-24,79162,5102,892,6473342,44614446
751,10,1,2026-01-24,35375,697,55,659103,4291758
752,10,2,2026-01-24,72880,6054,471,4239912,33950720
753,10,4,2026-01-24,11086,199,24,1165914,7837760
754,1,6,2026-01-25,76349,4410,353,3475243,16305077
755,1,3,2026-01-25,90634,7465,242,2410459,11468898
756,1,5,2026-01-25,34215,1838,140,3194340,17317058
757,1,4,2026-01-25,68191,5560,117,1465750,7533064
758,2,1,2026-01-25,89341,3221,141,1620009,7570849
759,2,5,2026-01-25,99018,7552,949,3778031,27832889
760,3,1,2026-01-25,32617,1934,238,3746872,9871794
761,3,4,2026-01-25,10655,262,30,1430147,8977379
762,3,5,2026-01-25,10136,829,36,1695372,6865507
763,3,2,2026-01-25,28597,1537,130,5027858,31804903
764,4,6,2026-01-25,63877,3863,368,4340527,15293415
765,4,3,2026-01-25,113837,5214,223,5187590,38506023
766,4,1,2026-01-25,28839,1780,181,1706951,11684285
767,4,4,2026-01-25,49914,4201,484,877496,3403704
768,5,2,2026-01-25,31522,1708,282,6040893,30317853
769,5,1,2026-01-25,24603,1486,71,5456881,33280877
770,5,5,2026-01-25,107743,5910,829,1081734,5834273
771,6,5,2026-01-25,113464,1712,291,5992168,38322253
772,6,6,2026-01-25,73425,3418,546,6152252,34938018
773,7,4,2026-01-25,50943,3014,417,6688254,50316691
774,7,6,2026-01-25,80513,1797,74,4302550,30527252
775,8,3,2026-01-25,119919,6689,409,345881,2336389
776,8,5,2026-01-25,108471,1684,174,4660078,11851344
777,9,2,2026-01-25,18970,504,62,2427625,9875135
778,9,3,2026-01-25,75268,3520,276,2611569,22069826
779,9,4,2026-01-25,57095,4089,352,6874893,40186334
780,9,6,2026-01-25,28425,1215,132,2428841,20477678
781,10,3,2026-01-25,20608,1464,133,6166249,50535315
782,10,4,2026-01-25,18143,563,47,3139022,22930939
783,10,2,2026-01-25,85481,5751,765,1648368,7969236
784,10,6,2026-01-25,88345,1360,47,1519103,8096837
785,1,4,2026-01-26,34067,1458,171,6377502,30649994
786,1,1,2026-01-26,57513,3511,362,6269382,51917874
787,1,5,2026-01-26,12531,1076,162,5671152,30999709
788,1,2,2026-01-26,6403,192,24,4646584,19590179
789,2,5,2026-01-26,72608,4892,579,5954126,16173590
790,2,6,2026-01-26,36359,2331,410,1028490,8722523
791,3,3,2026-01-26,81818,2456,55,6202408,18059570
792,3,4,2026-01-26,16818,945,128,4990187,39871862
793,3,5,2026-01-26,50625,2078,312,2198304,13493586
794,4,4,2026-01-26,80354,1233,59,4546632,14270921
795,4,6,2026-01-26,14487,764,56,1281542,9377880
796,5,5,2026-01-26,95989,4627,371,4356981,31020847
797,5,6,2026-01-26,104283,4220,608,6017630,31678745
798,5,3,2026-01-26,81916,6524,633,2462748,7155084
799,6,2,2026-01-26,51281,2755,59,2509137,10010316
800,6,6,2026-01-26,17190,772,107,3168844,9367650
801,6,3,2026-01-26,28394,1440,110,5112650,21035766
802,6,5,2026-01-26,102800,6808,1127,4485909,31054483
803,7,6,2026-01-26,119392,4167,236,2394597,18002600
804,7,2,2026-01-26,51665,1379,51,958401,6282196
805,8,4,2026-01-26,10539,828,65,2945908,16067106
806,8,5,2026-01-26,80303,6436,634,6711097,53662206
807,8,1,2026-01-26,41735,1871,261,1375805,3886496
808,8,3,2026-01-26,109761,5130,873,573155,3160864
809,9,6,2026-01-26,20776,1399,130,6081517,15510979
810,9,2,2026-01-26,93356,2875,324,3029956,14148724
811,9,4,2026-01-26,117963,4067,438,2289267,9423651
812,10,3,2026-01-26,60567,1864,246,3423159,16056217
813,10,6,2026-01-26,57506,2068,100,1400075,11726516
814,10,2,2026-01-26,94916,3050,109,2564497,18783723
815,10,4,2026-01-26,77789,3688,298,1523425,11121344
816,1,2,2026-01-27,60249,3161,566,5590292,31317049
817,1,4,2026-01-27,99445,3846,376,2405322,14126048
818,1,1,2026-01-27,79427,1475,52,1670211,4777168
819,1,5,2026-01-27,111668,3804,586,1107838,5759792
820,2,3,2026-01-27,78446,4456,666,3186857,8346416
821,2,6,2026-01-27,20890,863,111,5379939,19872142
822,2,5,2026-01-27,80483,5129,544,6845707,28804355
823,3,6,2026-01-27,106547,7483,1214,3496655,21616260
824,3,5,2026-01-27,65784,4103,177,1705725,10820239
825,3,4,2026-01-27,49222,2295,270,3695479,28061267
826,4,1,2026-01-27,50039,1607,113,2744074,18557077
827,4,2,2026-01-27,84349,5343,338,4032078,28973884
828,5,6,2026-01-27,59262,1632,255,1348910,9262471
829,5,5,2026-01-27,91772,3108,432,6589272,19638590
830,5,4,2026-01-27,26877,1203,42,4269370,24722224
831,6,4,2026-01-27,105269,9442,345,5485016,18822634
832,6,5,2026-01-27,90830,7708,634,2223977,8861167
833,7,4,2026-01-27,74041,5766,141,5866253,27225558
834,7,2,2026-01-27,47624,3801,360,4834748,39205674
835,7,5,2026-01-27,76898,3719,651,6152084,35286664
836,8,5,2026-01-27,88858,5594,389,3212258,17313781
837,8,4,2026-01-27,34770,2620,237,3368412,16751863
838,8,6,2026-01-27,25410,959,19,6661026,50541726
839,8,3,2026-01-27,50073,1828,193,6069432,48752896
840,9,3,2026-01-27,109590,4051,230,360548,2087310
841,9,1,2026-01-27,29716,1363,149,3611420,14443429
842,9,4,2026-01-27,98708,6937,571,3473897,13282634
843,10,4,2026-01-27,72713,5260,871,6121061,40447002
844,10,2,2026-01-27,42313,2692,282,2555042,12717525
845,1,2,2026-01-28,42957,999,92,4098086,16936589
846,1,6,2026-01-28,86625,4495,320,1576320,4410216
847,2,1,2026-01-28,40283,982,88,368820,1437241
848,2,2,2026-01-28,24750,398,21,3825254,16714294
849,2,6,2026-01-28,109787,5750,456,6146312,44551839
850,2,5,2026-01-28,48286,1014,142,1525473,4326592
851,3,1,2026-01-28,28803,847,130,3500903,26150037
852,3,5,2026-01-28,20985,1848,248,3527918,25144713
853,3,4,2026-01-28,63059,2114,378,1970841,10376493
854,4,5,2026-01-28,66974,2959,514,3010050,10389695
855,4,2,2026-01-28,100451,1824,310,4669846,15096907
856,5,6,2026-01-28,52241,4260,673,2126940,17737923
857,5,3,2026-01-28,35928,2244,161,1703920,12381266
858,5,2,2026-01-28,81637,1957,286,374909,3116622
859,6,6,2026-01-28,106029,2301,104,1066731,7057137
860,6,4,2026-01-28,49357,4186,751,5543990,15857552
861,6,2,2026-01-28,51598,3268,432,6939300,21819587
862,6,5,2026-01-28,68942,2237,396,6914936,44033454
863,7,4,2026-01-28,95341,4131,561,2402992,18964360
864,7,2,2026-01-28,68609,4665,510,4852783,32427395
865,7,1,2026-01-28,29874,1717,183,3015231,20788252
866,8,5,2026-01-28,14027,769,70,2509133,14426600
867,8,6,2026-01-28,64517,971,118,3479647,24016337
868,8,2,2026-01-28,7453,458,35,5502592,21640150
869,9,1,2026-01-28,73690,4881,695,1592948,9841607
870,9,5,2026-01-28,47283,2162,154,1107456,6245169
871,9,4,2026-01-28,13739,251,42,1798530,13922342
872,9,6,2026-01-28,31486,725,36,566901,3359496
873,10,6,2026-01-28,11433,485,56,894533,2306568
874,10,4,2026-01-28,32359,2076,349,970726,5152958
875,10,3,2026-01-28,88744,1735,189,3789268,28162442
876,1,1,2026-01-29,10328,723,110,953769,7790023
877,1,5,2026-01-29,73089,1628,221,4759896,22904555
878,1,3,2026-01-29,30312,1650,98,5545606,45390896
879,1,4,2026-01-29,78193,5566,481,1185117,8411605
880,2,3,2026-01-29,26864,1999,215,4533669,20515202
881,2,4,2026-01-29,25732,1416,164,3255508,25767052
882,2,5,2026-01-29,77100,6889,495,3418209,17002375
883,2,1,2026-01-29,88000,4161,566,5403741,21314166
884,3,2,2026-01-29,64297,3122,260,6392757,17311441
885,3,4,2026-01-29,42287,2523,259,2832031,7191696
886,3,3,2026-01-29,34083,1060,74,6772004,50327092
887,3,6,2026-01-29,95402,7314,1221,4588856,26789459
888,4,2,2026-01-29,51616,1378,85,5183476,20729453
889,4,1,2026-01-29,38586,2925,101,3653750,21609701
890,4,5,2026-01-29,33499,2347,318,6951362,37503981
891,4,6,2026-01-29,68999,5307,691,5133788,38077775
892,5,5,2026-01-29,9898,690,77,958316,6881409
893,5,3,2026-01-29,106043,4250,683,3943209,19712615
894,6,2,2026-01-29,6498,406,49,754058,3264091
895,6,5,2026-01-29,10397,404,44,3041662,16772970
896,7,2,2026-01-29,93294,6518,540,4038099,28335507
897,7,1,2026-01-29,80399,4249,235,2730876,19712035
898,8,2,2026-01-29,15819,801,111,4898235,23977584
899,8,3,2026-01-29,16151,725,64,6154162,20199504
900,9,4,2026-01-29,30966,1597,198,1945000,11411326
901,9,5,2026-01-29,101425,5509,323,2533526,18141645
902,10,6,2026-01-29,19749,1291,113,3221818,11736884
903,10,5,2026-01-29,50157,2986,71,2857005,10043891
904,10,1,2026-01-29,50838,3112,555,4009527,25015811
905,1,1,2026-01-30,94831,4081,576,1019863,3237280
906,1,2,2026-01-30,12148,403,48,1538805,11868055
907,1,5,2026-01-30,112496,4114,308,1233467,5341785
908,2,1,2026-01-30,101994,5645,296,4689472,32836296
909,2,3,2026-01-30,76932,3940,538,1485708,9910306
910,2,2,2026-01-30,92590,1516,171,5866079,33206667
911,3,2,2026-01-30,31305,2322,276,745311,3942519
912,3,1,2026-01-30,6092,121,15,5861493,44620601
913,3,3,2026-01-30,91520,3845,143,2753630,21215239
914,4,4,2026-01-30,98020,2202,155,5308891,30204212
915,4,2,2026-01-30,29434,880,153,5003387,40317791
916,4,6,2026-01-30,7816,140,23,2857917,12864678
917,4,3,2026-01-30,56563,4006,91,6040419,27855262
918,5,3,2026-01-30,87023,2987,244,547177,4467601
919,5,2,2026-01-30,41725,1331,99,3595436,23160326
920,5,6,2026-01-30,16507,1151,118,5987433,36970544
921,5,1,2026-01-30,86988,5783,501,5105821,17444011
922,6,5,2026-01-30,76071,1892,235,5174038,29741006
923,6,3,2026-01-30,109871,3315,139,6075825,40895274
924,6,4,2026-01-30,73656,6129,544,6759647,22786191
925,7,2,2026-01-30,74856,6448,251,2964201,22341583
926,7,3,2026-01-30,24073,1673,238,3773220,31193878
927,7,1,2026-01-30,44760,2158,365,5642263,45699510
928,7,5,2026-01-30,40887,1079,54,1403486,5064449
929,8,5,2026-01-30,35432,1145,27,966688,6408027
930,8,3,2026-01-30,67469,1690,262,4232273,28661438
931,8,2,2026-01-30,54015,1555,127,4274916,14214422
932,8,6,2026-01-30,30330,969,82,425948,3429993
933,9,2,2026-01-30,13668,386,66,3984991,30695485
934,9,6,2026-01-30,69217,4609,731,2370172,12005713
935,9,5,2026-01-30,106740,1935,266,3490809,23811525
936,10,5,2026-01-30,73242,1699,158,655810,5093466
937,10,6,2026-01-30,37207,2005,167,6467053,17690686
938,10,1,2026-01-30,55777,2995,362,713520,2596572
939,1,4,2026-01-31,65469,1799,120,757570,5030050
940,1,3,2026-01-31,23643,1176,145,1058672,7236955
941,1,5,2026-01-31,19833,564,64,6139428,35476332
942,2,4,2026-01-31,8265,234,26,6278010,49437881
943,2,3,2026-01-31,64596,1405,100,5740653,45597861
944,2,6,2026-01-31,109397,2986,410,1064967,3391908
945,3,6,2026-01-31,73657,5012,683,4592169,28344865
946,3,3,2026-01-31,25958,1126,91,6744634,23776924
947,3,1,2026-01-31,48934,2809,352,1559043,5414158
948,4,2,2026-01-31,59995,2286,312,4043485,17114791
949,4,1,2026-01-31,28684,683,28,2001643,5046537
950,5,1,2026-01-31,117120,6136,915,5400138,42100650
951,5,4,2026-01-31,36179,1131,141,4106234,20370649
952,5,5,2026-01-31,15407,925,19,4891434,20390811
953,6,5,2026-01-31,24432,467,35,1519488,11583020
954,6,2,2026-01-31,92424,5393,628,3077561,24689142
955,6,1,2026-01-31,11426,264,47,1653377,10800756
956,6,4,2026-01-31,85096,5494,725,5100654,36846336
957,7,4,2026-01-31,52210,4430,154,2810664,12470722
958,7,5,2026-01-31,54668,4183,591,4917686,14209925
959,8,2,2026-01-31,48150,2625,272,6137040,23040325
960,8,1,2026-01-31,12626,292,39,5576254,31637879
961,8,3,2026-01-31,16491,845,110,6911773,58181028
962,9,4,2026-01-31,39034,2123,380,3268336,26351391
963,9,5,2026-01-31,85516,4891,504,5600405,30726323
964,9,3,2026-01-31,110903,3159,371,6244059,26493095
965,10,1,2026-01-31,8143,406,59,6486333,49221010
966,10,6,2026-01-31,109800,6714,579,681616,3069148
967,1,6,2026-02-01,31370,2093,127,869050,3777443
968,1,2,2026-02-01,71412,4016,573,1254931,8301387
969,1,1,2026-02-01,49742,2223,246,544254,4077690
970,1,3,2026-02-01,30430,1210,89,5941112,31931395
971,2,1,2026-02-01,25366,1573,255,4804410,37837474
972,2,2,2026-02-01,65616,4842,417,6529251,18517828
973,2,4,2026-02-01,73298,2745,373,2946629,17181980
974,3,2,2026-02-01,94848,3782,630,6975509,32237825
975,3,5,2026-02-01,24569,885,22,3447747,21579672
976,4,5,2026-02-01,56061,1628,62,6862776,48102852
977,4,6,2026-02-01,97440,7730,1032,2577485,12844168
978,5,2,2026-02-01,113718,9814,535,2836029,10068119
979,5,3,2026-02-01,54049,3992,576,1076819,5559233
980,5,4,2026-02-01,8268,619,102,1592498,5798715
981,6,6,2026-02-01,106650,4218,603,1124193,8355936
982,6,5,2026-02-01,72652,4777,196,6378139,17344170
983,6,3,2026-02-01,55801,3823,395,334476,1460284
984,7,6,2026-02-01,119278,2568,243,687048,2142639
985,7,5,2026-02-01,105424,6791,475,5144923,36276661
986,8,2,2026-02-01,42560,1521,108,4000346,26109235
987,8,3,2026-02-01,40737,1067,68,427982,3530760
988,8,6,2026-02-01,78351,4196,222,3238681,18772023
989,8,1,2026-02-01,40527,1038,137,2676221,15908789
990,9,1,2026-02-01,85381,6994,744,725522,2380034
991,9,3,2026-02-01,66700,5519,154,3517867,9930232
992,10,4,2026-02-01,85781,3574,261,1962178,13298449
993,10,2,2026-02-01,92932,7034,229,6639631,47052207
994,10,6,2026-02-01,79421,1976,296,6160276,32708942
995,1,3,2026-02-02,35368,3043,130,5475285,22165687
996,1,4,2026-02-02,52638,2337,308,5879939,26353696
997,1,5,2026-02-02,117825,9565,885,553873,1601906
998,2,3,2026-02-02,65455,5133,334,3224398,19754730
999,2,4,2026-02-02,21697,1152,97,6291756,45807423
1000,3,5,2026-02-02,74828,3709,424,2301314,14326252
1001,3,1,2026-02-02,76820,2068,200,854150,3881500
1002,3,3,2026-02-02,111681,7488,666,3952011,23329776
1003,4,5,2026-02-02,91849,5990,828,6271924,37287401
1004,4,2,2026-02-02,68783,1621,187,3029469,17663398
1005,4,6,2026-02-02,112744,5455,377,3704044,10807088
1006,5,6,2026-02-02,106101,8115,587,5710560,36895862
1007,5,5,2026-02-02,16866,528,22,5171834,40958525
1008,6,1,2026-02-02,74632,2751,325,4051048,14883549
1009,6,2,2026-02-02,94327,7622,517,6963462,55563034
1010,6,5,2026-02-02,44917,3767,639,6321269,53070098
1011,6,4,2026-02-02,50123,4474,506,5429556,45708879
1012,7,2,2026-02-02,53394,4409,770,307074,2063575
1013,7,3,2026-02-02,112577,9952,373,2667342,20522736
1014,7,1,2026-02-02,35833,1697,194,5544677,24445171
1015,8,4,2026-02-02,76449,2357,112,1466594,5322799
1016,8,6,2026-02-02,55409,4335,336,3800025,13017379
1017,8,5,2026-02-02,119391,7790,323,901849,5763117
1018,9,6,2026-02-02,91235,4356,777,1010208,3357246
1019,9,4,2026-02-02,110636,5110,475,6918011,46159343
1020,10,5,2026-02-02,71770,3359,507,3527220,16337530
1021,10,2,2026-02-02,29352,1375,29,4478843,33953317
1022,10,4,2026-02-02,36031,2464,155,4881574,29084974
1023,1,1,2026-02-03,68342,4638,176,4339390,35888606
1024,1,5,2026-02-03,15494,397,54,6596339,47316983
1025,2,5,2026-02-03,37142,1873,259,5909605,17542612
1026,2,1,2026-02-03,88058,4881,550,5442544,15329717
1027,2,6,2026-02-03,50029,2757,59,4108719,22910129
1028,3,5,2026-02-03,51257,4461,658,2726056,9554959
1029,3,3,2026-02-03,96101,8093,1132,6398280,46132426
1030,3,4,2026-02-03,39136,767,73,1718339,10202053
1031,4,3,2026-02-03,68538,1452,146,6874679,28647425
1032,4,5,2026-02-03,22372,1368,87,2455500,6348002
1033,4,1,2026-02-03,19621,1182,195,6498906,22140561
1034,4,2,2026-02-03,63543,2715,130,6864318,46022844
1035,5,2,2026-02-03,49937,4434,774,5295785,42915194
1036,5,5,2026-02-03,25204,1961,275,3764057,26808392
1037,5,1,2026-02-03,36188,2335,317,1703273,6413062
1038,6,3,2026-02-03,11884,327,27,2828050,15151553
1039,6,1,2026-02-03,103622,8723,500,6033697,40628784
1040,6,6,2026-02-03,67205,2331,244,3946815,10147964
1041,6,5,2026-02-03,109504,5328,684,4748088,31324360
1042,7,1,2026-02-03,88548,3678,570,5421124,43413727
1043,7,5,2026-02-03,117506,4164,263,1124405,4533672
1044,8,4,2026-02-03,93065,5505,281,3130371,20554983
1045,8,6,2026-02-03,28582,1100,23,371103,2779612
1046,8,2,2026-02-03,6567,301,31,6050387,31314704
1047,8,3,2026-02-03,33759,2342,141,585563,1547176
1048,9,1,2026-02-03,91062,7471,408,5328005,33718265
1049,9,5,2026-02-03,97808,8493,287,5372472,17618718
1050,10,6,2026-02-03,96180,2771,186,5840489,47407788
1051,10,5,2026-02-03,88726,4348,779,6753852,34187326
1052,10,2,2026-02-03,92500,6728,482,1658669,11916521
1053,10,1,2026-02-03,41344,3029,246,3090510,26194394
1054,1,3,2026-02-04,14096,731,123,5419583,26316447
1055,1,2,2026-02-04,89604,4650,200,6748384,34332548
1056,1,4,2026-02-04,85473,5406,897,6301212,25544971
1057,2,1,2026-02-04,79887,5557,802,457410,3603967
1058,2,6,2026-02-04,24510,1567,31,617388,4005388
1059,3,2,2026-02-04,80319,1227,163,6767538,36842996
1060,3,3,2026-02-04,62154,2815,384,6888259,20117836
1061,3,4,2026-02-04,34602,527,90,6841687,36893099
1062,4,5,2026-02-04,44692,2013,243,5728053,17436203
1063,4,3,2026-02-04,75074,5930,441,4155734,29350779
1064,4,6,2026-02-04,43005,2734,131,629933,5231642
1065,4,4,2026-02-04,91603,2686,352,1195635,7513014
1066,5,4,2026-02-04,101380,2961,76,512773,3496308
1067,5,1,2026-02-04,82718,2720,223,6949978,39915894
1068,5,6,2026-02-04,45334,2378,414,4069062,33770955
1069,6,1,2026-02-04,12347,497,67,3701646,11879036
1070,6,3,2026-02-04,110788,7094,735,5988129,46235542
1071,7,2,2026-02-04,9833,689,67,459912,2450097
1072,7,5,2026-02-04,86051,1586,209,1395029,3607811
1073,7,6,2026-02-04,87924,1648,113,6958013,21456796
1074,7,1,2026-02-04,85114,2366,271,1191970,3796517
1075,8,5,2026-02-04,60864,2452,376,6490192,42643073
1076,8,2,2026-02-04,47498,1142,147,4879213,16218388
1077,8,1,2026-02-04,114632,10013,541,682407,4134370
1078,8,4,2026-02-04,48975,966,61,6654790,33213564
1079,9,3,2026-02-04,36934,3118,82,1138591,8250587
1080,9,5,2026-02-04,87863,5353,773,431116,3353117
1081,9,2,2026-02-04,15580,241,11,1047770,7062438
1082,9,4,2026-02-04,82821,6751,584,6945796,49560867
1083,10,2,2026-02-04,40513,2197,188,1764222,10873302
1084,10,6,2026-02-04,9931,593,79,5434245,44570527
1085,10,5,2026-02-04,87207,6713,457,3813030,9637129
1086,10,3,2026-02-04,35885,1054,187,1102654,6851368
1087,1,5,2026-02-05,91419,2798,79,1245220,9064800
1088,1,2,2026-02-05,94816,7422,1230,4473456,15916301
1089,1,4,2026-02-05,92836,7816,223,3355072,14126151
1090,1,3,2026-02-05,61973,2098,249,6661987,34768149
1091,2,6,2026-02-05,75432,2126,309,4368989,24420124
1092,2,1,2026-02-05,14287,1173,158,5271983,31518922
1093,3,2,2026-02-05,107101,2491,140,2289092,15855366
1094,3,3,2026-02-05,119017,3570,580,916811,4882881
1095,3,6,2026-02-05,68492,1306,117,2113324,17048866
1096,4,2,2026-02-05,22878,1128,57,3308072,27633434
1097,4,4,2026-02-05,31504,1266,31,5070314,14490502
1098,4,3,2026-02-05,22891,534,50,3808315,13432718
1099,5,2,2026-02-05,108487,8092,1395,1725522,10299172
1100,5,3,2026-02-05,77450,6128,207,4676913,25420333
1101,5,6,2026-02-05,33369,1981,304,2641855,6834540
1102,6,6,2026-02-05,47899,2278,126,5264140,43047579
1103,6,2,2026-02-05,80196,6605,573,670979,1838718
1104,6,5,2026-02-05,66689,4668,469,3871010,22013390
1105,7,6,2026-02-05,69918,2309,252,404211,2691624
1106,7,1,2026-02-05,58296,5027,207,2781269,10942553
1107,7,4,2026-02-05,16892,273,34,1657300,11136769
1108,8,6,2026-02-05,65786,4794,766,3700409,13357271
1109,8,5,2026-02-05,119236,5101,480,5613363,14079335
1110,8,1,2026-02-05,87222,1770,288,3092619,17583153
1111,8,2,2026-02-05,43874,2059,130,5438032,31293756
1112,9,6,2026-02-05,86324,6997,963,759793,4246041
1113,9,1,2026-02-05,93428,3951,111,3512459,16485884
1114,10,1,2026-02-05,89957,5119,157,6250351,44636588
1115,10,3,2026-02-05,23141,2050,119,1252590,8009349
1116,10,5,2026-02-05,101649,8684,979,6195879,23288846
1117,10,6,2026-02-05,102650,7397,527,2542760,14039584
1118,1,3,2026-02-06,53865,2202,215,4718133,35279174
1119,1,1,2026-02-06,66625,4546,584,4769915,37666622
1120,1,5,2026-02-06,64241,3955,585,6115176,44963514
1121,2,2,2026-02-06,16443,345,56,2719045,22430867
1122,2,4,2026-02-06,15085,350,22,6147548,20826197
1123,3,2,2026-02-06,87218,1456,126,6024414,34632005
1124,3,5,2026-02-06,22305,1127,98,6488353,41318523
1125,4,2,2026-02-06,119267,8962,1376,4658892,29667974
1126,4,1,2026-02-06,58961,3443,430,6900361,30760694
1127,4,5,2026-02-06,82772,5375,563,4900889,25345132
1128,5,5,2026-02-06,27509,2041,114,3419742,28467109
1129,5,2,2026-02-06,105892,8303,363,2685569,14060455
1130,5,3,2026-02-06,26805,1645,75,4790561,20175349
1131,6,6,2026-02-06,26135,858,22,2956050,17580075
1132,6,2,2026-02-06,62788,2168,107,5018484,33838665
1133,7,3,2026-02-06,63776,3538,162,2829666,9136822
1134,7,6,2026-02-06,8266,374,37,1519568,12440299
1135,7,2,2026-02-06,46971,1254,219,4881401,40777301
1136,7,4,2026-02-06,48421,3076,206,2731246,22717502
1137,8,6,2026-02-06,95327,2232,215,636223,2122783
1138,8,2,2026-02-06,77215,1835,43,5480149,41349157
1139,8,4,2026-02-06,63454,2652,191,5401542,34288318
1140,8,5,2026-02-06,81471,4438,643,6734860,28067953
1141,9,1,2026-02-06,116339,5631,717,1032970,8630502
1142,9,5,2026-02-06,56697,1677,118,5375760,29939408
1143,10,6,2026-02-06,57108,1490,233,3400680,16379972
1144,10,3,2026-02-06,6597,239,18,4037762,31275738
1145,1,2,2026-02-07,102193,9140,1358,2721237,9477366
1146,1,4,2026-02-07,100420,8814,773,3774509,12597069
1147,2,5,2026-02-07,44745,2263,359,3113679,9019377
1148,2,1,2026-02-07,82421,5910,201,3734804,23651901
1149,2,2,2026-02-07,40825,1881,204,6257983,36969021
1150,2,6,2026-02-07,22947,687,105,2728193,15886817
1151,3,3,2026-02-07,44834,2333,322,2183412,5810146
1152,3,5,2026-02-07,5320,141,9,5673366,42581212
1153,4,1,2026-02-07,28510,1479,192,2353114,6284356
1154,4,3,2026-02-07,105233,3766,674,859728,5238621
1155,4,4,2026-02-07,52416,3070,339,2463518,15441272
1156,5,6,2026-02-07,72177,5050,115,2477155,8613274
1157,5,1,2026-02-07,12669,328,30,6115679,20261148
1158,5,3,2026-02-07,26405,500,38,5637227,44943512
1159,6,1,2026-02-07,74417,4682,151,1925836,13670844
1160,6,3,2026-02-07,29018,2099,243,1702037,9807603
1161,6,5,2026-02-07,119352,4620,717,2825577,11666111
1162,7,6,2026-02-07,81027,3352,144,1448815,8126438
1163,7,3,2026-02-07,53891,3956,339,1667587,5193711
1164,7,1,2026-02-07,25257,1332,203,6969838,54938635
1165,7,5,2026-02-07,85403,5698,982,4763541,32274337
1166,8,1,2026-02-07,20278,1549,259,4322490,19837028
1167,8,4,2026-02-07,95577,4032,607,5313440,29961035
1168,8,5,2026-02-07,49832,1391,95,6544984,48350707
1169,8,6,2026-02-07,34144,841,110,6071757,23433621
1170,9,2,2026-02-07,15302,717,101,1237193,3670023
1171,9,6,2026-02-07,106540,5467,486,1947111,6127371
1172,10,5,2026-02-07,20587,1711,46,2830388,18413141
1173,10,6,2026-02-07,103900,2310,91,5348196,19961644
1174,10,1,2026-02-07,31217,900,68,1061512,3580842
1175,10,2,2026-02-07,102805,8804,1512,3217864,14844713
1176,1,6,2026-02-08,79741,1604,242,6702555,17318771
1177,1,5,2026-02-08,33442,2296,400,1740940,13770768
1178,1,2,2026-02-08,75402,1155,157,2095291,16810232
1179,1,3,2026-02-08,116581,7937,624,5244082,18935093
1180,2,1,2026-02-08,60586,1882,106,1246616,8811651
1181,2,2,2026-02-08,46193,1121,42,1440115,7884480
1182,2,3,2026-02-08,52349,3552,387,640649,1917774
1183,2,5,2026-02-08,69711,1650,107,5336432,36912348
1184,3,4,2026-02-08,117114,5515,866,4290266,34899134
1185,3,2,2026-02-08,53161,1512,271,4424245,28901702
1186,3,6,2026-02-08,56952,2725,341,1013081,3257366
1187,3,5,2026-02-08,56748,2556,292,1153307,8013860
1188,4,1,2026-02-08,31094,1256,144,3691422,11947556
1189,4,3,2026-02-08,114852,5381,537,6715750,45539251
1190,5,5,2026-02-08,67367,4378,753,4364556,24303973
1191,5,3,2026-02-08,24316,1765,65,2402938,13062487
1192,5,4,2026-02-08,35254,2190,90,1135533,7865598
1193,5,2,2026-02-08,113830,2289,294,1802363,8643768
1194,6,3,2026-02-08,86688,1926,62,6604959,37117845
1195,6,2,2026-02-08,69512,5175,270,5854040,32123425
1196,6,6,2026-02-08,71164,2464,184,4834285,27940814
1197,6,4,2026-02-08,105134,1826,162,1299369,6239283
1198,7,4,2026-02-08,9716,169,18,6837934,29528027
1199,7,6,2026-02-08,97544,2664,236,2921101,19846950
1200,7,5,2026-02-08,68891,4980,552,4415062,28523382
1201,8,5,2026-02-08,78695,6222,628,3583173,14620585
1202,8,6,2026-02-08,82469,7242,859,3259196,23136460
1203,8,4,2026-02-08,42281,1650,40,678481,2218082
1204,8,2,2026-02-08,53026,2182,302,525652,3727484
1205,9,3,2026-02-08,50238,4491,385,773530,5002758
1206,9,4,2026-02-08,37455,1220,85,1012542,8062197
1207,9,1,2026-02-08,13585,1089,41,1724211,4514453
1208,9,2,2026-02-08,47744,850,106,3843960,22711255
1209,10,3,2026-02-08,82068,1367,96,5084472,24618020
1210,10,1,2026-02-08,80043,1787,175,6095386,39928848
1211,10,4,2026-02-08,49035,2562,383,5898452,26762671
1212,1,3,2026-02-09,70136,4394,772,931839,7028193
1213,1,6,2026-02-09,75232,2336,145,2794103,23686634
1214,1,4,2026-02-09,57694,4346,521,1071398,7292193
1215,1,1,2026-02-09,80784,1785,131,864299,5098127
1216,2,4,2026-02-09,109287,2267,344,4533223,33204771
1217,2,6,2026-02-09,61742,3998,280,3775519,18552166
1218,2,2,2026-02-09,86915,4663,594,4893287,17535608
1219,2,5,2026-02-09,7438,461,47,1864802,11116196
1220,3,6,2026-02-09,40118,3421,360,5454147,41542317
1221,3,4,2026-02-09,61849,5263,717,802323,4519980
1222,4,4,2026-02-09,24722,1754,249,3952305,19609604
1223,4,2,2026-02-09,117746,9097,275,2007568,15208937
1224,4,5,2026-02-09,39987,3070,378,2451230,16229911
1225,5,4,2026-02-09,19884,521,12,6986096,52139839
1226,5,2,2026-02-09,65838,3384,604,3840153,24506060
1227,6,2,2026-02-09,40744,1028,63,2630120,16969598
1228,6,6,2026-02-09,28066,1777,47,6360551,34442713
1229,7,1,2026-02-09,46144,2774,440,3714220,29270428
1230,7,6,2026-02-09,93037,5982,206,6375318,48175100
1231,8,1,2026-02-09,101269,5318,209,5871857,43885610
1232,8,5,2026-02-09,106595,9046,545,1057061,4152623
1233,9,3,2026-02-09,114095,6711,552,6577818,45806305
1234,9,6,2026-02-09,60426,1894,70,2096073,17438364
1235,10,4,2026-02-09,69272,3810,502,1247588,5488064
1236,10,3,2026-02-09,60545,3064,182,2629799,20450898
1237,10,1,2026-02-09,23993,1013,136,2885129,7577633
1238,1,1,2026-02-10,77447,3396,415,6177199,28891566
1239,1,6,2026-02-10,111463,7400,781,2282915,17454900
1240,1,2,2026-02-10,55917,871,151,2443571,10520376
1241,1,4,2026-02-10,112833,8095,547,1644083,13145010
1242,2,3,2026-02-10,118566,2490,360,4424610,23567896
1243,2,4,2026-02-10,59127,4995,365,3843062,29824341
1244,2,1,2026-02-10,112510,2534,115,2489175,13785068
1245,2,2,2026-02-10,51118,2380,325,4894673,33903995
1246,3,6,2026-02-10,89066,5621,679,6935550,44017111
1247,3,1,2026-02-10,5403,243,29,2931689,17457786
1248,3,5,2026-02-10,19526,524,53,6739157,50434019
1249,4,5,2026-02-10,108893,9305,858,6467070,21348178
1250,4,4,2026-02-10,27738,1846,281,2663887,9835023
1251,5,3,2026-02-10,119870,5190,796,5084782,19560763
1252,5,2,2026-02-10,8010,674,83,5556531,21516240
1253,5,4,2026-02-10,16662,1467,75,6182604,47055707
1254,6,4,2026-02-10,61217,3674,161,3386337,11922402
1255,6,5,2026-02-10,79349,1888,254,3950376,28206300
1256,7,6,2026-02-10,34423,2358,119,6860914,28110654
1257,7,4,2026-02-10,102837,5353,218,2033136,12403139
1258,7,1,2026-02-10,113014,4093,525,3809214,13645439
1259,8,1,2026-02-10,39314,1284,118,2383042,11242778
1260,8,3,2026-02-10,94688,6016,202,4233264,13966509
1261,9,6,2026-02-10,98498,4310,378,5309642,21436902
1262,9,4,2026-02-10,17488,992,28,2269992,12089057
1263,9,2,2026-02-10,51439,4616,786,5318334,35938087
1264,10,1,2026-02-10,71131,4372,299,3610956,23570775
1265,10,3,2026-02-10,22332,1956,214,5169477,18487255
1266,1,5,2026-02-11,49456,3998,164,2961851,20026654
1267,1,4,2026-02-11,61744,1582,61,670459,5612479
1268,2,3,2026-02-11,42083,3480,216,6688461,53911010
1269,2,6,2026-02-11,72760,2799,455,2946965,20396579
1270,2,4,2026-02-11,69392,5015,221,5814834,36749245
1271,3,1,2026-02-11,12152,391,10,2482916,8643849
1272,3,2,2026-02-11,66228,3161,566,4451612,12218563
1273,3,5,2026-02-11,51729,4612,506,4139966,22595650
1274,4,2,2026-02-11,31703,2539,124,1711760,11981669
1275,4,1,2026-02-11,112816,4000,650,5213018,19675894
1276,4,3,2026-02-11,5540,301,33,3793175,30430667
1277,4,5,2026-02-11,37264,2706,347,3056981,8118647
1278,5,6,2026-02-11,82376,6976,257,3014036,10315998
1279,5,1,2026-02-11,15625,773,102,4325316,22596891
1280,5,4,2026-02-11,40300,2400,50,667815,4298749
1281,5,2,2026-02-11,64388,2534,347,6459918,51299954
1282,6,2,2026-02-11,42087,1651,47,893276,5165759
1283,6,6,2026-02-11,83943,3660,306,1793262,7066314
1284,6,1,2026-02-11,106040,8474,290,2046698,7117687
1285,6,3,2026-02-11,107169,4841,598,5786689,19818298
1286,7,4,2026-02-11,94779,5711,442,1106241,8288308
1287,7,6,2026-02-11,72194,2165,197,3555530,19052798
1288,7,3,2026-02-11,78801,4730,162,3844491,28318390
1289,8,2,2026-02-11,10300,551,96,5974390,22973807
1290,8,4,2026-02-11,94946,6505,1098,4723134,29648800
1291,8,5,2026-02-11,73770,1571,149,964236,7659164
1292,8,1,2026-02-11,67601,2537,450,6040441,47824718
1293,9,5,2026-02-11,43729,2520,272,678283,3785149
1294,9,4,2026-02-11,71932,3371,118,5843655,39864596
1295,10,3,2026-02-11,105748,5579,213,5849721,30870578
1296,10,6,2026-02-11,108045,3097,256,998691,4990967
1297,10,1,2026-02-11,97324,3632,413,4116801,28999263
1298,1,5,2026-02-12,119208,9030,485,956161,6676084
1299,1,3,2026-02-12,84174,2899,370,3938969,22476765
1300,1,6,2026-02-12,5766,257,5,5801257,31110512
1301,2,4,2026-02-12,86067,6539,776,6093695,39869942
1302,2,5,2026-02-12,95478,6266,932,1035136,3364747
1303,2,6,2026-02-12,6818,199,29,6138743,51093508
1304,2,2,2026-02-12,117592,2000,193,1517641,9710533
1305,3,6,2026-02-12,16284,611,57,4276108,21514276
1306,3,5,2026-02-12,20264,556,24,6193820,32031932
1307,3,2,2026-02-12,68576,3453,544,5209233,20606568
1308,4,5,2026-02-12,48758,760,91,6281856,31979218
1309,4,4,2026-02-12,59484,4678,645,5298264,36486342
1310,4,1,2026-02-12,43112,766,64,4606339,27851011
1311,5,6,2026-02-12,12956,707,61,2949543,17164966
1312,5,4,2026-02-12,40107,3287,285,4270646,13673090
1313,5,2,2026-02-12,86618,7399,558,6151175,31477900
1314,5,3,2026-02-12,26146,956,48,3184400,16331718
1315,6,2,2026-02-12,116863,9136,1143,1400237,10920504
1316,6,5,2026-02-12,99764,6819,1183,5946433,38146374
1317,6,3,2026-02-12,52219,3900,577,1659170,10338378
1318,6,4,2026-02-12,42022,2807,94,4350772,14246948
1319,7,2,2026-02-12,69511,1568,135,4441666,19196486
1320,7,5,2026-02-12,32450,1841,331,3309721,25767623
1321,8,6,2026-02-12,113520,9020,907,834065,3775318
1322,8,2,2026-02-12,19938,1222,48,2179850,11810845
1323,8,5,2026-02-12,49606,3664,524,6760024,52500251
1324,9,2,2026-02-12,97589,1832,314,4134731,34218548
1325,9,5,2026-02-12,104059,2426,89,5421853,33387418
1326,9,1,2026-02-12,117510,10112,1534,652065,3614940
1327,10,6,2026-02-12,119146,3622,282,6409836,27259352
1328,10,1,2026-02-12,62870,4535,452,1132940,3881196
1329,1,3,2026-02-13,116227,3503,613,6752679,48039902
1330,1,2,2026-02-13,37154,2883,276,2705502,14961795
1331,1,1,2026-02-13,16171,565,75,3781344,17635660
1332,2,2,2026-02-13,23087,1734,149,3733535,29451585
1333,2,6,2026-02-13,116724,6269,809,549669,2833803
1334,2,4,2026-02-13,105945,1668,248,883689,2658727
1335,2,1,2026-02-13,46262,2087,299,3941262,11306731
1336,3,6,2026-02-13,80308,1552,187,6284177,45839455
1337,3,2,2026-02-13,119794,6466,435,3672244,28697474
1338,4,5,2026-02-13,6035,464,76,5420415,43486382
1339,4,3,2026-02-13,96789,4384,539,4866970,30399864
1340,4,6,2026-02-13,86027,5497,723,6856226,43828712
1341,4,2,2026-02-13,106633,3177,216,610128,3492739
1342,5,6,2026-02-13,33014,725,78,4673282,21236577
1343,5,2,2026-02-13,88320,2384,58,6982354,40075890
1344,5,3,2026-02-13,38907,1287,185,6394401,32205242
1345,6,1,2026-02-13,87180,4625,184,6646484,42575877
1346,6,6,2026-02-13,21351,1038,115,343733,1793902
1347,6,3,2026-02-13,35945,2710,483,5044573,34241969
1348,6,2,2026-02-13,87279,5665,878,2261574,10407815
1349,7,6,2026-02-13,98631,4273,589,1182707,5283248
1350,7,5,2026-02-13,81332,2394,346,4111025,12694545
1351,7,2,2026-02-13,98276,4611,396,1073837,3085307
1352,8,4,2026-02-13,63479,1323,169,3678542,22179536
1353,8,2,2026-02-13,73019,5360,855,5201495,28571623
1354,9,4,2026-02-13,112978,3074,310,4366498,29547670
1355,9,6,2026-02-13,21958,1923,196,4738757,15203586
1356,9,5,2026-02-13,32871,1615,40,1615666,13190971
1357,10,1,2026-02-13,19461,468,52,637911,3595690
1358,10,5,2026-02-13,20432,875,156,2843929,12126194
1359,10,4,2026-02-13,8667,644,27,5246126,26390856
1360,1,3,2026-02-14,112364,7918,161,4893075,22468480
1361,1,2,2026-02-14,119088,2185,211,2897967,17082309
1362,1,5,2026-02-14,49279,3626,348,6340078,47563904
1363,2,2,2026-02-14,88422,4383,403,4067111,13803349
1364,2,5,2026-02-14,100402,3954,585,5874249,36664341
1365,3,2,2026-02-14,75909,1399,178,4016960,27779193
1366,3,4,2026-02-14,89661,1940,90,508071,3013861
1367,3,3,2026-02-14,109354,7968,553,5711991,18522214
1368,4,1,2026-02-14,73387,2143,206,456565,1470915
1369,4,2,2026-02-14,74711,2127,48,6899796,25769565
1370,4,6,2026-02-14,113749,7725,1251,4026466,12111157
1371,4,3,2026-02-14,74932,4534,382,677350,3690770
1372,5,3,2026-02-14,28659,1321,208,2962396,14195996
1373,5,4,2026-02-14,16930,399,14,1710594,7205210
1374,6,3,2026-02-14,25214,958,81,1719277,4905926
1375,6,1,2026-02-14,47636,1362,182,2800009,13551030
1376,7,2,2026-02-14,38807,1675,255,1314738,3696081
1377,7,4,2026-02-14,36407,2599,295,4435411,24624193
1378,7,3,2026-02-14,71115,3120,119,808617,3566016
1379,8,4,2026-02-14,58411,3651,606,456219,1877322
1380,8,1,2026-02-14,81830,5370,319,4953223,31746719
1381,8,6,2026-02-14,21458,812,69,1003874,7607022
1382,8,5,2026-02-14,70592,2136,373,3431511,19705927
1383,9,2,2026-02-14,60542,5273,573,650577,1630350
1384,9,5,2026-02-14,65902,5738,684,5778254,48147248
1385,10,1,2026-02-14,40822,2442,376,3488958,29640272
1386,10,4,2026-02-14,115420,7203,818,4580945,19184391
1387,1,6,2026-02-15,78804,1595,54,6158849,19941501
1388,1,5,2026-02-15,23304,1616,290,3923563,14772611
1389,2,3,2026-02-15,64338,2282,287,2998097,13640678
1390,2,6,2026-02-15,65266,5673,411,6103617,20156306
1391,2,5,2026-02-15,5268,319,6,380351,2486064
1392,2,4,2026-02-15,59154,3353,440,4401833,31142050
1393,3,1,2026-02-15,63350,4144,316,3457274,25807862
1394,3,6,2026-02-15,51919,2284,352,6147112,51652786
1395,3,5,2026-02-15,21353,1061,180,4029387,10299837
1396,3,3,2026-02-15,102405,1688,109,6249182,29039487
1397,4,5,2026-02-15,110960,7638,439,4442367,36888433
1398,4,3,2026-02-15,9822,354,58,6230477,38231214
1399,5,2,2026-02-15,19541,1568,174,4444067,15655837
1400,5,4,2026-02-15,30397,1960,216,6024248,36855357
1401,6,1,2026-02-15,21809,1547,62,5080695,38780303
1402,6,5,2026-02-15,73561,5124,327,5987297,15798710
1403,7,6,2026-02-15,78415,6369,129,3882895,24640066
1404,7,5,2026-02-15,90200,1703,289,3928477,29723050
1405,7,3,2026-02-15,58330,2073,267,4214013,23065182
1406,7,4,2026-02-15,72797,5236,845,2183646,6074439
1407,8,5,2026-02-15,5676,251,18,5096770,37441063
1408,8,4,2026-02-15,101658,3245,422,924451,7397430
1409,8,3,2026-02-15,30805,842,58,5551224,34704965
1410,9,4,2026-02-15,110913,1863,274,3104332,23416117
1411,9,6,2026-02-15,37394,863,50,3158854,23675942
1412,10,5,2026-02-15,106679,6400,577,1102544,6893207
1413,10,2,2026-02-15,80882,1970,346,579707,2761939
1414,10,1,2026-02-15,116108,7779,1129,820112,6572947
1415,1,1,2026-02-16,13623,308,8,737911,3150511
1416,1,3,2026-02-16,54998,2481,294,3748623,14614651
1417,1,4,2026-02-16,83587,6190,741,4103489,19711192
1418,2,5,2026-02-16,49514,3159,404,517869,2705586
1419,2,6,2026-02-16,48017,2837,105,403084,2447143
1420,2,1,2026-02-16,13853,823,127,5108451,16632553
1421,3,3,2026-02-16,99977,6154,306,1454882,10594674
1422,3,6,2026-02-16,12928,317,35,4604410,38025281
1423,3,4,2026-02-16,103877,4345,492,4839442,34616402
1424,3,2,2026-02-16,24321,1221,142,2741621,12921204
1425,4,5,2026-02-16,91203,6007,175,4553929,33767851
1426,4,6,2026-02-16,78328,6219,544,1939193,16209839
1427,5,2,2026-02-16,92537,4689,612,4220855,25741195
1428,5,1,2026-02-16,48403,3819,422,3115724,19306953
1429,5,3,2026-02-16,59879,2373,87,6920217,55107474
1430,5,5,2026-02-16,70002,2201,45,2170870,14456525
1431,6,5,2026-02-16,68012,4767,821,3080950,22625350
1432,6,2,2026-02-16,54271,1649,81,356416,1666923
1433,6,6,2026-02-16,14664,613,66,1494554,6342076
1434,7,6,2026-02-16,105339,4423,778,1970363,7264629
1435,7,5,2026-02-16,27825,874,54,1762004,7997568
1436,8,2,2026-02-16,28078,2196,363,476108,3565417
1437,8,6,2026-02-16,22988,998,145,1230875,5576232
1438,8,5,2026-02-16,32556,1233,72,3423500,22134475
1439,8,1,2026-02-16,74065,6538,1174,3938290,30601801
1440,9,1,2026-02-16,22143,1652,83,3472534,23148340
1441,9,2,2026-02-16,46674,2798,493,2351431,18872776
1442,10,5,2026-02-16,47949,1608,194,2649425,20498889
1443,10,2,2026-02-16,116608,6194,702,4401950,16531195
1444,10,3,2026-02-16,15670,1157,169,5458041,15769580
1445,10,1,2026-02-16,71665,3161,509,6600987,36668160
1446,1,5,2026-02-17,47182,3228,335,4354189,29581921
1447,1,4,2026-02-17,69853,3529,398,5652817,45375791
1448,1,2,2026-02-17,81543,5196,276,2002891,10440030
1449,2,4,2026-02-17,45107,2114,169,1618767,13133046
1450,2,2,2026-02-17,54034,1842,61,6605068,19842739
1451,3,5,2026-02-17,81541,1474,150,3121709,15785277
1452,3,3,2026-02-17,66282,3144,247,4473693,19693744
1453,3,2,2026-02-17,55118,928,84,2528222,16110157
1454,4,1,2026-02-17,108005,3859,217,1294787,3791255
1455,4,3,2026-02-17,10017,560,41,5963210,26688034
1456,4,6,2026-02-17,44677,3167,452,2602375,9482676
1457,5,2,2026-02-17,105935,3968,601,6869355,58259370
1458,5,5,2026-02-17,58183,4459,629,399746,2131455
1459,5,3,2026-02-17,72193,6439,1109,3634516,14049116
1460,5,1,2026-02-17,99809,7104,681,4627056,27864232
1461,6,4,2026-02-17,46035,3610,319,6154755,30811486
1462,6,6,2026-02-17,62498,3046,333,3443212,11478640
1463,6,3,2026-02-17,119524,2943,503,381211,2096203
1464,6,1,2026-02-17,91356,7086,526,3816062,19287583
1465,7,6,2026-02-17,47739,2817,312,570188,4580243
1466,7,5,2026-02-17,25144,2220,397,5066330,31811667
1467,7,3,2026-02-17,84036,7019,784,3578988,29995615
1468,8,4,2026-02-17,75056,3301,316,3058521,18097544
1469,8,1,2026-02-17,64183,4038,277,1738005,5432793
1470,9,2,2026-02-17,29470,881,146,3537114,14866156
1471,9,1,2026-02-17,35544,1309,136,4113995,11703160
1472,9,4,2026-02-17,72964,1154,83,3746553,18158162
1473,9,5,2026-02-17,19515,481,41,6533933,19030589
1474,10,2,2026-02-17,45600,2162,288,4282743,14786973
1475,10,6,2026-02-17,80378,6867,782,4515065,30705296
1476,1,3,2026-02-18,23702,1147,174,5373837,39472955
1477,1,2,2026-02-18,73925,2932,325,4418459,23246517
1478,1,1,2026-02-18,80514,1443,49,5721550,44547784
1479,2,3,2026-02-18,85350,6551,1021,3781714,15107224
1480,2,6,2026-02-18,85967,6017,561,5828764,20987431
1481,2,4,2026-02-18,79529,1762,232,666284,2623940
1482,3,3,2026-02-18,43258,2811,86,6394640,43703887
1483,3,5,2026-02-18,33476,2783,238,6690951,38920883
1484,4,1,2026-02-18,58752,2868,173,4545177,12580190
1485,4,6,2026-02-18,8501,174,22,6589242,34734687
1486,4,3,2026-02-18,50043,3550,557,3627545,9891038
1487,5,1,2026-02-18,92856,6606,644,872414,2613134
1488,5,2,2026-02-18,91117,3022,519,1476550,7862224
1489,5,3,2026-02-18,41587,3248,153,451549,2773382
1490,6,3,2026-02-18,75078,5301,248,5932045,42007980
1491,6,1,2026-02-18,93785,3328,301,1792670,6812208
1492,7,6,2026-02-18,33333,1605,44,5625007,41451075
1493,7,5,2026-02-18,89018,5758,723,1162292,5629805
1494,8,4,2026-02-18,11378,829,118,2394633,11369401
1495,8,1,2026-02-18,36265,1087,24,534412,4508162
1496,8,5,2026-02-18,49186,3764,484,829920,3173122
1497,9,6,2026-02-18,99897,2750,237,1203317,8897020
1498,9,2,2026-02-18,47294,2703,136,2037442,16515431
1499,10,4,2026-02-18,33020,757,54,425783,2091802
1500,10,1,2026-02-18,46450,738,39,2146300,6215894
1501,10,2,2026-02-18,111834,4013,480,668586,1941565
1502,1,4,2026-02-19,105603,6327,1121,1154074,7819066
1503,1,3,2026-02-19,108712,9706,1514,1738303,6973447
1504,2,5,2026-02-19,87689,5894,757,6771025,45110765
1505,2,3,2026-02-19,48522,1365,193,6068217,26747498
1506,3,4,2026-02-19,84761,7069,649,4586797,29096584
1507,3,1,2026-02-19,35464,1870,248,411498,1603046
1508,3,3,2026-02-19,85786,6169,245,2283036,15815685
1509,3,5,2026-02-19,104253,3468,113,1453899,6901864
1510,4,2,2026-02-19,31789,2007,116,6384328,38870669
1511,4,6,2026-02-19,63160,4449,322,2633093,11599385
1512,4,4,2026-02-19,108149,7790,805,3780378,24150107
1513,5,1,2026-02-19,49922,1655,175,5878474,49557050
1514,5,2,2026-02-19,110047,7323,989,5400803,41781879
1515,5,3,2026-02-19,73350,2869,260,350689,1012685
1516,6,1,2026-02-19,88147,7880,1340,1353282,4128263
1517,6,2,2026-02-19,82677,4643,683,2014407,7892166
1518,6,6,2026-02-19,15245,716,67,1677063,11454411
1519,7,4,2026-02-19,84410,2842,186,4060371,33726882
1520,7,2,2026-02-19,31398,1111,161,971222,7969924
1521,8,4,2026-02-19,66697,3208,323,6465023,32975386
1522,8,6,2026-02-19,25431,1944,285,466187,3296676
1523,8,2,2026-02-19,61019,4823,682,2818524,17111541
1524,9,5,2026-02-19,38723,1685,116,2675869,12712736
1525,9,2,2026-02-19,84432,4311,316,6296708,33470471
1526,10,2,2026-02-19,6682,532,72,3439502,18740891
1527,10,1,2026-02-19,59502,5088,891,3430166,16479287
1528,1,6,2026-02-20,58580,4766,852,1344193,6464165
1529,1,5,2026-02-20,79135,2150,305,2441262,17400393
1530,1,1,2026-02-20,103510,7159,726,4398857,27756253
1531,2,6,2026-02-20,60579,4251,249,589470,4732743
1532,2,1,2026-02-20,52371,3263,418,6150814,39943717
1533,2,4,2026-02-20,24383,843,78,6013199,20349894
1534,3,5,2026-02-20,91848,7174,157,6767383,20666469
1535,3,6,2026-02-20,98272,8231,688,5217070,43535789
1536,4,5,2026-02-20,119819,5598,855,2421237,16103697
1537,4,2,2026-02-20,70620,6184,775,3511063,21124235
1538,5,4,2026-02-20,80053,5864,440,1497167,6159536
1539,5,1,2026-02-20,32462,2751,230,2884533,7322450
1540,5,5,2026-02-20,27072,2063,41,885872,6327306
1541,5,3,2026-02-20,59767,3249,405,6449203,32798695
1542,6,3,2026-02-20,97280,2439,238,4516229,36991979
1543,6,2,2026-02-20,64069,3686,199,1985614,5666728
1544,7,2,2026-02-20,119244,5444,654,5538026,17473428
1545,7,3,2026-02-20,88418,2427,162,3468616,11266375
1546,8,3,2026-02-20,81761,2666,260,6679818,20739865
1547,8,1,2026-02-20,13002,454,78,5881127,35255431
1548,9,1,2026-02-20,73463,5464,437,4662697,39266348
1549,9,2,2026-02-20,104793,3661,357,6649435,30069940
1550,10,3,2026-02-20,46317,3532,602,5879081,28753574
1551,10,6,2026-02-20,85059,1641,126,3070381,22529292
1552,10,5,2026-02-20,5404,266,35,6383587,47956869
1553,1,1,2026-02-21,21108,1692,109,6165856,43214255
1554,1,5,2026-02-21,37576,1601,190,5827053,44979712
1555,2,4,2026-02-21,111511,4367,530,683814,5687681
1556,2,2,2026-02-21,101444,3998,364,5389897,29144341
1557,2,1,2026-02-21,101889,6209,205,3889621,31640155
1558,2,3,2026-02-21,67406,6000,942,1142683,7890987
1559,3,5,2026-02-21,119014,6427,716,6311827,34890641
1560,3,2,2026-02-21,21759,1138,38,5946054,50409625
1561,3,6,2026-02-21,119659,5984,977,1270382,6851184
1562,4,2,2026-02-21,103730,8901,1174,1184743,6053279
1563,4,6,2026-02-21,98816,1698,286,3038887,24055498
1564,4,5,2026-02-21,105441,3798,512,5886248,31537421
1565,4,1,2026-02-21,92897,2251,93,4784074,30145833
1566,5,1,2026-02-21,80493,5833,677,5702150,25998124
1567,5,3,2026-02-21,99036,7004,952,5785475,36752884
1568,5,2,2026-02-21,78649,6879,618,2257628,8672237
1569,6,3,2026-02-21,19599,425,58,1878370,13087930
1570,6,1,2026-02-21,20218,1171,47,2928757,24087303
1571,7,6,2026-02-21,82340,4542,706,3854240,17027484
1572,7,1,2026-02-21,52844,3953,669,1359542,7638598
1573,7,3,2026-02-21,83855,4973,184,377078,2160565
1574,7,5,2026-02-21,65372,2529,380,2789936,20989525
1575,8,6,2026-02-21,83835,3039,424,6196913,16769238
1576,8,4,2026-02-21,46961,1792,319,1335691,5530716
1577,8,2,2026-02-21,116105,7893,761,2109465,11539096
1578,9,4,2026-02-21,113512,7804,1215,2188038,14665203
1579,9,1,2026-02-21,11889,1001,144,4389485,30131061
1580,9,3,2026-02-21,44203,3926,492,1635409,13813284
1581,9,5,2026-02-21,76819,3412,298,4271348,36058232
1582,10,4,2026-02-21,42010,2824,144,4897041,23812521
1583,10,1,2026-02-21,22157,869,127,754019,5729683
1584,10,3,2026-02-21,98007,3705,462,5141547,17097524
1585,1,4,2026-02-22,33591,2530,129,5762980,14723232
1586,1,3,2026-02-22,100152,7933,288,6889245,58082570
1587,1,2,2026-02-22,24346,1052,186,5999599,45296735
1588,1,1,2026-02-22,12383,274,48,1806869,14762804
1589,2,5,2026-02-22,82777,3934,172,6361192,31322280
1590,2,3,2026-02-22,9455,226,18,2839144,18817575
1591,3,6,2026-02-22,106692,7136,1050,5824056,17691542
1592,3,4,2026-02-22,65774,5253,651,2608679,16419028
1593,4,3,2026-02-22,20286,430,42,5910235,46991514
1594,4,1,2026-02-22,34482,576,64,5103573,27441861
1595,4,5,2026-02-22,95928,6801,1000,1819148,8738749
1596,5,6,2026-02-22,21414,480,14,6970829,39908458
1597,5,4,2026-02-22,58127,4415,102,4964570,36761534
1598,5,3,2026-02-22,107691,8175,802,4652858,35002816
1599,5,5,2026-02-22,75645,5184,758,1340936,9414777
1600,6,6,2026-02-22,28680,2284,299,344660,2008792
1601,6,1,2026-02-22,109924,4240,111,5124129,19150814
1602,7,1,2026-02-22,38654,3048,78,1346203,7453777
1603,7,5,2026-02-22,52652,4605,218,5821040,14555588
1604,8,1,2026-02-22,91397,5032,213,4414132,29444948
1605,8,5,2026-02-22,73506,6123,1099,5384940,30851704
1606,8,3,2026-02-22,32504,2164,272,675269,2648811
1607,9,2,2026-02-22,117208,9077,1572,5351153,31103168
1608,9,3,2026-02-22,82566,3461,140,5520337,27778833
1609,10,3,2026-02-22,26406,1188,39,2432211,15953246
1610,10,6,2026-02-22,96031,2472,130,5581200,38488230
1611,10,4,2026-02-22,87984,5917,300,3421755,20126259
1612,10,5,2026-02-22,89904,6881,803,3820585,28384680
1613,1,4,2026-02-23,84116,2823,178,4758294,15035927
1614,1,6,2026-02-23,76875,3498,254,1046369,4893780
1615,1,1,2026-02-23,48714,3573,155,6994925,26962587
1616,2,1,2026-02-23,34127,1481,54,1336022,4748740
1617,2,4,2026-02-23,100463,8103,925,4407218,13544453
1618,3,6,2026-02-23,77291,2730,97,702345,2475404
1619,3,5,2026-02-23,103549,4578,344,6518451,42805828
1620,3,3,2026-02-23,108382,5947,684,3677683,19716688
1621,4,3,2026-02-23,95001,5084,228,1360054,4564369
1622,4,1,2026-02-23,79391,5569,158,6385257,40451630
1623,5,6,2026-02-23,97639,4816,434,3269579,23837890
1624,5,2,2026-02-23,70828,2586,445,4667064,38036861
1625,5,4,2026-02-23,111695,3591,437,1029324,8424736
1626,6,3,2026-02-23,15052,1049,179,1685069,10029362
1627,6,1,2026-02-23,16086,1138,123,4434329,32592679
1628,6,5,2026-02-23,6401,557,48,4567136,36969360
1629,7,4,2026-02-23,72503,4813,617,4766173,31872789
1630,7,6,2026-02-23,58145,932,47,6557207,16679839
1631,8,6,2026-02-23,37011,3314,416,4730119,31239922
1632,8,5,2026-02-23,10551,638,111,5958302,48149706
1633,8,3,2026-02-23,105101,5703,319,930172,4373953
1634,9,5,2026-02-23,11672,545,43,3431330,28543073
1635,9,3,2026-02-23,49296,4118,246,4822463,36673202
1636,10,3,2026-02-23,68324,2529,136,6491008,40809348
1637,10,6,2026-02-23,56592,1771,121,5693653,31845592
1638,1,4,2026-02-24,116195,5997,461,5463441,28749299
1639,1,5,2026-02-24,44105,1832,38,6360212,23004544
1640,2,1,2026-02-24,69493,2071,216,1589418,7890370
1641,2,6,2026-02-24,68886,1068,152,2398282,9249145
1642,2,4,2026-02-24,56820,2447,191,1828253,10454982
1643,3,1,2026-02-24,26211,668,93,348739,1623526
1644,3,4,2026-02-24,119100,8121,306,2689912,7374495
1645,3,5,2026-02-24,56713,2641,192,565134,1956423
1646,4,4,2026-02-24,20570,958,103,6018820,40843265
1647,4,3,2026-02-24,47583,3394,491,3654403,20139968
1648,5,4,2026-02-24,108902,1806,81,4494311,11603833
1649,5,2,2026-02-24,94710,3100,398,3170086,16097665
1650,5,1,2026-02-24,83261,5853,523,2728222,11440363
1651,5,6,2026-02-24,15828,1140,67,1579226,10857954
1652,6,2,2026-02-24,105496,2492,154,6180043,24622071
1653,6,3,2026-02-24,112558,5311,508,6865905,50531102
1654,7,6,2026-02-24,117049,6945,843,2224214,7168123
1655,7,5,2026-02-24,57596,1029,183,1526491,7720713
1656,7,2,2026-02-24,85801,2571,406,3490629,17256912
1657,7,1,2026-02-24,45166,3049,539,2160385,9758604
1658,8,1,2026-02-24,89393,1687,63,3349897,14013743
1659,8,5,2026-02-24,51009,3487,207,698931,2509518
1660,8,4,2026-02-24,5070,95,13,2078196,8753157
1661,9,5,2026-02-24,29227,991,97,3104161,13429035
1662,9,1,2026-02-24,17699,1153,149,6763117,51885589
1663,9,4,2026-02-24,48412,2035,304,6532165,46854238
1664,10,5,2026-02-24,41168,1266,103,1192258,3914078
1665,10,3,2026-02-24,102332,6154,163,5789128,42865337
1666,10,2,2026-02-24,30287,2054,345,928135,7565143
1667,10,6,2026-02-24,86134,3507,477,6683630,24809599
1668,1,2,2026-02-25,59815,3366,203,6669932,50829082
1669,1,1,2026-02-25,78445,6913,1128,4062141,25506946
1670,1,6,2026-02-25,20391,1698,52,3814861,21525645
1671,1,5,2026-02-25,71043,5279,246,2599725,17366780
1672,2,3,2026-02-25,79209,1549,271,1895437,13162466
1673,2,1,2026-02-25,57100,2976,313,4607446,38376479
1674,3,4,2026-02-25,55351,3165,260,5393716,22270465
1675,3,5,2026-02-25,29125,444,49,5267001,35185307
1676,4,4,2026-02-25,116735,3680,490,4931777,15853790
1677,4,5,2026-02-25,34350,632,36,627916,3979538
1678,4,3,2026-02-25,41406,3500,221,6932212,19473414
1679,4,2,2026-02-25,37637,3357,179,1274629,3197279
1680,5,6,2026-02-25,47540,1009,134,4907653,20043979
1681,5,5,2026-02-25,22512,1027,121,3023236,25430154
1682,5,3,2026-02-25,87045,6632,1006,2139450,14725534
1683,6,2,2026-02-25,75436,4850,770,6847419,41081551
1684,6,3,2026-02-25,99712,7072,573,5784679,23393652
1685,6,1,2026-02-25,87081,5448,589,4009315,15330955
1686,7,2,2026-02-25,25400,1230,168,3939846,18563924
1687,7,5,2026-02-25,67784,1493,73,1852127,13693863
1688,7,4,2026-02-25,28083,819,80,6419321,22996831
1689,8,1,2026-02-25,28295,2159,280,1875783,5471142
1690,8,3,2026-02-25,14443,678,62,5711648,47534121
1691,8,2,2026-02-25,18137,1257,52,6595182,48461109
1692,9,1,2026-02-25,19422,1495,212,5706307,46267116
1693,9,4,2026-02-25,22324,750,25,1496514,12169038
1694,9,5,2026-02-25,83595,1338,233,6940931,21780875
1695,9,6,2026-02-25,101486,7750,1212,1012739,3761241
1696,10,5,2026-02-25,45289,1806,80,768717,4428700
1697,10,4,2026-02-25,40056,2485,98,673509,2099254
1698,10,2,2026-02-25,43894,996,161,3783660,12679083
1699,1,1,2026-02-26,60985,2677,204,2706240,10433384
1700,1,2,2026-02-26,94707,4153,670,1242952,6775236
1701,2,2,2026-02-26,41937,1752,207,1292799,6028271
1702,2,1,2026-02-26,16115,1324,154,1793740,9097437
1703,3,5,2026-02-26,24689,2024,263,5540852,41032088
1704,3,2,2026-02-26,50663,4086,258,4488019,29039234
1705,3,4,2026-02-26,39786,3015,403,940633,6803727
1706,4,6,2026-02-26,46976,1225,112,6984468,50380899
1707,4,2,2026-02-26,67709,5152,196,3885736,32086511
1708,5,2,2026-02-26,21716,621,50,2978614,16278836
1709,5,1,2026-02-26,68083,4562,393,6956373,43961669
1710,5,3,2026-02-26,23116,1737,216,2362826,11339464
1711,6,4,2026-02-26,75282,5767,470,5173478,35125465
1712,6,5,2026-02-26,74067,4321,565,6577056,25098071
1713,6,6,2026-02-26,16436,536,10,443903,2074976
1714,6,3,2026-02-26,67118,5827,975,799771,6372712
1715,7,2,2026-02-26,23892,1855,200,3832249,15156485
1716,7,3,2026-02-26,113504,3614,504,1283445,10617057
1717,7,4,2026-02-26,97269,2502,343,6139499,50893248
1718,8,1,2026-02-26,67498,5251,836,553216,1870600
1719,8,6,2026-02-26,23517,492,15,5074654,37990930
1720,8,5,2026-02-26,59590,1562,76,6537416,21839378
1721,9,6,2026-02-26,99707,4018,582,6132154,15816398
1722,9,3,2026-02-26,19583,522,84,569434,3487806
1723,9,4,2026-02-26,27751,1463,31,3853588,25354378
1724,9,2,2026-02-26,119815,5879,786,2464716,19754455
1725,10,3,2026-02-26,40628,3574,369,1349694,9392261
1726,10,2,2026-02-26,57481,3530,194,1840935,13687406
1727,10,4,2026-02-26,78307,4728,152,6108495,32439874
1728,10,1,2026-02-26,46050,2945,249,3491614,12182053
1729,1,6,2026-02-27,40378,933,30,5359925,38445581
1730,1,4,2026-02-27,48970,837,54,4843000,15201146
1731,1,2,2026-02-27,32775,1959,276,2893087,10491672
1732,2,6,2026-02-27,36501,1284,226,5037859,13951077
1733,2,1,2026-02-27,108576,5568,154,1081909,8829518
1734,3,3,2026-02-27,57184,3003,211,3576936,24516779
1735,3,6,2026-02-27,21976,1487,52,3716567,29283080
1736,4,1,2026-02-27,81962,6122,589,613803,2602964
1737,4,5,2026-02-27,24862,1645,53,5550872,16984253
1738,4,2,2026-02-27,99170,3209,174,6016498,38657930
1739,4,6,2026-02-27,105771,7286,1303,4507892,25234299
1740,5,5,2026-02-27,107937,2681,178,5530051,42225895
1741,5,6,2026-02-27,61479,1106,148,6028357,29091679
1742,5,3,2026-02-27,32370,2906,340,1578435,9314984
1743,5,2,2026-02-27,70211,1566,35,6728335,51961214
1744,6,1,2026-02-27,46119,1278,86,871782,3644662
1745,6,4,2026-02-27,52622,2183,68,6261406,44654112
1746,6,6,2026-02-27,38809,3452,609,6701735,52005109
1747,6,2,2026-02-27,90235,7607,1296,5070881,27532622
1748,7,3,2026-02-27,117328,7212,929,3997930,18791844
1749,7,4,2026-02-27,115734,7157,502,1000369,6595638
1750,7,5,2026-02-27,71314,3477,557,6025691,16607126
1751,8,1,2026-02-27,116812,2674,214,5082628,24882933
1752,8,2,2026-02-27,14565,462,73,5913241,18100541
1753,8,6,2026-02-27,66063,3312,349,4199469,13248124
1754,8,4,2026-02-27,28628,2000,333,3629814,25805436
1755,9,4,2026-02-27,13450,521,93,4379338,16535553
1756,9,3,2026-02-27,102161,5181,334,621135,3584251
1757,10,2,2026-02-27,79475,1378,160,3490060,10031833
1758,10,6,2026-02-27,110976,4673,415,4271247,16147556
1759,10,3,2026-02-27,32720,2620,451,6035051,30401702
1760,1,6,2026-02-28,23577,476,40,2802630,21699798
1761,1,2,2026-02-28,64168,5155,535,5917384,46501409
1762,1,1,2026-02-28,29127,2251,78,3894806,17729604
1763,2,2,2026-02-28,59932,3063,323,6875472,23817562
1764,2,6,2026-02-28,96316,4599,763,5084164,24581057
1765,2,3,2026-02-28,6301,359,58,1965641,5831766
1766,3,5,2026-02-28,92040,8189,1394,6531362,48667853
1767,3,6,2026-02-28,101092,3916,172,4147511,33606934
1768,3,2,2026-02-28,70463,5624,214,5953463,29400104
1769,3,4,2026-02-28,73248,5066,902,1354592,8541729
1770,4,5,2026-02-28,102741,9085,792,4880903,34880428
1771,4,1,2026-02-28,83766,3628,274,1903557,15857518
1772,4,6,2026-02-28,80607,6983,553,3351729,8704934
1773,4,4,2026-02-28,45234,2381,378,6166297,33882469
1774,5,4,2026-02-28,51165,3945,347,6717965,30331341
1775,5,6,2026-02-28,28044,1385,110,4936833,29963371
1776,5,3,2026-02-28,76141,3631,238,5833172,38681536
1777,6,6,2026-02-28,16484,1243,45,5749446,14940274
1778,6,3,2026-02-28,58907,1341,187,5533029,44614879
1779,6,1,2026-02-28,18068,1129,113,573766,3733071
1780,7,2,2026-02-28,77297,3368,172,4239074,34774433
1781,7,6,2026-02-28,50955,4462,741,3763947,29915705
1782,7,4,2026-02-28,89523,6068,840,363796,2960463
1783,8,5,2026-02-28,40076,3244,202,6970102,55454314
1784,8,3,2026-02-28,93250,3088,506,3777553,10184462
1785,9,2,2026-02-28,115201,8784,1328,5332709,23489654
1786,9,3,2026-02-28,27336,2376,424,2328626,13586222
1787,10,2,2026-02-28,113599,2143,362,3899572,12764167
1788,10,5,2026-02-28,88397,3914,534,3681607,29176839
1789,10,4,2026-02-28,72800,1957,111,6256120,45713668
1790,1,1,2026-03-01,39108,3042,138,3004526,11184574
1791,1,5,2026-03-01,17224,291,6,6759498,40960727
1792,1,4,2026-03-01,8646,530,56,960791,5698223
1793,1,3,2026-03-01,8314,587,24,4105963,25895400
1794,2,2,2026-03-01,43918,1297,200,6392751,45901062
1795,2,6,2026-03-01,108028,4683,288,734100,3046360
1796,2,5,2026-03-01,23844,1479,180,5159978,39740263
1797,3,4,2026-03-01,21080,485,31,1815214,5548497
1798,3,5,2026-03-01,69781,5467,907,2044599,9905675
1799,4,1,2026-03-01,68768,5978,192,6065795,30446910
1800,4,4,2026-03-01,46102,2882,265,1651435,5910219
1801,4,6,2026-03-01,6329,523,65,5595001,34352909
1802,5,1,2026-03-01,50453,2587,305,4884229,12357525
1803,5,3,2026-03-01,73386,5183,872,1917703,11768300
1804,6,1,2026-03-01,118622,5025,822,547443,2444463
1805,6,5,2026-03-01,33804,718,93,1361832,5591060
1806,6,2,2026-03-01,68120,2039,70,6239835,36247093
1807,6,6,2026-03-01,43577,2180,325,3957953,22069305
1808,7,2,2026-03-01,30936,2058,333,2657893,21984038
1809,7,3,2026-03-01,18486,1086,154,2913765,10180457
1810,7,6,2026-03-01,31978,2767,271,4042642,20384714
1811,8,3,2026-03-01,55206,2605,288,3437007,27108939
1812,8,6,2026-03-01,112392,2227,104,583199,4810566
1813,8,1,2026-03-01,38169,2252,150,5711473,46847035
1814,8,5,2026-03-01,74533,3087,76,1809146,13304898
1815,9,2,2026-03-01,14521,452,35,1516680,10885344
1816,9,3,2026-03-01,21030,330,42,6312976,28239307
1817,9,6,2026-03-01,65997,3798,271,2251599,13216533
1818,10,3,2026-03-01,74109,2320,254,6308471,38780860
1819,10,5,2026-03-01,110831,8810,281,5721306,28781034
1820,10,2,2026-03-01,104116,4960,744,1962206,7226293
1821,1,4,2026-03-02,60212,1441,133,5345166,23846114
1822,1,1,2026-03-02,55181,1806,42,449621,2860488
1823,1,3,2026-03-02,117211,6819,141,4173623,17555071
1824,2,1,2026-03-02,49222,3118,97,1097922,8211469
1825,2,5,2026-03-02,59405,4113,263,6622429,30297260
1826,2,6,2026-03-02,15455,876,61,5436517,15126764
1827,3,6,2026-03-02,116237,7332,1214,3436551,27926178
1828,3,4,2026-03-02,18466,317,8,387208,1290334
1829,3,5,2026-03-02,47317,3766,511,2198688,7741907
1830,4,6,2026-03-02,111974,9262,1651,6073386,46814201
1831,4,3,2026-03-02,39037,3171,85,702681,5749946
1832,5,3,2026-03-02,95167,5801,870,2564186,17159504
1833,5,6,2026-03-02,23056,1354,53,2978756,22851137
1834,6,4,2026-03-02,74152,2449,236,4411288,36869971
1835,6,6,2026-03-02,47193,3442,334,1070068,4368950
1836,6,1,2026-03-02,43828,2995,229,2333199,15065196
1837,6,3,2026-03-02,101373,8027,1053,930356,7750415
1838,7,2,2026-03-02,92883,2898,437,1876365,10180919
1839,7,1,2026-03-02,49623,1520,174,4726204,26389062
1840,8,3,2026-03-02,116123,6135,1020,2135300,17082791
1841,8,4,2026-03-02,55538,4894,777,4607248,17130321
1842,8,2,2026-03-02,57455,1671,107,1677378,11100209
1843,9,6,2026-03-02,119844,2760,103,439149,3453726
1844,9,1,2026-03-02,29514,1033,99,4753389,24792942
1845,9,2,2026-03-02,39809,950,102,3273147,16656527
1846,9,4,2026-03-02,24742,1107,98,3099609,8737619
1847,10,3,2026-03-02,90016,3932,662,1926816,8216011
1848,10,1,2026-03-02,57781,1632,104,5395644,29469374
1849,10,5,2026-03-02,61828,1433,40,2388295,19712581
1850,1,1,2026-03-03,9677,562,32,4763844,14797413
1851,1,6,2026-03-03,34683,2816,371,3693690,17919746
1852,2,2,2026-03-03,69903,2127,309,3216157,20330599
1853,2,3,2026-03-03,97517,5824,800,1090563,3937448
1854,3,5,2026-03-03,36276,1007,129,1697923,6153385
1855,3,4,2026-03-03,64666,1657,36,4281239,21695329
1856,3,3,2026-03-03,7729,218,13,945730,3333084
1857,3,6,2026-03-03,104648,8265,950,4274775,25644174
1858,4,2,2026-03-03,10921,834,92,2738220,20569930
1859,4,4,2026-03-03,73848,3894,548,6803323,20841711
1860,4,1,2026-03-03,44924,3382,249,4415969,30509444
1861,5,3,2026-03-03,65129,1043,79,6257229,28172755
1862,5,4,2026-03-03,72873,5326,836,5297459,28638746
1863,5,6,2026-03-03,40381,2682,366,473873,1605198
1864,5,2,2026-03-03,58781,4656,584,1488104,6909514
1865,6,2,2026-03-03,102125,6861,610,2030632,14145769
1866,6,5,2026-03-03,30407,2555,205,1205396,9996009
1867,7,6,2026-03-03,27931,974,125,3078270,14917780
1868,7,5,2026-03-03,59695,5127,329,1898639,5214801
1869,7,4,2026-03-03,73167,4948,759,1331473,6791521
1870,7,3,2026-03-03,64641,3716,545,3210828,13583251
1871,8,4,2026-03-03,66121,4368,453,2730865,17048164
1872,8,2,2026-03-03,92073,2503,245,842042,6145820
1873,9,4,2026-03-03,33485,1213,139,746217,4052106
1874,9,1,2026-03-03,5667,267,33,305383,854892
1875,10,3,2026-03-03,107926,8572,1083,6749878,39584623
1876,10,6,2026-03-03,16272,1114,47,6449295,23735756
1877,1,1,2026-03-04,67020,5694,340,5991672,37880955
1878,1,3,2026-03-04,60386,2713,446,2491615,19985654
1879,1,2,2026-03-04,83255,3189,351,5995220,46496494
1880,1,6,2026-03-04,110431,6445,833,1973583,7894574
1881,2,5,2026-03-04,44976,963,106,5570720,29340571
1882,2,2,2026-03-04,29034,1254,200,3964922,12197106
1883,2,3,2026-03-04,74018,3563,249,6047566,40975833
1884,3,3,2026-03-04,60116,5236,491,4988469,13262008
1885,3,4,2026-03-04,105502,4913,692,5460743,43364266
1886,3,5,2026-03-04,108105,3588,365,1367658,8514133
1887,4,3,2026-03-04,57814,3772,354,6700470,51925059
1888,4,1,2026-03-04,65322,5091,170,2566390,19194969
1889,4,4,2026-03-04,90181,2076,238,2737535,16131364
1890,4,5,2026-03-04,95517,3806,113,6511537,39119392
1891,5,6,2026-03-04,23894,1365,238,1444229,5547661
1892,5,1,2026-03-04,93562,5892,263,5570054,24315207
1893,5,2,2026-03-04,5845,440,52,1983592,6324193
1894,5,3,2026-03-04,5004,132,21,4660587,14360115
1895,6,1,2026-03-04,8231,637,57,766852,6177964
1896,6,4,2026-03-04,44311,2009,356,2270717,17144650
1897,7,3,2026-03-04,85892,2081,90,481679,1738305
1898,7,5,2026-03-04,112288,7955,465,4590898,31906687
1899,7,4,2026-03-04,76654,2301,222,2728074,17746702
1900,7,6,2026-03-04,82170,4270,541,3581533,17244811
1901,8,4,2026-03-04,111626,5231,128,4134284,13315532
1902,8,6,2026-03-04,56043,886,60,5711566,36568495
1903,9,5,2026-03-04,23258,1165,158,2622839,6700620
1904,9,4,2026-03-04,25750,1077,169,4521194,17020852
1905,9,1,2026-03-04,97566,5305,541,1763785,11350865
1906,9,2,2026-03-04,51119,3281,361,4154412,28213002
1907,10,3,2026-03-04,56633,1139,175,4357944,20740049
1908,10,6,2026-03-04,66833,4039,197,6243330,50349169
1909,1,5,2026-03-05,47477,2808,317,5203084,32284356
1910,1,3,2026-03-05,57923,1162,28,6447822,22277728
1911,1,2,2026-03-05,17653,1145,114,5998568,32143194
1912,1,6,2026-03-05,104602,3385,485,6445888,46885001
1913,2,2,2026-03-05,104066,9157,1534,819478,5057344
1914,2,4,2026-03-05,20004,356,49,4003809,28347414
1915,3,6,2026-03-05,19111,1288,103,5646863,33557488
1916,3,1,2026-03-05,31179,925,91,5994598,25276438
1917,3,2,2026-03-05,31370,2216,198,4733626,34801776
1918,3,4,2026-03-05,30204,647,15,5909111,18183733
1919,4,2,2026-03-05,52128,3809,422,903687,4106595
1920,4,1,2026-03-05,94438,6586,1091,5687435,32241653
1921,5,2,2026-03-05,113472,5733,437,5488176,43348547
1922,5,5,2026-03-05,116859,2961,91,3886228,24299900
1923,6,5,2026-03-05,21671,1596,108,1289247,7080897
1924,6,1,2026-03-05,11747,706,51,2179226,16187218
1925,7,3,2026-03-05,13906,1118,50,2716497,8010033
1926,7,4,2026-03-05,80413,2662,273,5427514,29852857
1927,7,6,2026-03-05,57326,3519,377,1230082,7376352
1928,8,6,2026-03-05,49308,2298,119,6715069,19180599
1929,8,1,2026-03-05,31769,1780,244,6653068,43111992
1930,8,5,2026-03-05,13169,430,13,5029968,39867240
1931,9,1,2026-03-05,83400,5875,991,4925690,26463904
1932,9,3,2026-03-05,21969,775,20,598635,3280268
1933,9,6,2026-03-05,34523,2201,195,2845257,20455266
1934,9,2,2026-03-05,119878,10532,246,764364,2031773
1935,10,5,2026-03-05,117760,5117,662,451790,2627147
1936,10,6,2026-03-05,11834,521,41,1350567,6858600
1937,1,5,2026-03-06,62403,1488,176,3384563,15605321
1938,1,2,2026-03-06,49974,2385,69,2246437,6856001
1939,1,1,2026-03-06,6317,202,28,6953683,39756329
1940,2,1,2026-03-06,111511,2148,62,3978873,14258533
1941,2,2,2026-03-06,10730,413,48,2348870,19938460
1942,3,5,2026-03-06,67744,4357,544,940704,3763938
1943,3,4,2026-03-06,76256,2321,308,3294383,25978980
1944,4,4,2026-03-06,53094,3903,260,5783162,22931594
1945,4,3,2026-03-06,40066,1559,166,1175587,3319840
1946,5,6,2026-03-06,41671,870,144,4670422,18136255
1947,5,5,2026-03-06,102243,5773,228,6380992,47208354
1948,5,4,2026-03-06,23607,417,24,3993314,25555007
1949,6,1,2026-03-06,114618,2009,129,3522707,15156366
1950,6,6,2026-03-06,16074,313,49,3520690,19265726
1951,6,4,2026-03-06,118085,5159,469,2182810,8151443
1952,7,6,2026-03-06,74794,1415,97,4842843,34277535
1953,7,4,2026-03-06,8406,699,98,3120403,25076157
1954,8,5,2026-03-06,49688,3450,412,3886542,27966297
1955,8,2,2026-03-06,101392,7242,1080,4941367,23860197
1956,8,1,2026-03-06,99541,8454,557,4785903,25274426
1957,9,6,2026-03-06,54976,2751,491,2298392,7564551
1958,9,5,2026-03-06,6990,252,32,2601773,7839717
1959,9,3,2026-03-06,37759,2750,185,5090588,24778982
1960,9,1,2026-03-06,85681,3047,191,2401457,17277421
1961,10,1,2026-03-06,91609,3579,223,1799752,9291853
1962,10,6,2026-03-06,7263,348,32,3309192,17807581
1963,10,3,2026-03-06,115667,6563,560,5161788,41980850
1964,10,4,2026-03-06,41234,3392,367,837235,4305595
1965,1,3,2026-03-07,21675,694,33,5483734,35292593
1966,1,6,2026-03-07,35496,837,21,6041510,33471869
1967,1,4,2026-03-07,62712,3668,97,6317632,24434797
1968,2,3,2026-03-07,115746,9180,702,6325699,17512054
1969,2,6,2026-03-07,35762,1474,47,4022970,12789405
1970,2,1,2026-03-07,15151,496,35,3415188,25527939
1971,2,5,2026-03-07,94262,4354,534,2674684,8982864
1972,3,5,2026-03-07,58495,4814,384,2766779,17241178
1973,3,3,2026-03-07,26012,1108,73,1558821,12425730
1974,3,6,2026-03-07,8346,191,10,2926521,16285436
1975,4,5,2026-03-07,54655,4225,106,6392308,21736711
1976,4,6,2026-03-07,104957,9428,306,948535,7827074
1977,4,3,2026-03-07,34436,1976,354,5587544,32348517
1978,4,1,2026-03-07,59798,3314,130,4727141,34457233
1979,5,4,2026-03-07,40282,1193,133,2347063,10496316
1980,5,5,2026-03-07,109727,7963,620,4123705,18098521
1981,5,6,2026-03-07,20127,1348,122,3738706,17464568
1982,5,2,2026-03-07,51135,2916,93,3339167,21437383
1983,6,2,2026-03-07,79624,6137,1091,4809849,19093482
1984,6,4,2026-03-07,58427,3830,484,5379685,21850525
1985,6,5,2026-03-07,42602,1730,67,3726769,18731246
1986,6,1,2026-03-07,24450,1423,172,6781415,25014098
1987,7,4,2026-03-07,26859,646,40,4952143,33517546
1988,7,1,2026-03-07,66585,4708,189,585847,4395698
1989,8,6,2026-03-07,14570,363,57,3555737,28181215
1990,8,2,2026-03-07,51447,1263,166,2325302,15746715
1991,9,3,2026-03-07,82526,5005,186,6358081,17620952
1992,9,6,2026-03-07,101829,8559,1472,3729889,23442322
1993,10,4,2026-03-07,22643,1585,215,5245572,41954352
1994,10,3,2026-03-07,71764,1527,249,5279085,31982226
1995,10,6,2026-03-07,93330,5945,479,3979134,14167044
1996,10,5,2026-03-07,99703,5893,1008,1112844,4332948
1997,1,3,2026-03-08,42389,1662,117,1796660,14770489
1998,1,1,2026-03-08,10496,798,109,6431945,24210382
1999,1,4,2026-03-08,73044,2620,421,2937104,9095621
2000,2,2,2026-03-08,40893,2105,117,1720365,7278645
2001,2,1,2026-03-08,39003,3477,488,2243427,14579138
2002,2,3,2026-03-08,23481,521,56,4567269,32104194
2003,3,5,2026-03-08,75756,4192,214,4396710,32953460
2004,3,1,2026-03-08,8378,357,23,5091280,25756863
2005,4,5,2026-03-08,43658,3660,492,1306134,6748050
2006,4,2,2026-03-08,61657,3205,108,1447712,12245419
2007,4,4,2026-03-08,100896,6573,1149,963262,6709760
2008,5,6,2026-03-08,47875,1280,94,4103932,25788056
2009,5,1,2026-03-08,72219,4723,150,6070838,26644055
2010,6,4,2026-03-08,97419,7264,514,4982271,32219263
2011,6,1,2026-03-08,87061,1538,186,366862,1458453
2012,7,4,2026-03-08,66618,1755,263,6453553,35367783
2013,7,2,2026-03-08,22274,665,106,4631090,35395146
2014,7,5,2026-03-08,103231,3206,286,4416215,25819060
2015,7,6,2026-03-08,32334,2206,57,6071208,24761075
2016,8,6,2026-03-08,88586,3645,382,1810489,14062679
2017,8,5,2026-03-08,115191,3731,249,4368977,23773053
2018,8,2,2026-03-08,87578,3889,299,4334576,18519490
2019,9,1,2026-03-08,59997,5261,379,5856766,29571934
2020,9,3,2026-03-08,28094,1400,99,1252411,5742894
2021,10,6,2026-03-08,115116,8674,852,3756130,24878094
2022,10,2,2026-03-08,8796,323,32,6866836,34018545
2023,10,4,2026-03-08,78696,5735,354,2964375,14725160
2024,1,4,2026-03-09,12160,427,58,3150797,19905466
2025,1,6,2026-03-09,10980,418,35,5102525,39563610
2026,1,3,2026-03-09,75256,2292,275,5444766,33564305
2027,2,5,2026-03-09,7610,656,15,3480860,10587092
2028,2,6,2026-03-09,97370,3894,297,6725782,39126329
2029,3,1,2026-03-09,75185,2246,101,4793767,23360782
2030,3,5,2026-03-09,99086,3190,472,3436332,15425737
2031,3,2,2026-03-09,33261,1878,112,414428,1125772
2032,3,4,2026-03-09,7625,546,56,4506881,22027941
2033,4,1,2026-03-09,44513,748,90,6071949,24189748
2034,4,2,2026-03-09,40711,2900,435,3469692,22315864
2035,4,3,2026-03-09,22195,1695,271,1012332,2995654
2036,5,6,2026-03-09,102340,7907,923,1573789,4836788
2037,5,4,2026-03-09,82095,6111,312,5380909,41195261
2038,5,1,2026-03-09,107861,4236,431,496561,2141629
2039,5,5,2026-03-09,65149,1967,122,5803352,34571769
2040,6,3,2026-03-09,34131,2987,327,4354629,18317911
2041,6,4,2026-03-09,97127,5341,315,444389,3759052
2042,6,1,2026-03-09,100362,4468,355,4885057,33157189
2043,7,2,2026-03-09,57081,4157,380,4299741,25277831
2044,7,5,2026-03-09,89255,3418,146,5584100,46654622
2045,7,1,2026-03-09,17502,998,53,4408836,26719561
2046,8,2,2026-03-09,85804,6680,693,5053314,35694030
2047,8,4,2026-03-09,12724,923,55,2912673,20222883
2048,9,1,2026-03-09,95308,5470,465,346739,1424705
2049,9,3,2026-03-09,32423,2322,341,4876730,26816615
2050,10,2,2026-03-09,68307,3660,576,6449431,19274807
2051,10,3,2026-03-09,18768,880,28,1367722,9630568
2052,10,4,2026-03-09,26245,1417,55,1955639,10023838
2053,10,5,2026-03-09,19898,356,31,1732120,10837856
2054,1,4,2026-03-10,6213,231,20,2768126,18877672
2055,1,2,2026-03-10,93694,3310,236,3417473,20104523
2056,1,6,2026-03-10,26750,685,71,2015150,14744615
2057,1,5,2026-03-10,98647,4226,493,4260346,22483042
2058,2,6,2026-03-10,73731,5060,484,2964960,14818329
2059,2,2,2026-03-10,24706,1242,222,346996,1516734
2060,2,5,2026-03-10,29598,886,31,4146961,18604141
2061,3,5,2026-03-10,82916,2216,168,4990541,38926514
2062,3,4,2026-03-10,50214,3121,525,2603349,10947409
2063,4,5,2026-03-10,86854,6299,1067,5006951,28770450
2064,4,3,2026-03-10,91424,2760,316,1163827,8011725
2065,4,6,2026-03-10,41698,1183,130,1362870,9923474
2066,5,6,2026-03-10,106184,8389,979,6484631,50113354
2067,5,4,2026-03-10,92621,7705,412,322404,2321369
2068,5,3,2026-03-10,33369,729,108,1528861,5136972
2069,5,5,2026-03-10,67320,5425,389,737794,2450840
2070,6,4,2026-03-10,44656,2345,90,4998837,24291748
2071,6,6,2026-03-10,106439,4674,448,2915247,21957338
2072,6,3,2026-03-10,46546,2550,411,2094317,17240754
2073,7,3,2026-03-10,62887,3254,475,6049280,19487385
2074,7,2,2026-03-10,62070,3966,192,3367606,25702356
2075,7,4,2026-03-10,106023,6918,944,2093316,12982421
2076,7,6,2026-03-10,119857,10768,1833,3508285,16647637
2077,8,1,2026-03-10,73944,2189,249,3055251,9363277
2078,8,2,2026-03-10,53348,4464,448,409005,2511555
2079,8,4,2026-03-10,9394,596,73,3641132,10062284
2080,8,5,2026-03-10,96160,6521,416,780054,6495388
2081,9,6,2026-03-10,84632,5282,520,4271573,29899370
2082,9,4,2026-03-10,89875,6407,955,620391,2926510
2083,10,6,2026-03-10,15855,736,114,770164,3974252
2084,10,2,2026-03-10,98138,1930,68,4864103,20258351
2085,10,5,2026-03-10,116748,3451,408,439875,1977673
2086,10,1,2026-03-10,93079,7317,516,6250114,21970908
2087,1,6,2026-03-11,57844,2674,339,815760,2357325
2088,1,3,2026-03-11,113140,8157,355,2536704,7619782
2089,1,1,2026-03-11,63117,1157,135,6077374,33624864
2090,1,5,2026-03-11,27671,1733,268,327048,1428214
2091,2,3,2026-03-11,79471,6175,208,4183970,12673126
2092,2,1,2026-03-11,16870,483,16,2963393,17919314
2093,2,6,2026-03-11,7635,553,80,2124739,13444655
2094,2,2,2026-03-11,65338,1378,187,2369739,10300530
2095,3,6,2026-03-11,11990,520,34,2640114,8824730
2096,3,2,2026-03-11,46358,2134,327,2588407,20193228
2097,3,5,2026-03-11,28214,2495,153,3987618,16298474
2098,3,4,2026-03-11,69210,2881,225,6779113,43053844
2099,4,6,2026-03-11,114408,6737,302,5070696,19085982
2100,4,2,2026-03-11,97037,4613,569,6021179,43819903
2101,4,1,2026-03-11,32190,1308,228,4927250,36851622
2102,5,1,2026-03-11,38844,1218,75,1267191,7099030
2103,5,5,2026-03-11,87721,2542,107,5222609,23177655
2104,5,2,2026-03-11,78894,3419,390,583952,2589378
2105,6,6,2026-03-11,118944,9822,445,4288748,19334854
2106,6,3,2026-03-11,89919,7438,371,3303159,14327960
2107,7,5,2026-03-11,62541,4733,440,5131546,34211969
2108,7,2,2026-03-11,100807,4531,695,2418750,16544817
2109,7,1,2026-03-11,83766,3379,434,2818036,7723599
2110,8,5,2026-03-11,60179,2824,178,5144320,25230321
2111,8,1,2026-03-11,8742,238,11,2821470,22062686
2112,9,5,2026-03-11,91954,3676,638,1058318,4609653
2113,9,2,2026-03-11,105377,2698,203,3621837,12647644
2114,9,6,2026-03-11,5110,329,17,1743414,7510094
2115,9,1,2026-03-11,15534,448,70,3962037,12048559
2116,10,2,2026-03-11,115843,8476,176,1636555,7476227
2117,10,5,2026-03-11,66708,3751,311,2082511,16612186
2118,1,4,2026-03-12,55800,1374,195,1420099,6957492
2119,1,6,2026-03-12,47875,3942,595,6426805,49718424
2120,1,2,2026-03-12,83241,3707,116,4396235,28660199
2121,1,1,2026-03-12,81864,1393,225,1794514,12753725
2122,2,3,2026-03-12,85028,5096,426,948184,6043216
2123,2,6,2026-03-12,23098,1212,32,2832838,14482611
2124,2,1,2026-03-12,49510,2168,105,1564562,6586469
2125,3,6,2026-03-12,39212,3407,298,1671897,8174400
2126,3,4,2026-03-12,72809,5647,533,993238,4546766
2127,3,1,2026-03-12,101032,2283,360,402546,1394943
2128,4,5,2026-03-12,55330,3677,80,5784616,47778188
2129,4,6,2026-03-12,57652,2691,77,3865000,15660571
2130,5,1,2026-03-12,53866,3963,530,4788107,39887906
2131,5,5,2026-03-12,19637,1451,256,4760320,33596742
2132,5,4,2026-03-12,119073,7811,344,3127931,25615275
2133,5,3,2026-03-12,97741,5792,298,5454968,37452569
2134,6,4,2026-03-12,41924,754,119,4160862,19566972
2135,6,1,2026-03-12,83555,5554,335,3130834,20506892
2136,6,6,2026-03-12,105510,8064,861,1799280,7663921
2137,7,1,2026-03-12,44017,2759,318,3296783,22719535
2138,7,4,2026-03-12,74634,5254,314,1005036,5738666
2139,7,3,2026-03-12,21522,1495,181,3916333,30767887
2140,8,4,2026-03-12,113209,9370,1585,4691929,27749990
2141,8,5,2026-03-12,10326,214,17,1531031,9425211
2142,8,2,2026-03-12,99871,6275,1011,3503718,19536008
2143,9,1,2026-03-12,57525,959,165,2454681,16764400
2144,9,3,2026-03-12,102345,8312,1279,3935918,32632539
2145,9,5,2026-03-12,109024,3202,197,2843437,17610795
2146,9,2,2026-03-12,75668,5982,352,709625,3367467
2147,10,2,2026-03-12,102893,6859,340,4507416,29427286
2148,10,4,2026-03-12,84249,3782,185,2690019,11126124
2149,10,3,2026-03-12,58370,1782,258,5813100,19058839
2150,1,4,2026-03-13,17733,560,12,3023016,11567106
2151,1,5,2026-03-13,85135,3114,417,4164163,25099429
2152,1,3,2026-03-13,88200,5260,560,4289646,34657063
2153,2,3,2026-03-13,46896,1921,175,4175096,31839849
2154,2,6,2026-03-13,70401,2168,285,5945415,28777993
2155,3,1,2026-03-13,87756,4518,802,997026,3734168
2156,3,5,2026-03-13,74414,3176,211,2945247,15341777
2157,3,6,2026-03-13,66260,1140,136,1698668,10609185
2158,4,4,2026-03-13,77933,5517,983,3448113,27678201
2159,4,6,2026-03-13,22261,965,165,1335942,4117211
2160,4,1,2026-03-13,33613,1036,39,2727235,9740959
2161,4,2,2026-03-13,25855,1874,332,3664809,21257439
2162,5,2,2026-03-13,46864,3411,412,5872003,45851812
2163,5,4,2026-03-13,87984,6346,449,4793165,27297316
2164,5,3,2026-03-13,34504,2740,271,4191592,17678879
2165,6,2,2026-03-13,42802,652,99,6699961,35403457
2166,6,6,2026-03-13,27579,1827,65,5166716,33163214
2167,6,4,2026-03-13,59823,2738,333,5491507,21115699
2168,7,5,2026-03-13,79787,5577,955,3026467,18639632
2169,7,6,2026-03-13,26818,1547,147,1063081,8729039
2170,7,1,2026-03-13,7977,564,91,5787123,27986736
2171,7,3,2026-03-13,72021,5744,896,1653747,8676571
2172,8,2,2026-03-13,31186,1222,81,559122,2092258
2173,8,6,2026-03-13,65447,3235,418,4021632,33935656
2174,8,4,2026-03-13,109432,3093,290,5680279,17989124
2175,8,3,2026-03-13,84168,6551,1045,1636024,6493674
2176,9,1,2026-03-13,93719,4261,439,4244400,32567339
2177,9,6,2026-03-13,14222,1048,181,6306046,36096114
2178,9,5,2026-03-13,98820,7238,894,4780949,32455880
2179,9,3,2026-03-13,62477,3190,434,2757552,20323087
2180,10,1,2026-03-13,72051,4481,405,6905387,22403430
2181,10,3,2026-03-13,24134,1895,267,5163815,36257557
2182,10,4,2026-03-13,19651,1358,106,5807431,26359974
2183,10,5,2026-03-13,36859,2752,147,1114749,4994247
2184,1,1,2026-03-14,104218,3595,241,4030179,18071190
2185,1,4,2026-03-14,64031,4319,479,5286424,14349828
2186,1,5,2026-03-14,23352,609,40,2154063,16760814
2187,1,6,2026-03-14,78864,3328,221,6304873,21750643
2188,2,3,2026-03-14,43650,1160,172,1378381,4657765
2189,2,4,2026-03-14,43316,3440,210,2211915,5901451
2190,2,5,2026-03-14,32742,1923,84,401222,1627567
2191,2,6,2026-03-14,99521,5288,842,4635383,22875929
2192,3,2,2026-03-14,116753,6139,636,3470715,26698308
2193,3,3,2026-03-14,68602,4365,695,4343749,15430404
2194,3,6,2026-03-14,54790,880,150,3171982,12208803
2195,3,5,2026-03-14,32057,1020,65,6826457,46915309
2196,4,6,2026-03-14,51727,2710,301,5657271,44906354
2197,4,2,2026-03-14,115097,8168,1233,6907584,38991308
2198,5,6,2026-03-14,52652,3412,285,1129130,9272607
2199,5,2,2026-03-14,71508,1433,155,4785840,36274914
2200,6,1,2026-03-14,73543,2470,150,6502836,23384900
2201,6,6,2026-03-14,90302,7162,404,6317822,33082619
2202,6,4,2026-03-14,10273,908,56,2627642,8009460
2203,6,3,2026-03-14,29905,2093,349,1411901,7956550
2204,7,2,2026-03-14,36973,2178,246,4194589,12959691
2205,7,6,2026-03-14,107421,2022,296,912825,3357876
2206,8,4,2026-03-14,67394,2008,214,2103499,12809809
2207,8,1,2026-03-14,44316,2557,289,1235530,8426177
2208,9,6,2026-03-14,5064,171,14,2571158,14027288
2209,9,2,2026-03-14,28138,1115,108,2680315,22001671
2210,9,4,2026-03-14,44274,1541,162,3161708,13126558
2211,10,5,2026-03-14,104170,8951,877,2977706,23405374
2212,10,3,2026-03-14,71787,3610,166,849952,6002893
2213,10,4,2026-03-14,93208,3527,592,4017817,18299510
2214,10,1,2026-03-14,95041,5264,259,6832979,21539396
2215,1,2,2026-03-15,70769,2682,382,4258379,13275508
2216,1,3,2026-03-15,44329,3748,201,5936198,20346828
2217,2,2,2026-03-15,107997,3011,136,5858214,20168635
2218,2,4,2026-03-15,72694,6439,802,6916503,34592578
2219,3,3,2026-03-15,117228,9094,721,2868863,12916576
2220,3,2,2026-03-15,51390,3966,279,2883832,14568506
2221,3,6,2026-03-15,56582,4085,85,3689678,10448594
2222,3,5,2026-03-15,58580,2432,362,4132668,29351413
2223,4,6,2026-03-15,32342,2091,127,3432936,9070070
2224,4,2,2026-03-15,61033,4535,327,4997387,34652389
2225,5,5,2026-03-15,62685,4966,184,2339587,8100837
2226,5,6,2026-03-15,99745,5084,688,4241569,34832919
2227,6,6,2026-03-15,95151,8276,1101,2395861,10016749
2228,6,4,2026-03-15,84522,4983,146,770723,4884666
2229,7,5,2026-03-15,42255,985,40,6589998,19400509
2230,7,3,2026-03-15,106612,7455,1132,1561810,9431536
2231,7,4,2026-03-15,80246,2407,82,2357110,10529334
2232,8,6,2026-03-15,7864,200,28,6892612,46149538
2233,8,3,2026-03-15,101869,3926,614,6781902,35096629
2234,8,5,2026-03-15,33155,955,90,4165501,19466314
2235,8,4,2026-03-15,31081,2045,271,2442096,14949782
2236,9,2,2026-03-15,89179,4085,340,4379862,31922983
2237,9,1,2026-03-15,114009,6228,1034,4597162,21794437
2238,10,4,2026-03-15,69488,2515,184,862955,5960087
2239,10,1,2026-03-15,79095,1733,189,1242333,7069588
2240,10,3,2026-03-15,109672,5868,916,5114433,41094373
2241,10,6,2026-03-15,84958,5417,273,913069,6485247
2242,1,3,2026-03-16,101853,2690,196,1823990,11649895
2243,1,4,2026-03-16,49539,2430,352,6503028,48260604
2244,1,5,2026-03-16,61675,5039,424,2764688,7017120
2245,2,1,2026-03-16,47255,2222,136,2169736,13031996
2246,2,6,2026-03-16,105634,4172,388,5881795,21774342
2247,2,2,2026-03-16,112678,6544,502,6297053,48509087
2248,3,2,2026-03-16,32019,1221,44,4774668,29180521
2249,3,6,2026-03-16,115716,2078,83,3223594,26523613
2250,4,3,2026-03-16,31437,1185,104,2573966,10032992
2251,4,2,2026-03-16,33473,2441,59,3987975,12915697
2252,4,5,2026-03-16,54166,915,145,6506838,24410442
2253,5,4,2026-03-16,57321,1713,245,5251100,38789857
2254,5,6,2026-03-16,17170,1505,152,5151161,35270566
2255,6,2,2026-03-16,20775,1777,246,3306396,23138475
2256,6,6,2026-03-16,46534,2146,115,1061609,7748415
2257,7,4,2026-03-16,64893,1051,84,3823332,18741400
2258,7,3,2026-03-16,117393,2641,205,2900315,21808071
2259,7,1,2026-03-16,61904,5320,661,2224001,18900092
2260,8,6,2026-03-16,119811,6032,1038,2604485,17913060
2261,8,4,2026-03-16,47371,871,135,1787789,10525563
2262,9,5,2026-03-16,23378,1569,222,813227,4942165
2263,9,2,2026-03-16,32502,2599,326,3418079,21210308
2264,10,4,2026-03-16,27890,2376,414,6524067,47994334
2265,10,2,2026-03-16,92643,2651,425,1217643,8790579
2266,1,4,2026-03-17,45116,2042,162,2524502,15731387
2267,1,2,2026-03-17,8732,643,46,4246859,11489183
2268,2,4,2026-03-17,75710,3276,379,4705735,16556852
2269,2,1,2026-03-17,18122,292,47,1072791,5384656
2270,3,1,2026-03-17,65874,5846,917,4802394,24696287
2271,3,4,2026-03-17,117317,7067,861,2912471,15603449
2272,4,2,2026-03-17,85427,5564,197,4433920,31003358
2273,4,3,2026-03-17,116669,6748,270,4617902,15141387
2274,4,5,2026-03-17,23690,756,25,1095149,7450964
2275,5,5,2026-03-17,34651,1171,160,2825878,12636632
2276,5,1,2026-03-17,65574,4270,440,5141628,43322625
2277,5,2,2026-03-17,39960,2876,118,3840168,18235514
2278,6,5,2026-03-17,103033,8546,697,702807,5106011
2279,6,1,2026-03-17,28877,464,56,6967032,27359367
2280,7,3,2026-03-17,68418,5427,271,5141916,25369910
2281,7,1,2026-03-17,33159,1624,100,3989838,12795070
2282,7,4,2026-03-17,41609,2669,273,3129899,14158184
2283,8,3,2026-03-17,110773,8905,1278,4127856,26746395
2284,8,6,2026-03-17,92557,7332,1042,2505057,7211324
2285,9,4,2026-03-17,17397,557,51,1232284,3970008
2286,9,1,2026-03-17,98414,3658,584,2875557,14997148
2287,9,2,2026-03-17,77521,6885,229,4533929,16302531
2288,10,2,2026-03-17,31041,2173,166,5341019,38346519
2289,10,6,2026-03-17,78778,6262,651,4772438,22315618
2290,10,5,2026-03-17,35202,2359,423,1698829,8064057
2291,10,1,2026-03-17,18125,1196,145,5485705,21161353
2292,1,2,2026-03-18,41493,774,135,3662765,15672893
2293,1,5,2026-03-18,73386,6450,1051,4225903,18727206
2294,1,4,2026-03-18,99574,8499,170,2408302,16256150
2295,1,1,2026-03-18,92571,3551,595,5443200,33007072
2296,2,1,2026-03-18,23389,603,91,6713870,55943792
2297,2,4,2026-03-18,36780,1630,74,3814904,18487017
2298,3,2,2026-03-18,14244,455,78,1478098,11611688
2299,3,3,2026-03-18,21183,1471,167,5939806,20261136
2300,4,2,2026-03-18,6411,402,41,4697651,14636345
2301,4,3,2026-03-18,87384,5232,299,3976491,17070810
2302,4,5,2026-03-18,21366,1187,139,1589132,4644105
2303,5,3,2026-03-18,114835,9397,357,4213501,21301200
2304,5,6,2026-03-18,27079,2185,285,6964376,37773554
2305,5,1,2026-03-18,43155,1374,50,6438441,39402591
2306,5,2,2026-03-18,83518,6671,390,5877674,32134365
2307,6,4,2026-03-18,18787,1500,97,6373791,43945095
2308,6,6,2026-03-18,37986,2393,173,5895021,44317456
2309,6,1,2026-03-18,51748,1098,39,4373078,17301931
2310,6,3,2026-03-18,69877,2208,197,2529307,7901030
2311,7,4,2026-03-18,73022,5862,743,653170,3990851
2312,7,5,2026-03-18,82377,6414,787,1126921,6709409
2313,7,6,2026-03-18,20397,1784,103,5166416,33765919
2314,7,3,2026-03-18,84142,3924,325,6543722,17924494
2315,8,4,2026-03-18,111582,8412,1170,3922178,25550676
2316,8,6,2026-03-18,8360,260,12,5589195,45695573
2317,8,1,2026-03-18,17950,662,56,538023,3698555
2318,8,2,2026-03-18,116336,9518,736,6029517,27520514
2319,9,3,2026-03-18,107722,2002,186,5625149,22945220
2320,9,4,2026-03-18,109024,2948,322,4890898,31251475
2321,10,4,2026-03-18,117282,2540,193,4815040,33412313
2322,10,3,2026-03-18,114607,10021,707,2865531,8905465
2323,10,2,2026-03-18,99626,2170,184,5516034,30245275
2324,10,6,2026-03-18,29404,2109,110,6234068,33742789
2325,1,4,2026-03-19,27091,1062,40,5180885,22605058
2326,1,3,2026-03-19,71338,4816,528,6648251,38955610
2327,1,2,2026-03-19,28318,1270,166,1966142,6016752
2328,2,5,2026-03-19,98832,4003,306,1415955,11366649
2329,2,4,2026-03-19,18582,1456,200,6998196,29836623
2330,2,3,2026-03-19,79725,7000,502,2185967,11269132
2331,2,1,2026-03-19,10344,345,15,2596702,6902436
2332,3,6,2026-03-19,37158,2996,271,2111671,7121104
2333,3,2,2026-03-19,43901,1460,34,5435677,29350697
2334,4,4,2026-03-19,59044,1709,175,3652228,22875842
2335,4,5,2026-03-19,55738,3957,526,3353192,24547231
2336,4,2,2026-03-19,39544,1872,146,2268855,10030445
2337,5,1,2026-03-19,117714,9070,1200,6973616,39956396
2338,5,2,2026-03-19,21877,486,81,4556831,30759172
2339,5,3,2026-03-19,75170,2894,431,5367487,20755785
2340,6,6,2026-03-19,65986,2321,357,4160763,25850136
2341,6,5,2026-03-19,70160,4162,126,1737314,4573811
2342,6,2,2026-03-19,63781,3630,106,3215906,17236480
2343,7,2,2026-03-19,99223,3542,213,6404897,17072008
2344,7,1,2026-03-19,83346,4318,572,1418677,11941344
2345,7,3,2026-03-19,33207,2146,149,6148587,40260982
2346,7,5,2026-03-19,48323,1567,231,4561034,37298342
2347,8,5,2026-03-19,46216,3683,645,744352,5041259
2348,8,6,2026-03-19,51969,3069,441,895703,5538223
2349,9,4,2026-03-19,83843,6123,1091,1820335,4872900
2350,9,2,2026-03-19,69877,4866,355,1089883,8911845
2351,9,5,2026-03-19,80235,5421,702,3718980,17805525
2352,9,1,2026-03-19,67181,1705,127,1104159,4822052
2353,10,6,2026-03-19,38031,1995,98,3667420,13582817
2354,10,4,2026-03-19,51032,4537,550,3149779,16411498
2355,1,5,2026-03-20,7673,621,18,4973531,14198820
2356,1,3,2026-03-20,53909,1194,24,4738588,12204095
2357,2,4,2026-03-20,109862,9106,1002,882079,7263276
2358,2,3,2026-03-20,29704,1863,185,4789700,18249921
2359,2,1,2026-03-20,50252,1119,144,1597475,9741897
2360,3,2,2026-03-20,24510,1864,170,5518407,15079851
2361,3,4,2026-03-20,75462,6159,905,1309007,9612338
2362,3,6,2026-03-20,45850,3903,145,6029688,21601360
2363,3,3,2026-03-20,72959,2010,72,1920340,11754439
2364,4,3,2026-03-20,20254,1319,40,2365461,11103854
2365,4,4,2026-03-20,36385,3166,311,6961007,34287888
2366,4,5,2026-03-20,51965,1007,178,4330083,31892984
2367,4,2,2026-03-20,91462,6226,960,1128629,8562507
2368,5,6,2026-03-20,74119,4241,561,4676108,22749777
2369,5,3,2026-03-20,76615,4845,315,1436452,7451490
2370,6,3,2026-03-20,57984,2762,91,499935,2723364
2371,6,4,2026-03-20,47141,2691,316,2866054,15722277
2372,7,6,2026-03-20,29651,2550,176,5228054,36528979
2373,7,1,2026-03-20,79878,4449,545,6501337,18124012
2374,7,5,2026-03-20,8665,160,10,1879063,8663595
2375,8,1,2026-03-20,53604,3542,96,2099299,6490831
2376,8,4,2026-03-20,29340,2403,321,912062,6187617
2377,8,2,2026-03-20,69916,2132,261,430801,1193923
2378,8,3,2026-03-20,55002,1674,218,2736401,6918805
2379,9,6,2026-03-20,28207,2511,382,3418748,27368794
2380,9,3,2026-03-20,57685,1058,45,2365050,14735639
2381,10,4,2026-03-20,31853,2724,339,2586859,12818456
2382,10,5,2026-03-20,6340,292,25,2632760,19892622
2383,10,3,2026-03-20,29837,2275,223,5334252,13669438
2384,1,4,2026-03-21,91895,6130,191,1259492,4019883
2385,1,1,2026-03-21,108702,5613,276,3046250,10674670
2386,1,6,2026-03-21,102005,3492,450,6130243,29972150
2387,1,5,2026-03-21,75288,2746,430,2493614,7857258
2388,2,4,2026-03-21,16338,924,92,1366318,7664160
2389,2,2,2026-03-21,9678,485,18,2218013,6051155
2390,3,2,2026-03-21,36686,1749,138,6493697,21796433
2391,3,1,2026-03-21,83250,6050,762,4524664,32128467
2392,3,5,2026-03-21,29768,2162,294,667067,3944239
2393,4,3,2026-03-21,28006,1155,60,5703397,16189485
2394,4,6,2026-03-21,54811,1451,96,833929,3211805
2395,5,2,2026-03-21,119207,5726,887,5347090,30325163
2396,5,3,2026-03-21,77987,2112,227,2963832,8418109
2397,5,4,2026-03-21,94753,1884,193,446480,2773318
2398,5,1,2026-03-21,27271,1890,135,622374,2091748
2399,6,6,2026-03-21,5773,251,27,3550814,25254002
2400,6,2,2026-03-21,20681,1639,232,595238,3501090
2401,7,1,2026-03-21,79906,5062,330,5467794,26358063
2402,7,4,2026-03-21,103050,3382,333,2397506,10958706
2403,8,4,2026-03-21,75314,6097,340,2706385,17111279
2404,8,6,2026-03-21,27852,2429,199,2457641,19149016
2405,8,2,2026-03-21,53244,3753,334,2815388,9470691
2406,8,5,2026-03-21,65284,2988,480,2204093,18569342
2407,9,6,2026-03-21,32276,2764,241,3804136,20023028
2408,9,3,2026-03-21,64285,3104,254,3349764,15163738
2409,10,4,2026-03-21,33437,2288,253,6417868,41433472
2410,10,2,2026-03-21,86117,3638,342,6708700,48654644
2411,10,5,2026-03-21,54127,3426,185,1485574,7905325
2412,10,1,2026-03-21,76149,4867,331,6797628,52482212
2413,1,1,2026-03-22,49260,2777,125,3523662,28621761
2414,1,2,2026-03-22,61594,1756,159,6121439,22886344
2415,1,5,2026-03-22,79369,5160,328,6557664,43174223
2416,2,6,2026-03-22,80375,5918,305,3750148,16496691
2417,2,4,2026-03-22,37204,2980,121,4382609,19271592
2418,3,5,2026-03-22,16239,269,44,742521,3333215
2419,3,1,2026-03-22,16789,646,106,2002946,13943520
2420,3,6,2026-03-22,32919,1253,38,5528046,43978224
2421,3,4,2026-03-22,81473,6749,617,3140556,21109621
2422,4,3,2026-03-22,24925,679,26,5486583,27202913
2423,4,1,2026-03-22,78618,4435,421,2659166,17656283
2424,4,2,2026-03-22,37688,3324,419,1530158,12172573
2425,5,1,2026-03-22,54931,2771,266,6735220,17644422
2426,5,2,2026-03-22,95193,8480,661,3998843,24030436
2427,6,4,2026-03-22,69456,5972,661,3150253,26546841
2428,6,1,2026-03-22,53492,1078,44,2817459,18494474
2429,7,1,2026-03-22,88128,3441,460,6898288,20684076
2430,7,2,2026-03-22,84011,7457,739,5516558,43284492
2431,8,2,2026-03-22,30168,1614,285,496665,2700692
2432,8,3,2026-03-22,26873,507,29,2872250,11714989
2433,8,5,2026-03-22,61747,2489,158,6673371,42977579
2434,9,1,2026-03-22,119300,10542,1263,6462617,38400324
2435,9,3,2026-03-22,44676,1945,320,3487813,16847471
2436,9,6,2026-03-22,96132,6286,826,3115509,14645270
2437,9,4,2026-03-22,72185,5704,829,3715799,25058170
2438,10,3,2026-03-22,77401,2280,148,998822,7970743
2439,10,6,2026-03-22,93055,1987,251,2972727,22797471
2440,1,1,2026-03-23,110673,7985,470,1785683,8464726
2441,1,2,2026-03-23,25185,1458,84,1033055,7936075
2442,2,6,2026-03-23,101534,7668,1220,5479635,16013119
2443,2,1,2026-03-23,81382,5042,803,4165160,26182268
2444,3,6,2026-03-23,12361,838,43,6558439,52856896
2445,3,1,2026-03-23,29323,641,110,332221,1693601
2446,3,5,2026-03-23,94863,3081,86,966155,4658225
2447,4,5,2026-03-23,97830,8716,1018,1860825,9890773
2448,4,2,2026-03-23,100887,6629,1050,813939,4195935
2449,4,4,2026-03-23,71530,1106,53,1958599,7990240
2450,4,1,2026-03-23,76040,4422,222,1340273,9002893
2451,5,2,2026-03-23,116229,4545,812,1662507,8093097
2452,5,6,2026-03-23,114581,6808,791,4550125,28864035
2453,6,4,2026-03-23,113064,4619,270,358578,2305316
2454,6,3,2026-03-23,94591,3204,450,842351,2417309
2455,7,3,2026-03-23,15479,1014,166,4040748,10392778
2456,7,1,2026-03-23,102552,6726,477,6770855,54153300
2457,7,4,2026-03-23,52379,3528,412,852631,5043488
2458,8,3,2026-03-23,111294,5679,567,6703968,36432879
2459,8,4,2026-03-23,76554,6884,347,5226034,18412977
2460,8,6,2026-03-23,95553,3962,373,4172518,18551877
2461,8,5,2026-03-23,109366,8583,1506,4189158,32307180
2462,9,4,2026-03-23,101712,7251,631,505351,3911502
2463,9,2,2026-03-23,108319,4197,748,5603219,19030232
2464,9,5,2026-03-23,52934,849,124,5851346,46413893
2465,10,5,2026-03-23,33441,739,61,1557450,6425011
2466,10,2,2026-03-23,30920,514,42,2846128,21285249
2467,1,3,2026-03-24,84537,5856,522,1640672,8899091
2468,1,2,2026-03-24,92266,1797,312,861248,7077479
2469,1,5,2026-03-24,97539,4950,328,2272601,12755146
2470,1,4,2026-03-24,69779,5252,454,408780,3368813
2471,2,2,2026-03-24,86065,4060,160,1385721,7867874
2472,2,3,2026-03-24,49708,3447,514,1374861,6485776
2473,2,5,2026-03-24,67065,1323,121,3798054,15103566
2474,2,4,2026-03-24,47755,3181,526,2921750,18416458
2475,3,3,2026-03-24,80657,6011,791,1366467,11331896
2476,3,5,2026-03-24,107445,6710,1176,2220376,14984494
2477,3,6,2026-03-24,84873,2781,420,4398572,25862671
2478,4,3,2026-03-24,17528,767,33,2998237,8958270
2479,4,5,2026-03-24,69348,3446,565,6405453,26237016
2480,5,4,2026-03-24,98311,2529,393,795106,4247839
2481,5,2,2026-03-24,34272,2141,154,5506410,29708836
2482,5,3,2026-03-24,24152,1781,308,4365939,36725001
2483,6,5,2026-03-24,84309,2025,278,6469778,50520103
2484,6,2,2026-03-24,73616,5514,359,6932950,32973480
2485,6,6,2026-03-24,96835,7397,160,2489325,9273831
2486,6,3,2026-03-24,43810,740,91,6695253,33667343
2487,7,4,2026-03-24,87036,3799,171,4025710,28384352
2488,7,2,2026-03-24,19122,1630,151,1959104,13200012
2489,7,6,2026-03-24,64419,2342,266,3007873,24774747
2490,8,1,2026-03-24,77427,3931,167,6344002,30135115
2491,8,3,2026-03-24,8337,518,63,3618010,12909025
2492,9,1,2026-03-24,104154,6003,968,768580,5254520
2493,9,3,2026-03-24,98541,2452,74,869541,2903804
2494,9,5,2026-03-24,18402,997,169,2271436,6930506
2495,9,4,2026-03-24,52227,4592,340,3761490,17157805
2496,10,4,2026-03-24,76448,1503,130,6924724,33764545
2497,10,6,2026-03-24,25314,1420,48,2038577,10582230
2498,1,3,2026-03-25,36360,699,90,503215,1416499
2499,1,2,2026-03-25,115479,7771,750,653796,2493581
2500,2,2,2026-03-25,70612,2751,225,5621150,36658768
2501,2,6,2026-03-25,7523,400,26,497242,3240949
2502,3,4,2026-03-25,31230,1849,98,5188370,28270340
2503,3,5,2026-03-25,50794,3435,388,3387999,18819967
2504,3,1,2026-03-25,113663,3104,167,4798223,12207157
2505,3,6,2026-03-25,87271,6180,401,4966269,23568936
2506,4,2,2026-03-25,48841,1449,237,3593639,11553570
2507,4,6,2026-03-25,42405,2072,189,5764411,37647819
2508,4,3,2026-03-25,105927,4811,238,649470,3133505
2509,5,6,2026-03-25,31233,2248,309,2804920,21030107
2510,5,2,2026-03-25,93369,2901,333,2844857,13273049
2511,6,6,2026-03-25,79297,6483,1004,2118701,11793953
2512,6,2,2026-03-25,45619,726,110,3101224,11592735
2513,7,4,2026-03-25,83880,6000,1003,4328004,25383653
2514,7,3,2026-03-25,42400,3164,400,2384723,7073195
2515,7,6,2026-03-25,19058,1550,242,5494869,15386557
2516,7,2,2026-03-25,6469,556,93,2845494,14712238
2517,8,5,2026-03-25,53241,1658,83,3849770,26760055
2518,8,2,2026-03-25,53866,1115,96,487858,2090383
2519,8,1,2026-03-25,9586,789,53,2503902,13124367
2520,8,4,2026-03-25,109930,9189,360,5641108,39293494
2521,9,1,2026-03-25,19756,423,24,5163522,34438169
2522,9,4,2026-03-25,40800,1438,190,4324224,12452481
2523,9,2,2026-03-25,95675,2535,77,5987637,28528396
2524,9,6,2026-03-25,9870,516,78,3759665,13347327
2525,10,5,2026-03-25,91063,1796,257,2655713,17951054
2526,10,1,2026-03-25,99223,5054,749,504790,3294994
2527,1,2,2026-03-26,111214,1684,208,5024564,37746307
2528,1,4,2026-03-26,62061,3532,467,6943473,27004036
2529,2,1,2026-03-26,83387,3547,536,4868358,16958283
2530,2,3,2026-03-26,91324,7546,1027,4836282,16318457
2531,2,5,2026-03-26,101363,6380,543,5167169,25374288
2532,2,6,2026-03-26,66274,5882,839,1538436,11361911
2533,3,6,2026-03-26,52229,4549,153,2423998,18928113
2534,3,5,2026-03-26,48621,4101,505,4081322,28659940
2535,3,4,2026-03-26,117957,7788,1264,3181098,17617293
2536,4,2,2026-03-26,87928,6805,309,5112482,17061005
2537,4,5,2026-03-26,111988,8334,1266,3624826,10839898
2538,4,3,2026-03-26,59916,4856,866,4863375,13383378
2539,4,4,2026-03-26,18607,1082,65,4917497,31903843
2540,5,6,2026-03-26,94654,6458,475,1280807,5703335
2541,5,2,2026-03-26,114637,8571,923,3613168,20373664
2542,6,2,2026-03-26,103281,4709,660,1192771,4597999
2543,6,5,2026-03-26,89397,4382,672,6619297,24027960
2544,6,3,2026-03-26,5078,416,72,1204299,6588981
2545,7,6,2026-03-26,36697,2630,180,2055266,11821481
2546,7,3,2026-03-26,17659,1525,77,436063,1171520
2547,8,2,2026-03-26,113482,8307,260,2425957,12652812
2548,8,6,2026-03-26,20591,960,74,3680615,9434927
2549,9,3,2026-03-26,32321,1221,145,4313441,27223496
2550,9,6,2026-03-26,82769,1501,148,564392,3104138
2551,9,4,2026-03-26,51071,884,116,6992697,33582648
2552,9,2,2026-03-26,75650,5502,482,5225159,32507753
2553,10,6,2026-03-26,54803,980,96,1028371,5500993
2554,10,4,2026-03-26,76268,1670,98,6302959,39631700
2555,10,1,2026-03-26,17321,850,118,2324830,14231801
2556,1,1,2026-03-27,77433,5674,889,2116597,13085445
2557,1,3,2026-03-27,17445,275,11,5964346,42853882
2558,1,5,2026-03-27,71361,3449,346,4185435,17363054
2559,2,4,2026-03-27,81763,1948,200,1758935,13919456
2560,2,5,2026-03-27,43455,3433,90,5342562,23980055
2561,2,1,2026-03-27,19375,1288,225,944418,3489377
2562,2,2,2026-03-27,68733,2314,189,6545576,48049868
2563,3,4,2026-03-27,44620,1280,95,6029697,36186737
2564,3,1,2026-03-27,69664,2240,204,6178568,50591639
2565,4,1,2026-03-27,23245,578,102,5376835,31597640
2566,4,2,2026-03-27,62422,3259,479,3906878,10248622
2567,5,6,2026-03-27,67083,1174,105,6189203,31153547
2568,5,3,2026-03-27,13542,291,46,5875927,27298707
2569,5,1,2026-03-27,57602,3054,179,1453662,4689608
2570,5,2,2026-03-27,26233,563,28,1948504,10086650
2571,6,3,2026-03-27,13758,1208,151,5183180,25809824
2572,6,5,2026-03-27,78356,1408,73,2819460,9302213
2573,6,6,2026-03-27,96943,4294,341,4579834,33105433
2574,6,2,2026-03-27,19778,1074,67,4750318,12128250
2575,7,3,2026-03-27,117798,6011,325,5870340,31397849
2576,7,2,2026-03-27,67748,2104,100,4939173,31118663
2577,8,1,2026-03-27,24058,1914,59,4606582,38875874
2578,8,2,2026-03-27,14514,834,49,6620092,32975020
2579,8,5,2026-03-27,87001,3665,205,2501744,12354484
2580,8,3,2026-03-27,103614,4910,782,6848415,33336529
2581,9,6,2026-03-27,56219,2739,421,2185096,15277428
2582,9,3,2026-03-27,21688,1105,189,4574392,35828764
2583,10,6,2026-03-27,73322,2681,385,3930099,23969401
2584,10,2,2026-03-27,59698,1192,40,6818351,23000907
2585,10,5,2026-03-27,89069,1602,103,2655801,14041332
2586,10,3,2026-03-27,110750,9856,735,4790345,29373318
2587,1,4,2026-03-28,55606,3992,616,5245596,34995979
2588,1,5,2026-03-28,94415,5701,716,5114961,17000105
2589,1,6,2026-03-28,49181,1073,105,3172343,18071044
2590,2,6,2026-03-28,40155,3415,546,5286472,29504368
2591,2,1,2026-03-28,46032,3890,279,2308356,13610273
2592,2,3,2026-03-28,50680,4456,225,3110170,17435708
2593,2,4,2026-03-28,58941,2115,244,5917721,38196917
2594,3,2,2026-03-28,94912,3996,426,2993938,11157768
2595,3,3,2026-03-28,65645,3848,183,6378324,43605126
2596,3,6,2026-03-28,43202,2717,143,6926539,43641804
2597,3,5,2026-03-28,49220,1414,174,4468766,21226601
2598,4,4,2026-03-28,75439,3063,186,904401,3631363
2599,4,3,2026-03-28,54356,4130,732,327406,949241
2600,4,6,2026-03-28,111429,9478,1596,4114808,33364945
2601,5,5,2026-03-28,39825,749,66,4406723,26755994
2602,5,3,2026-03-28,67438,3222,225,1472118,5279940
2603,5,4,2026-03-28,52360,3770,675,644223,4885174
2604,5,1,2026-03-28,41353,953,100,1368894,9860449
2605,6,6,2026-03-28,91546,5263,113,3132043,26187066
2606,6,4,2026-03-28,99315,3554,315,2233476,8537742
2607,6,2,2026-03-28,84123,4861,304,4935677,22809286
2608,6,1,2026-03-28,35980,949,103,2956821,20916869
2609,7,4,2026-03-28,76003,4653,803,1064854,6311859
2610,7,2,2026-03-28,85495,7557,477,4379020,14220340
2611,8,4,2026-03-28,36722,1816,84,1755785,14056381
2612,8,2,2026-03-28,41630,959,55,2887837,14760196
2613,9,4,2026-03-28,18155,1426,121,4025658,20752932
2614,9,6,2026-03-28,101883,8314,1297,6597279,31541431
2615,9,2,2026-03-28,75944,5496,290,5948143,32412138
2616,9,1,2026-03-28,108492,8748,654,473776,2603016
2617,10,4,2026-03-28,23941,1622,188,6163040,40674034
2618,10,6,2026-03-28,27070,2006,106,2935799,13562196
2619,10,2,2026-03-28,40932,1377,91,2236891,10684877
2620,10,5,2026-03-28,66566,5794,752,5025379,19922800
2621,1,1,2026-03-29,79928,3268,264,4418449,22612522
2622,1,4,2026-03-29,63369,5271,180,2438472,11191075
2623,1,6,2026-03-29,40274,1711,307,4314206,14877924
2624,1,2,2026-03-29,33722,2664,328,5325658,30279664
2625,2,1,2026-03-29,52785,981,55,6231622,49822437
2626,2,4,2026-03-29,17108,1046,113,2400432,7142562
2627,3,4,2026-03-29,23564,1870,120,1860449,7208369
2628,3,2,2026-03-29,45841,1260,38,1074025,6686522
2629,3,3,2026-03-29,80053,5131,746,6516754,23171384
2630,4,4,2026-03-29,7252,548,28,6277127,18594637
2631,4,6,2026-03-29,106297,2403,362,1799300,10262703
2632,4,2,2026-03-29,107112,5322,754,6366712,22751724
2633,4,1,2026-03-29,74947,6363,377,373370,1662567
2634,5,3,2026-03-29,111601,1847,186,776892,3777896
2635,5,5,2026-03-29,26889,500,22,1409737,5570651
2636,6,3,2026-03-29,37216,1828,244,6284682,25071411
2637,6,5,2026-03-29,88903,5374,143,3466071,11491500
2638,6,6,2026-03-29,42644,2113,312,5983495,42037350
2639,6,2,2026-03-29,77130,4289,362,4704445,24932247
2640,7,5,2026-03-29,73612,6276,293,4492011,14632452
2641,7,3,2026-03-29,9773,298,34,3382824,25545991
2642,7,4,2026-03-29,20143,1215,104,3453648,14840697
2643,7,2,2026-03-29,8129,313,16,434566,1648492
2644,8,2,2026-03-29,109039,4105,242,437388,3456686
2645,8,4,2026-03-29,62544,2124,178,6280157,33229743
2646,8,6,2026-03-29,31829,1583,136,730723,2902575
2647,8,3,2026-03-29,24075,1980,331,2778146,13180118
2648,9,4,2026-03-29,15239,912,70,4599677,26722469
2649,9,6,2026-03-29,10311,876,139,4321989,12562007
2650,9,5,2026-03-29,48444,1429,239,1692050,4342370
2651,10,2,2026-03-29,40338,786,79,5590481,31455099
2652,10,5,2026-03-29,8164,396,29,5441596,28632295
2653,1,3,2026-03-30,110018,5916,235,3977547,28045504
2654,1,6,2026-03-30,61807,4466,115,6837308,39573918
2655,1,5,2026-03-30,103164,5929,182,1586225,12844751
2656,1,1,2026-03-30,54535,2168,291,6435845,43990681
2657,2,2,2026-03-30,17214,1054,67,2147486,5908485
2658,2,6,2026-03-30,44703,711,29,3809591,22536661
2659,2,5,2026-03-30,59734,4477,722,3881193,22442361
2660,3,2,2026-03-30,26416,2097,131,4348883,31407950
2661,3,1,2026-03-30,33717,1689,298,5942276,32450135
2662,3,5,2026-03-30,15481,1009,151,3175087,19688048
2663,4,4,2026-03-30,87775,5694,593,5901508,38901228
2664,4,3,2026-03-30,98921,5859,757,5281577,37867727
2665,4,5,2026-03-30,37151,1187,27,4355019,17999864
2666,5,3,2026-03-30,82554,3097,489,1193359,8883858
2667,5,4,2026-03-30,77746,2470,359,2386565,12615586
2668,5,5,2026-03-30,25087,2118,278,4543324,21253476
2669,5,1,2026-03-30,102324,4603,509,2808902,8389558
2670,6,5,2026-03-30,91885,1835,128,777337,3975099
2671,6,4,2026-03-30,111831,5302,457,556653,2506449
2672,7,1,2026-03-30,68769,5565,549,3624780,21859378
2673,7,3,2026-03-30,58125,2746,158,2340410,14424968
2674,7,2,2026-03-30,26613,1070,123,5278186,25129896
2675,8,1,2026-03-30,15788,1179,25,4832955,24509150
2676,8,6,2026-03-30,17099,1454,213,6150076,39285569
2677,9,1,2026-03-30,28274,493,32,3376664,22192915
2678,9,4,2026-03-30,113364,7651,968,1034172,2836298
2679,10,3,2026-03-30,81397,1723,45,301787,2241848
2680,10,1,2026-03-30,30198,2241,366,4413438,13881281
2681,10,5,2026-03-30,82774,3050,469,901323,6751642
2682,1,2,2026-03-31,84451,6665,301,6810190,45625932
2683,1,1,2026-03-31,17598,919,51,2679823,7214625
2684,1,4,2026-03-31,116693,4714,217,4264962,31397049
2685,2,5,2026-03-31,90654,6157,518,2272372,16510021
2686,2,3,2026-03-31,116034,4432,320,2318980,12215738
2687,2,6,2026-03-31,97174,2588,84,5229843,40535727
2688,3,1,2026-03-31,21529,564,17,6762304,30405815
2689,3,4,2026-03-31,46936,2743,370,3951853,19598358
2690,4,6,2026-03-31,32495,2670,333,3355209,11539186
2691,4,5,2026-03-31,30098,1230,34,2415455,11684411
2692,4,3,2026-03-31,111498,5833,731,3634384,26176100
2693,4,4,2026-03-31,118059,4635,191,3042304,21209992
2694,5,4,2026-03-31,118924,8769,1514,3787991,11588593
2695,5,3,2026-03-31,119756,10673,466,1477265,5820631
2696,5,2,2026-03-31,84157,4388,282,1996641,13626488
2697,5,1,2026-03-31,59771,1068,22,3326001,22511011
2698,6,3,2026-03-31,68281,4975,871,1992093,7502960
2699,6,6,2026-03-31,48583,3207,504,6541564,36174108
2700,6,1,2026-03-31,74582,3304,345,5253370,32438418
2701,6,4,2026-03-31,85245,2536,363,6434346,46981514
2702,7,6,2026-03-31,75620,6787,631,2686438,12077237
2703,7,5,2026-03-31,58390,3456,602,826791,4420938
2704,7,3,2026-03-31,59689,5054,840,5406652,32068939
2705,8,5,2026-03-31,39694,1489,185,624726,4623233
2706,8,2,2026-03-31,92612,7670,465,2526050,6380070
2707,8,4,2026-03-31,35044,632,108,4068581,16005308
2708,9,4,2026-03-31,14975,1125,71,4884759,39759502
2709,9,1,2026-03-31,7142,375,64,6965837,49462148
2710,10,5,2026-03-31,81044,2512,316,2712204,19468332
2711,10,1,2026-03-31,117097,3818,680,5003951,34298718
2712,10,4,2026-03-31,28230,1577,82,6046901,30700133
2713,1,6,2026-04-01,7711,173,29,6432211,26045047
2714,1,2,2026-04-01,91174,3366,205,1657792,13155785
2715,1,4,2026-04-01,31750,2212,172,6718062,54352136
2716,2,5,2026-04-01,14991,1329,212,327919,2695990
2717,2,6,2026-04-01,13648,1001,147,2565352,21268979
2718,2,1,2026-04-01,19859,1437,106,4498188,31919136
2719,3,4,2026-04-01,92555,5653,823,3288517,23789132
2720,3,5,2026-04-01,51299,1448,215,4874345,39821664
2721,3,1,2026-04-01,100068,1637,272,6954765,49371205
2722,3,2,2026-04-01,13314,361,26,4679580,34588215
2723,4,2,2026-04-01,49588,3918,575,3927247,12258572
2724,4,4,2026-04-01,72163,5281,445,1705284,6208703
2725,4,3,2026-04-01,88556,4539,516,6149835,17843152
2726,4,1,2026-04-01,102602,3283,410,6849535,37441277
2727,5,4,2026-04-01,31098,2565,66,1877733,4736263
2728,5,3,2026-04-01,51585,840,106,3425070,21894078
2729,5,5,2026-04-01,59464,4235,89,2943839,22585253
2730,6,2,2026-04-01,82941,4482,639,5273484,17479605
2731,6,1,2026-04-01,69794,3944,426,6688629,30394601
2732,7,1,2026-04-01,75396,5780,386,1194009,3378422
2733,7,3,2026-04-01,44348,2876,516,6137689,24855727
2734,7,2,2026-04-01,54752,4924,319,3756356,31507794
2735,7,4,2026-04-01,74594,3154,314,6496064,27926064
2736,8,1,2026-04-01,47959,1384,48,1452802,11750933
2737,8,3,2026-04-01,84024,5038,181,1251051,3841907
2738,9,3,2026-04-01,28936,1684,190,961348,3738794
2739,9,6,2026-04-01,41243,1582,224,6632062,38120017
2740,9,1,2026-04-01,117623,2467,330,5143262,39715253
2741,10,3,2026-04-01,57907,4135,109,3824651,11695036
2742,10,5,2026-04-01,48681,1712,48,876696,2687853
2743,10,6,2026-04-01,82110,1256,204,656724,3490710
2744,10,1,2026-04-01,52333,2378,88,1632169,9866662
2745,1,2,2026-04-02,29265,1862,206,1171356,7362011
2746,1,1,2026-04-02,7207,362,49,1362513,4790892
2747,1,3,2026-04-02,112764,8997,913,3721801,9422554
2748,1,5,2026-04-02,73547,5930,665,6422436,45969060
2749,2,4,2026-04-02,36183,703,37,5894214,28472866
2750,2,5,2026-04-02,113137,6175,463,3693364,30811257
2751,3,5,2026-04-02,37640,2304,374,6229943,31282693
2752,3,3,2026-04-02,89978,5434,109,1261424,6222944
2753,3,6,2026-04-02,30056,2134,278,5137005,18524798
2754,4,5,2026-04-02,98201,1769,317,6548507,18200823
2755,4,1,2026-04-02,14463,958,39,2129854,8858689
2756,4,2,2026-04-02,19760,1147,142,6316615,19989850
2757,4,6,2026-04-02,96255,1543,57,2030850,10524772
2758,5,6,2026-04-02,118875,5070,894,3476972,22451230
2759,5,1,2026-04-02,94170,3355,423,5627198,18994566
2760,6,3,2026-04-02,69213,3576,228,710483,2850932
2761,6,2,2026-04-02,61792,3075,91,799896,5591229
2762,6,5,2026-04-02,73718,2704,232,2709291,9060376
2763,7,2,2026-04-02,67027,4955,518,5219788,27281609
2764,7,4,2026-04-02,44740,2832,260,6074976,46674568
2765,7,1,2026-04-02,115030,5839,481,1646021,8859052
2766,8,2,2026-04-02,89570,4607,253,4928385,27392881
2767,8,1,2026-04-02,23965,556,75,4679090,18851431
2768,8,6,2026-04-02,17954,635,79,2902290,20253391
2769,9,1,2026-04-02,19040,630,41,2349288,16554073
2770,9,5,2026-04-02,92614,7858,1233,5118531,37334400
2771,10,2,2026-04-02,7565,299,38,4946218,24821887
2772,10,4,2026-04-02,49734,751,38,1209880,8342986
2773,10,1,2026-04-02,99487,7194,432,2581211,15531544
2774,10,5,2026-04-02,87424,3946,610,5346354,31496943
2775,1,1,2026-04-03,86870,2581,152,684227,5232132
2776,1,4,2026-04-03,51777,2607,152,3097006,16906256
2777,1,5,2026-04-03,61468,5336,120,939784,2931331
2778,2,2,2026-04-03,118580,2168,205,4787743,40579647
2779,2,4,2026-04-03,14516,329,58,4901722,25232530
2780,3,2,2026-04-03,33635,1440,37,398128,3188695
2781,3,6,2026-04-03,58626,1408,91,5237754,41057755
2782,4,1,2026-04-03,36025,2193,76,2399808,17390442
2783,4,3,2026-04-03,75371,5349,909,2323416,6424299
2784,5,3,2026-04-03,104264,7005,147,4406638,32619664
2785,5,5,2026-04-03,33358,2491,403,1139645,3455701
2786,5,2,2026-04-03,81399,2621,293,300779,1522734
2787,5,6,2026-04-03,50738,4317,606,4966472,33154349
2788,6,6,2026-04-03,87209,5047,639,1915181,6765203
2789,6,1,2026-04-03,25572,832,22,1804845,6633051
2790,7,2,2026-04-03,43666,2164,272,2192681,13620665
2791,7,6,2026-04-03,9127,217,36,2012648,9459152
2792,8,6,2026-04-03,95166,1879,308,4273935,20380331
2793,8,4,2026-04-03,27462,1183,124,6041495,45658273
2794,8,2,2026-04-03,60096,1390,197,2076582,6103652
2795,9,1,2026-04-03,96709,7344,459,4664272,31634649
2796,9,4,2026-04-03,93754,5139,843,5263396,41548460
2797,9,2,2026-04-03,81758,7262,1175,1620343,12108261
2798,10,5,2026-04-03,60690,1693,260,4033566,16840349
2799,10,6,2026-04-03,39108,2364,397,6996643,49892062
2800,10,2,2026-04-03,7625,226,15,6780686,38735932
2801,10,4,2026-04-03,16930,1364,52,6126036,19975004
2802,1,2,2026-04-04,117351,2756,266,5749703,34406073
2803,1,5,2026-04-04,101680,7753,220,1808209,10368545
2804,2,2,2026-04-04,11652,619,72,922207,3641766
2805,2,6,2026-04-04,77388,1645,171,1084641,4401418
2806,3,5,2026-04-04,10769,506,78,2022184,6750605
2807,3,2,2026-04-04,108550,3423,416,4644922,15732041
2808,3,6,2026-04-04,62979,1282,173,4886272,14565690
2809,4,4,2026-04-04,116047,4679,118,396717,2848541
2810,4,2,2026-04-04,106620,6916,165,6365718,17073393
2811,4,3,2026-04-04,47270,1293,179,5643872,33948134
2812,5,6,2026-04-04,68016,5882,210,6873729,54067142
2813,5,2,2026-04-04,89875,3852,562,6578636,54680714
2814,6,6,2026-04-04,51312,1973,251,6966339,55630076
2815,6,2,2026-04-04,89621,3292,219,1636090,4925027
2816,7,5,2026-04-04,75780,3846,379,6742342,19954792
2817,7,6,2026-04-04,28032,2153,142,5514819,39871364
2818,8,4,2026-04-04,71472,3402,82,5326551,14877690
2819,8,6,2026-04-04,91774,3175,188,3197023,20205209
2820,8,1,2026-04-04,16624,700,71,4746257,16136095
2821,9,5,2026-04-04,59129,1548,97,2211300,18672228
2822,9,1,2026-04-04,53439,3452,271,1728040,12460618
2823,9,2,2026-04-04,54194,3778,409,630309,3939495
2824,10,4,2026-04-04,36508,1670,262,4983044,26211518
2825,10,2,2026-04-04,51540,3813,86,5537831,39715567
2826,1,2,2026-04-05,40102,3013,507,3585621,14403047
2827,1,6,2026-04-05,74281,1806,196,4740003,32853137
2828,1,1,2026-04-05,39289,2432,149,5700396,20320033
2829,1,4,2026-04-05,67081,3513,593,4625697,16944562
2830,2,2,2026-04-05,40101,1330,169,1486996,9932935
2831,2,5,2026-04-05,86143,5671,772,4676533,27724931
2832,2,1,2026-04-05,92752,6031,417,2796338,9651720
2833,2,6,2026-04-05,36813,2980,420,1394800,6568865
2834,3,5,2026-04-05,45577,3967,239,4175245,32319173
2835,3,4,2026-04-05,112746,4990,854,5598515,27092810
2836,3,2,2026-04-05,51488,4425,353,2737829,21074824
2837,3,1,2026-04-05,10546,305,44,6349227,41616042
2838,4,5,2026-04-05,30122,2618,434,495153,3224429
2839,4,2,2026-04-05,66581,2882,247,2647028,20325218
2840,4,3,2026-04-05,72237,4202,631,4538061,36293808
2841,5,2,2026-04-05,53283,1764,232,4651564,16609468
2842,5,1,2026-04-05,41101,1638,287,4206429,25914006
2843,6,1,2026-04-05,95023,5979,1069,2744241,10792832
2844,6,3,2026-04-05,33329,1022,145,3278488,12018850
2845,6,6,2026-04-05,73971,2539,178,6246500,20195449
2846,6,2,2026-04-05,100479,3179,135,1157111,3518017
2847,7,5,2026-04-05,108202,2627,72,1966135,7759505
2848,7,4,2026-04-05,16982,1058,54,2118501,7008513
2849,7,6,2026-04-05,89414,3507,196,3711201,28312311
2850,7,3,2026-04-05,99812,2072,69,6591811,40679720
2851,8,4,2026-04-05,65517,5703,897,6833998,39741741
2852,8,3,2026-04-05,118248,6425,137,1850456,6943320
2853,8,6,2026-04-05,8482,761,18,1195448,5388518
2854,8,1,2026-04-05,59397,1389,56,5309648,29963503
2855,9,2,2026-04-05,48758,2458,325,2513645,17282734
2856,9,4,2026-04-05,112877,9981,390,6379875,50704828
2857,10,5,2026-04-05,56348,2400,352,1423455,11124733
2858,10,2,2026-04-05,14994,574,17,1333255,10299460
2859,1,5,2026-04-06,43304,1383,115,4304275,19617601
2860,1,3,2026-04-06,8457,498,70,3716504,13633012
2861,1,1,2026-04-06,111816,7740,1320,5388263,32931918
2862,1,6,2026-04-06,24383,500,46,3111788,14084475
2863,2,1,2026-04-06,9781,656,103,2765817,9072750
2864,2,3,2026-04-06,75268,3427,478,3377243,21218771
2865,3,2,2026-04-06,61186,2915,427,688882,3868785
2866,3,4,2026-04-06,17580,417,16,6845687,51884980
2867,3,5,2026-04-06,10525,902,144,764623,4298358
2868,4,3,2026-04-06,57144,4648,158,6698294,17841690
2869,4,4,2026-04-06,25184,1671,52,6550866,24743411
2870,5,2,2026-04-06,49634,2068,311,4570437,26516525
2871,5,3,2026-04-06,62178,3600,351,4370741,22058436
2872,6,6,2026-04-06,113972,3964,554,638411,2039704
2873,6,2,2026-04-06,44846,3687,76,4727590,39763198
2874,6,5,2026-04-06,107268,3170,214,4300417,33014310
2875,6,3,2026-04-06,77127,5418,566,3717999,10323855
2876,7,6,2026-04-06,85544,5927,169,5895417,27846276
2877,7,3,2026-04-06,95584,6408,749,698385,3872123
2878,8,5,2026-04-06,80246,2297,51,4100944,34658572
2879,8,1,2026-04-06,81401,6149,519,5315132,35807883
2880,8,3,2026-04-06,86759,7434,649,5538550,32878447
2881,8,2,2026-04-06,54265,4353,544,4936371,31348403
2882,9,6,2026-04-06,43738,1132,164,5159349,24788572
2883,9,4,2026-04-06,79548,2674,194,1163556,4964247
2884,9,1,2026-04-06,106226,5580,388,5490733,39828631
2885,9,3,2026-04-06,117307,3470,166,1896987,5975754
2886,10,3,2026-04-06,106747,9359,792,4996351,41288686
2887,10,2,2026-04-06,12179,555,73,4980076,26582974
2888,1,6,2026-04-07,105111,4869,791,5684949,29288493
2889,1,1,2026-04-07,103209,3219,353,6376718,24669367
2890,1,4,2026-04-07,84525,2665,339,5353298,42543516
2891,2,2,2026-04-07,78551,5638,866,2688248,20076055
2892,2,5,2026-04-07,50178,4365,706,1288222,10807652
2893,2,6,2026-04-07,96113,5523,494,551154,3194220
2894,2,3,2026-04-07,116276,8581,729,6701390,31177098
2895,3,2,2026-04-07,107708,6063,677,3191699,15771939
2896,3,4,2026-04-07,14542,1225,66,5012670,27026183
2897,3,3,2026-04-07,60830,1360,207,1522367,10807201
2898,3,1,2026-04-07,110805,6054,674,6594994,21243238
2899,4,3,2026-04-07,75971,1988,226,6785609,29615493
2900,4,4,2026-04-07,71719,2538,415,547078,4100447
2901,5,4,2026-04-07,5128,79,12,3942737,24059979
2902,5,2,2026-04-07,56024,1103,31,6702638,32327658
2903,6,1,2026-04-07,92597,2731,321,513786,1432176
2904,6,6,2026-04-07,13679,590,17,5738210,23959795
2905,7,6,2026-04-07,117438,8259,236,3720799,26573670
2906,7,5,2026-04-07,118101,7347,377,5186049,42507669
2907,7,1,2026-04-07,89157,4086,175,6423485,30255682
2908,8,3,2026-04-07,62756,3024,196,1661574,4733977
2909,8,6,2026-04-07,63854,5198,707,6700225,51444982
2910,8,1,2026-04-07,93000,2301,96,463263,2702114
2911,8,2,2026-04-07,17067,1210,119,5546148,41352280
2912,9,1,2026-04-07,105809,7759,183,4695474,30744998
2913,9,2,2026-04-07,39445,790,40,2000089,10446862
2914,9,6,2026-04-07,16689,1423,245,2935701,13643005
2915,10,2,2026-04-07,57600,1333,142,963965,5095066
2916,10,3,2026-04-07,31858,2507,410,1678020,11021564
2917,1,5,2026-04-08,5060,220,12,3839150,15079558
2918,1,2,2026-04-08,72278,6394,452,4223584,23121962
2919,2,3,2026-04-08,33606,1631,265,4873375,20859843
2920,2,4,2026-04-08,39681,2358,321,1715104,13184601
2921,2,1,2026-04-08,47339,879,139,2766389,15385581
2922,2,5,2026-04-08,112146,2477,158,743758,2914821
2923,3,6,2026-04-08,114051,2579,245,1208340,9746595
2924,3,3,2026-04-08,65713,4637,463,4606634,16224146
2925,4,1,2026-04-08,114308,3098,107,4423632,34794508
2926,4,6,2026-04-08,82200,4538,223,5570274,20388942
2927,5,4,2026-04-08,113756,5898,808,5387641,27625592
2928,5,2,2026-04-08,104336,4898,745,4824478,19096134
2929,5,3,2026-04-08,20071,1577,76,6017102,50997890
2930,5,6,2026-04-08,58533,1005,56,6593731,34273288
2931,6,1,2026-04-08,94226,7965,310,4312449,28896294
2932,6,4,2026-04-08,57777,4597,457,3698096,20745076
2933,6,5,2026-04-08,110854,2881,422,3362565,23831225
2934,6,2,2026-04-08,54298,3016,101,1733950,6212211
2935,7,3,2026-04-08,56558,3727,467,424421,3040432
2936,7,6,2026-04-08,75657,6745,1146,6060855,24785573
2937,7,2,2026-04-08,79636,2092,66,5763514,41039339
2938,7,1,2026-04-08,27834,569,63,3046367,17995505
2939,8,5,2026-04-08,35830,1692,198,2722664,19603442
2940,8,1,2026-04-08,118780,1925,87,616989,4692346
2941,8,3,2026-04-08,109645,1923,224,6420637,24904330
2942,9,4,2026-04-08,43255,2752,186,5380121,24352180
2943,9,5,2026-04-08,101393,6157,668,853792,5450287
2944,9,3,2026-04-08,42167,1729,207,4557511,23914685
2945,9,6,2026-04-08,111202,7932,204,5793136,29825574
2946,10,2,2026-04-08,63665,2819,144,6751739,56259928
2947,10,6,2026-04-08,29479,500,59,2606028,12463823
2948,10,4,2026-04-08,15222,1328,40,5566527,36083080
2949,1,4,2026-04-09,55393,3082,484,5120034,40918849
2950,1,5,2026-04-09,71296,3728,578,1386220,6128059
2951,1,6,2026-04-09,80602,2394,428,620276,4492763
2952,2,3,2026-04-09,89351,2588,310,2292140,10800759
2953,2,5,2026-04-09,96160,3384,83,3322895,23371259
2954,2,1,2026-04-09,56138,2445,291,6051333,31707851
2955,2,2,2026-04-09,10022,173,6,2645430,20895194
2956,3,6,2026-04-09,116736,5030,302,4692148,22799335
2957,3,3,2026-04-09,82803,3689,156,5428689,23153267
2958,4,2,2026-04-09,113830,9103,1443,1932153,11162226
2959,4,6,2026-04-09,80051,6811,506,1679267,6825163
2960,4,3,2026-04-09,94714,6254,453,4771465,33729434
2961,4,5,2026-04-09,99689,8892,865,3180234,15374711
2962,5,2,2026-04-09,34133,1390,163,6058254,28596844
2963,5,4,2026-04-09,34301,2728,464,1190959,6978544
2964,5,6,2026-04-09,56277,2402,57,5717537,31090780
2965,5,3,2026-04-09,39452,3421,588,4986588,22171657
2966,6,3,2026-04-09,34387,535,36,5527615,17798183
2967,6,4,2026-04-09,93529,7673,1165,925032,7453826
2968,6,6,2026-04-09,19836,1657,191,1682567,4679789
2969,6,2,2026-04-09,73359,5683,417,2279862,9381182
2970,7,1,2026-04-09,32549,1451,49,2763314,14430192
2971,7,3,2026-04-09,47830,3686,193,2116937,14550967
2972,8,5,2026-04-09,67371,4688,806,1116864,4388039
2973,8,2,2026-04-09,60869,2955,209,434693,3590043
2974,8,4,2026-04-09,39832,3443,151,5696492,41665823
2975,9,1,2026-04-09,28242,1390,164,1323525,8836479
2976,9,6,2026-04-09,73645,3716,110,6444670,48396074
2977,9,3,2026-04-09,104321,5304,336,1388639,5429661
2978,10,5,2026-04-09,26337,2153,365,4975865,36595433
2979,10,6,2026-04-09,111088,8130,703,3021727,23219574
2980,10,3,2026-04-09,81489,4317,633,4073025,23352645
2981,10,2,2026-04-09,41639,1557,72,4433166,29864509
2982,1,3,2026-04-10,82112,3830,299,2961934,21401888
2983,1,6,2026-04-10,115307,7036,340,1381265,5977079
2984,1,5,2026-04-10,85528,7123,1245,6114817,30993828
2985,1,4,2026-04-10,48554,820,138,352492,2747653
2986,2,2,2026-04-10,53824,3387,385,2246908,6598020
2987,2,3,2026-04-10,35988,893,143,1270843,9271908
2988,3,1,2026-04-10,47464,1922,48,2012041,12676878
2989,3,2,2026-04-10,60795,3445,169,1141959,4800175
2990,3,6,2026-04-10,42272,3332,346,3513403,16916873
2991,4,6,2026-04-10,116456,7776,1320,3848987,19991739
2992,4,4,2026-04-10,88535,6565,886,2755078,17519192
2993,4,2,2026-04-10,24622,1748,71,4622767,38871645
2994,4,5,2026-04-10,97233,2681,211,2054484,16843109
2995,5,5,2026-04-10,110563,8404,1119,1188028,8223858
2996,5,2,2026-04-10,29959,2328,93,5388355,18100969
2997,6,1,2026-04-10,54434,3830,619,4658641,18487774
2998,6,3,2026-04-10,39392,2037,107,4936769,26061778
2999,6,6,2026-04-10,8175,449,64,3689210,20704170
3000,6,4,2026-04-10,16415,1065,51,1815529,14341062
3001,7,4,2026-04-10,102888,9053,995,2528268,13660232
3002,7,3,2026-04-10,54664,1454,161,574255,2556930
3003,7,5,2026-04-10,86082,1873,282,5918557,41142304
3004,8,6,2026-04-10,100624,2281,64,1823811,12419668
3005,8,5,2026-04-10,20850,1322,63,4134992,27393896
3006,8,2,2026-04-10,30994,1494,201,2122592,17096990
3007,9,5,2026-04-10,28827,805,90,5055288,40229219
3008,9,2,2026-04-10,33062,2333,375,1145655,7901388
3009,9,1,2026-04-10,109779,4338,679,932189,5912077
3010,9,6,2026-04-10,35968,2031,87,1697238,7553753
3011,10,6,2026-04-10,46969,2662,184,3805392,12302601
3012,10,2,2026-04-10,99999,6334,873,4436437,16917004
3013,10,5,2026-04-10,110937,4934,293,464083,2750277
3014,1,3,2026-04-11,85112,5843,225,4048254,24781971
3015,1,5,2026-04-11,116141,9238,833,1866947,11064011
3016,1,4,2026-04-11,62690,1268,36,2367702,15390828
3017,2,4,2026-04-11,19747,613,81,3042041,10128938
3018,2,5,2026-04-11,78179,6718,692,1396125,4740455
3019,2,6,2026-04-11,111472,7317,1284,1430082,10381539
3020,2,3,2026-04-11,57052,3975,541,755422,4372289
3021,3,1,2026-04-11,39774,2866,281,6054707,47280919
3022,3,6,2026-04-11,72977,3850,608,3977313,18279243
3023,4,6,2026-04-11,92470,4954,245,5647126,32244736
3024,4,3,2026-04-11,12979,972,162,6929819,58801413
3025,5,2,2026-04-11,41455,3662,211,3553530,22644660
3026,5,1,2026-04-11,111780,6477,952,2990512,9440702
3027,6,3,2026-04-11,32531,2615,291,1084915,2860968
3028,6,2,2026-04-11,24557,1552,72,6421727,52343273
3029,7,3,2026-04-11,31062,1579,196,6464973,35998817
3030,7,1,2026-04-11,12430,757,38,341208,2033359
3031,7,5,2026-04-11,66616,1412,183,4493173,13738215
3032,7,2,2026-04-11,20095,520,14,1566107,10791311
3033,8,2,2026-04-11,20476,1638,274,4161651,20644573
3034,8,6,2026-04-11,103652,6686,190,5382131,38365236
3035,9,1,2026-04-11,57782,1319,219,651072,2100189
3036,9,6,2026-04-11,99590,1732,72,3176780,20554738
3037,9,5,2026-04-11,74357,5353,905,1960536,15787996
3038,9,2,2026-04-11,102881,7173,185,5097309,18628969
3039,10,3,2026-04-11,91551,2601,322,5879630,43318499
3040,10,2,2026-04-11,106796,5774,253,6885065,28864050
3041,10,1,2026-04-11,18167,395,9,4984086,32886246
3042,1,5,2026-04-12,80553,5225,925,1559365,9477726
3043,1,2,2026-04-12,54227,1337,206,5261032,19265496
3044,1,3,2026-04-12,116001,4930,861,6353003,30386246
3045,1,1,2026-04-12,108674,2168,300,5795850,14532609
3046,2,6,2026-04-12,83145,3400,491,5194407,28461965
3047,2,5,2026-04-12,7239,530,30,4106199,13188708
3048,3,2,2026-04-12,77049,3043,239,2874842,20340751
3049,3,4,2026-04-12,22083,682,16,928717,7270566
3050,3,3,2026-04-12,107042,2859,121,4342071,35088759
3051,4,1,2026-04-12,67824,2191,217,805908,2819155
3052,4,3,2026-04-12,86189,1690,228,1016165,5169568
3053,4,2,2026-04-12,117979,6997,601,1390415,4531218
3054,5,5,2026-04-12,46869,1620,256,6041571,38003948
3055,5,1,2026-04-12,5993,189,25,2694576,7259990
3056,5,3,2026-04-12,12687,308,36,3701916,30502064
3057,6,6,2026-04-12,108132,4121,125,4014578,24251011
3058,6,4,2026-04-12,107023,9616,764,3866585,29235372
3059,6,3,2026-04-12,37256,1260,194,1448057,10890288
3060,6,2,2026-04-12,37912,1881,38,670135,3906651
3061,7,5,2026-04-12,10076,307,45,6479745,47011713
3062,7,1,2026-04-12,77593,2501,229,2616681,18527842
3063,8,4,2026-04-12,60549,3252,348,4635668,14299042
3064,8,2,2026-04-12,100258,6543,599,1542622,9342865
3065,9,1,2026-04-12,16067,476,12,4099730,12750154
3066,9,3,2026-04-12,12062,598,33,968635,8051925
3067,9,6,2026-04-12,111561,8954,696,4751785,39075472
3068,9,2,2026-04-12,69491,2607,386,1767843,5630995
3069,10,1,2026-04-12,79072,3766,285,4730211,31021654
3070,10,6,2026-04-12,63565,2983,264,2428698,13302087
3071,1,1,2026-04-13,5716,228,41,6817988,25241512
3072,1,5,2026-04-13,57766,1544,230,3986593,32019579
3073,2,4,2026-04-13,15345,636,19,2317861,17347238
3074,2,6,2026-04-13,96681,7640,176,783023,6560900
3075,2,2,2026-04-13,57819,2666,96,3071023,19227754
3076,3,1,2026-04-13,11629,564,55,4220488,13699453
3077,3,6,2026-04-13,38071,677,94,2503638,15055345
3078,4,5,2026-04-13,5396,208,26,6236860,18053669
3079,4,1,2026-04-13,107820,3009,183,5407397,29800252
3080,4,3,2026-04-13,110884,6566,810,5315828,39498037
3081,4,4,2026-04-13,56773,4186,438,4434110,28082502
3082,5,1,2026-04-13,62542,4151,623,3506304,21451293
3083,5,2,2026-04-13,103291,3816,327,3504481,28851383
3084,5,4,2026-04-13,24456,763,50,711915,3851551
3085,5,3,2026-04-13,79844,2791,160,1761257,12457671
3086,6,2,2026-04-13,81397,4691,179,5421632,28064578
3087,6,6,2026-04-13,6921,138,20,2515546,8781409
3088,6,3,2026-04-13,61464,4831,835,1470769,3909071
3089,7,1,2026-04-13,112454,9311,1443,1186601,3600309
3090,7,5,2026-04-13,12198,952,119,5830306,15535296
3091,7,4,2026-04-13,110283,7116,437,4878063,39816140
3092,8,2,2026-04-13,94698,6405,758,4602980,27953177
3093,8,3,2026-04-13,107241,6311,1035,1239160,3718725
3094,9,1,2026-04-13,91702,4870,732,892314,7426773
3095,9,5,2026-04-13,57297,4701,322,1459646,5056648
3096,9,3,2026-04-13,20760,1014,163,3286771,18510035
3097,10,2,2026-04-13,53994,2582,56,1747664,5016297
3098,10,5,2026-04-13,8367,288,7,4278780,18917294
3099,10,4,2026-04-13,92370,2034,314,1884728,9011825
3100,10,3,2026-04-13,16157,605,51,6714009,42887155
3101,1,2,2026-04-14,70494,4622,529,6939275,24232618
3102,1,5,2026-04-14,92872,4342,714,1561957,8247374
3103,2,5,2026-04-14,40013,729,55,6284281,20156730
3104,2,4,2026-04-14,108608,2349,265,1243659,5755231
3105,2,1,2026-04-14,10769,560,60,2381310,8482644
3106,3,6,2026-04-14,48687,3369,258,6834983,55268089
3107,3,5,2026-04-14,81157,6073,903,5920606,37578449
3108,3,2,2026-04-14,28819,1065,28,5372983,43292072
3109,4,6,2026-04-14,76669,2579,160,5432183,27572943
3110,4,3,2026-04-14,39818,1950,136,843245,4354246
3111,4,4,2026-04-14,25047,1429,51,1494031,5167619
3112,4,2,2026-04-14,51605,3018,177,5587475,27600929
3113,5,5,2026-04-14,80218,6979,1009,2530683,14444461
3114,5,2,2026-04-14,74822,5031,284,644670,5016825
3115,5,1,2026-04-14,23017,2045,170,1569520,13252353
3116,5,3,2026-04-14,103683,5654,657,871682,4401546
3117,6,1,2026-04-14,33108,2976,113,6647564,56273797
3118,6,6,2026-04-14,37543,1570,221,5330564,33798878
3119,6,3,2026-04-14,26396,2372,378,6295629,31127333
3120,6,5,2026-04-14,35493,1100,148,303560,1381311
3121,7,1,2026-04-14,47102,2671,93,3088798,22173100
3122,7,3,2026-04-14,96793,1611,74,2635528,18456230
3123,8,2,2026-04-14,85777,1913,135,564793,4370510
3124,8,3,2026-04-14,96359,3535,86,5058180,25282529
3125,8,1,2026-04-14,115772,2285,321,4362096,34370935
3126,9,1,2026-04-14,38907,2318,258,4885390,30694521
3127,9,5,2026-04-14,76657,4260,703,323920,2493468
3128,9,2,2026-04-14,65519,5077,219,2577495,7675049
3129,9,3,2026-04-14,40503,1864,290,1177333,8504654
3130,10,5,2026-04-14,87128,3767,235,3841545,23813003
3131,10,2,2026-04-14,75569,4632,770,6162636,51467469
3132,10,4,2026-04-14,56881,3824,412,2914022,23550714
3133,1,5,2026-04-15,47903,1941,119,2930295,21454083
3134,1,3,2026-04-15,11461,267,31,6359775,38760595
3135,1,1,2026-04-15,28669,556,72,4307713,36478162
3136,2,6,2026-04-15,96064,1761,67,4280233,12719302
3137,2,4,2026-04-15,94491,6577,370,5299665,30350676
3138,3,4,2026-04-15,37578,1721,229,1354976,4200493
3139,3,2,2026-04-15,80925,2791,222,768179,3667207
3140,3,6,2026-04-15,6006,112,12,5763729,34204268
3141,3,5,2026-04-15,110774,2790,292,5168445,20680532
3142,4,3,2026-04-15,54157,3584,228,6512268,49945094
3143,4,4,2026-04-15,85398,4066,404,719450,3209644
3144,5,3,2026-04-15,112504,8357,582,3853336,29636277
3145,5,2,2026-04-15,69229,4965,369,544814,3229254
3146,5,1,2026-04-15,107566,9301,1328,2151639,7861497
3147,6,5,2026-04-15,36787,2916,230,3692659,28637729
3148,6,1,2026-04-15,107665,2671,324,6762790,33897834
3149,6,4,2026-04-15,96828,3552,132,5606834,25253250
3150,6,6,2026-04-15,84723,3475,583,376806,2512827
3151,7,4,2026-04-15,27925,737,36,6692426,48782106
3152,7,2,2026-04-15,61122,5337,515,5808330,31037918
3153,7,5,2026-04-15,57590,1444,101,864824,4186492
3154,7,1,2026-04-15,18586,389,25,1138145,3475668
3155,8,3,2026-04-15,5802,417,73,425946,1341767
3156,8,5,2026-04-15,82176,4414,368,6264023,34246699
3157,8,4,2026-04-15,78246,1923,307,1750299,10444099
3158,8,1,2026-04-15,51971,2510,365,414252,3349605
3159,9,4,2026-04-15,108878,3781,174,3865059,11428353
3160,9,2,2026-04-15,100741,2349,108,2010361,11403916
3161,9,6,2026-04-15,34990,2454,396,3170164,12261736
3162,10,6,2026-04-15,118560,8470,234,4948191,22772200
3163,10,5,2026-04-15,112348,7040,555,2520691,20639236
3164,10,4,2026-04-15,27915,1067,42,4976582,33185325
3165,1,5,2026-04-16,38189,1609,225,2551122,7099503
3166,1,3,2026-04-16,93581,8033,487,5776261,27174786
3167,2,4,2026-04-16,115822,9382,354,1923607,6588321
3168,2,3,2026-04-16,98444,8747,574,4806921,29748398
3169,2,2,2026-04-16,101531,7089,698,5507564,38005710
3170,2,1,2026-04-16,16123,786,129,3639873,25788295
3171,3,6,2026-04-16,89549,5651,784,4404421,15496189
3172,3,3,2026-04-16,30117,2411,262,3483535,23027901
3173,4,4,2026-04-16,98613,1572,167,864314,5307270
3174,4,3,2026-04-16,55728,4858,739,2438507,10909167
3175,5,2,2026-04-16,108917,9629,693,4874464,26898500
3176,5,1,2026-04-16,23982,839,136,3076831,23342756
3177,5,4,2026-04-16,45053,715,112,6172064,44605725
3178,5,3,2026-04-16,102033,2325,72,3624732,18642901
3179,6,3,2026-04-16,50264,4481,289,2434005,19473837
3180,6,5,2026-04-16,52115,1804,159,4760533,17907202
3181,6,1,2026-04-16,75134,6080,791,4285523,26212848
3182,6,2,2026-04-16,33500,1633,237,1198865,3109157
3183,7,6,2026-04-16,83086,2014,213,4513926,25164929
3184,7,3,2026-04-16,38483,3100,426,5518543,32600192
3185,7,2,2026-04-16,60782,5416,565,6813009,23368766
3186,7,5,2026-04-16,105182,7025,208,2938234,15829574
3187,8,2,2026-04-16,115067,5604,235,3461181,13482363
3188,8,4,2026-04-16,111197,2414,329,5318210,30540789
3189,8,1,2026-04-16,54982,3754,180,1408983,11169503
3190,8,6,2026-04-16,114004,6470,363,4070934,14152212
3191,9,2,2026-04-16,108854,2475,435,5719639,36932772
3192,9,5,2026-04-16,70531,1217,203,1617987,13206347
3193,10,2,2026-04-16,80769,4585,247,1522267,4911989
3194,10,6,2026-04-16,111982,2662,132,1774122,13898084
3195,10,1,2026-04-16,7133,140,14,4169741,21281620
3196,10,3,2026-04-16,20022,368,9,5596391,34032767
3197,1,6,2026-04-17,6468,362,54,1888389,8943463
3198,1,4,2026-04-17,109445,2404,71,6377596,24945270
3199,1,5,2026-04-17,77487,2843,202,2346557,14893408
3200,1,1,2026-04-17,16147,956,134,6894861,37201409
3201,2,5,2026-04-17,46269,1767,280,5238386,23040272
3202,2,2,2026-04-17,93641,6953,177,1965606,13562703
3203,2,6,2026-04-17,7215,355,49,1829909,4613291
3204,3,3,2026-04-17,62348,4835,353,6080016,16880940
3205,3,5,2026-04-17,61734,5428,689,3840678,15793003
3206,3,4,2026-04-17,14676,234,28,3411908,14652592
3207,4,6,2026-04-17,97285,7593,1358,2185720,18405269
3208,4,1,2026-04-17,5207,393,41,1143655,5595834
3209,5,3,2026-04-17,73523,4495,354,5011862,35390024
3210,5,5,2026-04-17,61347,2851,149,4946962,16547391
3211,5,4,2026-04-17,75031,5208,574,3699537,12784984
3212,5,1,2026-04-17,84551,4179,93,2263604,12992212
3213,6,5,2026-04-17,74355,6664,837,4370950,31425101
3214,6,6,2026-04-17,14522,614,48,5260703,26685052
3215,6,1,2026-04-17,52581,2577,83,4112376,32408619
3216,6,2,2026-04-17,8063,540,31,486872,3972684
3217,7,4,2026-04-17,64579,5082,614,5142845,30108306
3218,7,3,2026-04-17,119384,3463,77,959842,5586065
3219,8,5,2026-04-17,23245,1988,289,3330023,15030679
3220,8,3,2026-04-17,46203,4059,157,4382382,22970294
3221,9,1,2026-04-17,55475,3337,485,1110104,6384057
3222,9,2,2026-04-17,109495,8497,919,2651585,8091079
3223,9,4,2026-04-17,98424,5848,996,3955272,16207228
3224,9,5,2026-04-17,26327,673,115,3104038,17299923
3225,10,4,2026-04-17,111320,7573,1357,2517392,17183809
3226,10,1,2026-04-17,53030,1854,76,4943531,22639734
3227,1,3,2026-04-18,46806,2229,224,324210,2454117
3228,1,4,2026-04-18,23551,576,91,4468676,33439224
3229,1,1,2026-04-18,98101,5698,969,717593,2066822
3230,2,2,2026-04-18,41059,3543,331,2072278,15466829
3231,2,3,2026-04-18,41496,3260,310,1790029,9878439
3232,2,4,2026-04-18,78399,4768,772,6906426,28868800
3233,3,1,2026-04-18,73179,4675,775,4634478,16668406
3234,3,4,2026-04-18,95288,3300,304,1055725,3502365
3235,4,1,2026-04-18,5818,297,8,3248027,26496841
3236,4,4,2026-04-18,89080,5999,1030,1067279,3412103
3237,4,3,2026-04-18,53732,4734,557,4190819,32753142
3238,5,6,2026-04-18,46285,1339,44,665907,4636849
3239,5,1,2026-04-18,34807,2994,472,3995927,11266279
3240,6,2,2026-04-18,65604,1332,118,2933268,19309446
3241,6,6,2026-04-18,5603,486,29,6177570,46207374
3242,6,1,2026-04-18,90674,1949,196,6886798,30119757
3243,6,4,2026-04-18,98241,3884,259,5717864,19126801
3244,7,5,2026-04-18,77788,4510,714,3757155,17161491
3245,7,4,2026-04-18,83011,2845,492,6725599,21477544
3246,7,6,2026-04-18,114619,8017,1390,6952430,47455216
3247,7,3,2026-04-18,23514,2076,108,2907637,21416551
3248,8,2,2026-04-18,9655,331,9,3251070,23238970
3249,8,1,2026-04-18,92030,5596,310,1836590,5348745
3250,9,2,2026-04-18,38558,2093,336,2329678,10540326
3251,9,3,2026-04-18,24842,1156,34,2590161,21690219
3252,9,4,2026-04-18,62071,1112,98,1925344,11609277
3253,10,6,2026-04-18,44265,3754,377,4889931,21133491
3254,10,3,2026-04-18,28183,1094,61,6992377,55565082
3255,1,4,2026-04-19,48364,1936,176,4027339,32468696
3256,1,2,2026-04-19,97364,1826,141,5499885,24823077
3257,1,1,2026-04-19,15493,655,54,2027969,11939517
3258,2,1,2026-04-19,48687,4025,289,656559,3585013
3259,2,5,2026-04-19,96729,3696,90,5333906,16590048
3260,2,6,2026-04-19,35614,800,26,1139842,6014032
3261,2,3,2026-04-19,71520,6122,215,6060273,15845066
3262,3,3,2026-04-19,12075,803,38,5617084,14844593
3263,3,4,2026-04-19,98989,6095,1018,2943477,21797730
3264,3,5,2026-04-19,40133,2704,90,1785844,15160503
3265,4,6,2026-04-19,28886,1381,96,6959600,54984924
3266,4,2,2026-04-19,51837,4167,123,1624633,12444021
3267,5,1,2026-04-19,49205,1530,206,1835893,14575216
3268,5,6,2026-04-19,50485,4417,551,6057886,36524226
3269,5,3,2026-04-19,62691,3919,465,568356,2914739
3270,5,5,2026-04-19,10744,931,91,6717159,34644778
3271,6,2,2026-04-19,82982,4672,789,6241625,43435350
3272,6,4,2026-04-19,93351,3963,97,2234409,14520446
3273,7,1,2026-04-19,56468,2066,265,2113883,17585410
3274,7,6,2026-04-19,106300,7345,385,5156821,16559093
3275,8,3,2026-04-19,33116,1560,157,6161369,51347762
3276,8,2,2026-04-19,42252,837,89,5558491,34354729
3277,8,1,2026-04-19,17293,1498,267,3125373,24324780
3278,9,2,2026-04-19,104610,7453,1233,6054792,35738368
3279,9,5,2026-04-19,24203,446,36,578985,1653551
3280,9,3,2026-04-19,68818,3971,446,5703314,14916045
3281,9,6,2026-04-19,79867,3764,625,4892746,13957726
3282,10,4,2026-04-19,10778,790,128,4317992,23773668
3283,10,6,2026-04-19,96014,6338,853,2127072,13769120
3284,10,5,2026-04-19,79747,6269,433,6162708,51021558
3285,10,2,2026-04-19,54147,4312,100,3593623,19566052
3286,1,2,2026-04-20,6055,189,22,392729,1153551
3287,1,3,2026-04-20,32854,2920,204,1390585,10975975
3288,1,5,2026-04-20,29070,1059,99,2437175,8780219
3289,2,6,2026-04-20,91703,7888,1044,1553691,5924240
3290,2,2,2026-04-20,34009,1295,203,885055,2293531
3291,3,5,2026-04-20,89299,7333,641,5977132,16606678
3292,3,1,2026-04-20,37018,570,81,4838353,28230411
3293,4,5,2026-04-20,6827,179,29,1041437,5003226
3294,4,3,2026-04-20,63205,1990,83,354485,1485128
3295,4,2,2026-04-20,93911,3764,662,4129722,18602324
3296,5,5,2026-04-20,117356,6738,335,1734384,10511259
3297,5,6,2026-04-20,82803,6030,421,3615524,10045940
3298,5,4,2026-04-20,115515,3814,485,1803078,13133686
3299,5,2,2026-04-20,95992,2458,194,4667618,16893190
3300,6,4,2026-04-20,96082,5734,115,4032239,12851578
3301,6,6,2026-04-20,110008,4490,206,6286901,44081272
3302,6,1,2026-04-20,5802,165,14,1711370,5294718
3303,7,6,2026-04-20,73738,5451,564,4400628,30085933
3304,7,2,2026-04-20,94967,4031,141,1192682,8511951
3305,7,1,2026-04-20,70946,3386,357,3087666,17912873
3306,7,5,2026-04-20,15689,1094,176,5072908,35498931
3307,8,4,2026-04-20,77877,4186,558,6594915,55756654
3308,8,2,2026-04-20,49521,4149,400,6722216,49406775
3309,8,1,2026-04-20,84150,6677,205,3449399,21220491
3310,8,5,2026-04-20,25260,1342,151,1746013,12784717
3311,9,3,2026-04-20,91161,2023,206,1710304,11688721
3312,9,6,2026-04-20,67491,1834,52,4923799,18624312
3313,9,1,2026-04-20,43606,2409,289,2217958,7345037
3314,10,1,2026-04-20,16623,595,58,2638417,16962388
3315,10,3,2026-04-20,100832,2508,350,4703185,32859441
3316,1,4,2026-04-21,80664,4854,249,385629,2521534
3317,1,3,2026-04-21,101432,6293,138,602960,3801218
3318,2,3,2026-04-21,33707,2660,108,3981816,21852851
3319,2,2,2026-04-21,116474,9874,1296,1166001,4619923
3320,3,2,2026-04-21,17260,799,129,3715488,14939211
3321,3,1,2026-04-21,30826,469,83,781851,3570405
3322,3,6,2026-04-21,108946,6494,1101,3990738,20917486
3323,3,3,2026-04-21,51643,2315,262,5426322,31058174
3324,4,1,2026-04-21,90427,2454,283,3787233,24979897
3325,4,6,2026-04-21,111555,7411,1028,4239931,18194509
3326,5,1,2026-04-21,107912,1854,110,6523290,37491131
3327,5,2,2026-04-21,41163,823,67,1660652,5654544
3328,5,5,2026-04-21,15637,1174,61,1294179,6495222
3329,5,6,2026-04-21,6833,359,28,4973964,38840633
3330,6,4,2026-04-21,55222,1796,149,1583219,4757060
3331,6,6,2026-04-21,72127,5432,423,807045,3485772
3332,6,1,2026-04-21,42609,3127,454,2820802,18155140
3333,7,4,2026-04-21,94765,3597,515,6316978,24309742
3334,7,6,2026-04-21,59635,2432,166,5371067,25574727
3335,7,2,2026-04-21,64456,1884,292,3532469,11685894
3336,8,1,2026-04-21,24248,828,120,5882321,19556791
3337,8,3,2026-04-21,113625,8000,1364,4954043,33056139
3338,9,6,2026-04-21,94021,5039,514,629595,3590457
3339,9,2,2026-04-21,69617,5999,690,6065015,37640668
3340,9,1,2026-04-21,101980,6292,536,5664263,22320665
3341,10,6,2026-04-21,39559,1247,136,2308416,18061437
3342,10,1,2026-04-21,99393,8689,1549,4166586,34768701
3343,10,4,2026-04-21,29465,2406,304,3359077,19112383
3344,1,2,2026-04-22,31516,2716,69,6084149,24003876
3345,1,3,2026-04-22,15313,1040,81,5907458,33518987
3346,2,1,2026-04-22,53469,4265,616,3574948,28588235
3347,2,3,2026-04-22,78887,5177,517,6977885,36432852
3348,2,5,2026-04-22,81916,5603,758,2550253,17419437
3349,3,3,2026-04-22,62224,2663,254,2572092,12495646
3350,3,2,2026-04-22,100437,5985,601,833365,4238034
3351,3,6,2026-04-22,41746,1022,49,2695372,12721170
3352,3,1,2026-04-22,75187,5062,107,3085356,24842540
3353,4,3,2026-04-22,29296,2110,243,3010329,21732059
3354,4,5,2026-04-22,53655,3121,260,4047059,14530330
3355,4,1,2026-04-22,116863,9839,218,2616798,8688431
3356,4,2,2026-04-22,53226,3899,445,1295421,5303674
3357,5,1,2026-04-22,92516,8004,993,5194930,19078276
3358,5,3,2026-04-22,108892,8961,1528,1275963,5494276
3359,5,6,2026-04-22,46515,3789,205,768390,4008560
3360,6,2,2026-04-22,18664,1625,209,451598,1210249
3361,6,4,2026-04-22,89622,5957,235,4752926,35322366
3362,6,6,2026-04-22,26890,689,27,3390030,23321158
3363,7,1,2026-04-22,46724,1248,97,5819213,24301969
3364,7,5,2026-04-22,28097,1333,219,6990002,36794867
3365,7,3,2026-04-22,40003,3132,388,5993454,32894064
3366,8,4,2026-04-22,89255,7797,1240,5976616,15849330
3367,8,2,2026-04-22,74341,3406,254,6524111,48422830
3368,9,4,2026-04-22,64371,1603,142,6020767,26753174
3369,9,6,2026-04-22,29680,879,18,2637547,21011122
3370,10,1,2026-04-22,75386,1486,250,3382709,15062871
3371,10,3,2026-04-22,73045,4702,128,512376,4111637
3372,10,2,2026-04-22,68418,5420,262,1373939,3976557
3373,10,4,2026-04-22,29419,1146,144,1934667,6228642
3374,1,5,2026-04-23,34715,3040,397,1335304,9501270
3375,1,3,2026-04-23,33523,2421,253,5564241,37084367
3376,2,2,2026-04-23,20941,625,74,3244941,21919978
3377,2,1,2026-04-23,72908,5334,256,6346893,16887393
3378,2,6,2026-04-23,89525,2595,353,4365452,31451152
3379,3,2,2026-04-23,113428,9300,1166,2088523,16618936
3380,3,3,2026-04-23,24445,676,82,6766424,49990945
3381,3,5,2026-04-23,34732,2342,118,4680635,28647070
3382,4,1,2026-04-23,52656,4157,542,6857478,51359629
3383,4,3,2026-04-23,107479,4466,181,3850284,19486013
3384,5,3,2026-04-23,17011,1412,152,4151333,11513182
3385,5,1,2026-04-23,29567,1306,130,1313286,9307188
3386,5,4,2026-04-23,110765,2977,466,3497175,9552345
3387,5,2,2026-04-23,6855,355,15,1136987,5258933
3388,6,2,2026-04-23,16749,1461,144,6958506,52542893
3389,6,5,2026-04-23,61982,5220,740,4780627,36606101
3390,6,6,2026-04-23,107151,4842,252,4012933,28180861
3391,6,3,2026-04-23,22173,573,101,2117735,17773967
3392,7,2,2026-04-23,98332,5224,635,6628209,40727488
3393,7,6,2026-04-23,38260,3435,258,5923328,45303899
3394,8,2,2026-04-23,51365,2330,187,5483592,46377022
3395,8,6,2026-04-23,49241,1518,189,3568296,14107111
3396,8,5,2026-04-23,88287,6557,633,2352206,6821431
3397,8,3,2026-04-23,89902,2122,61,3628765,23957270
3398,9,3,2026-04-23,5827,299,21,4988313,40897519
3399,9,1,2026-04-23,106209,2565,281,1545684,3989893
3400,9,2,2026-04-23,91506,1864,268,1763936,8656967
3401,10,5,2026-04-23,92027,4136,460,6340595,33866129
3402,10,3,2026-04-23,52890,2324,163,2622376,18997868
3403,1,3,2026-04-24,37955,2188,323,5553023,35862141
3404,1,6,2026-04-24,53272,1144,201,2545363,7463323
3405,2,6,2026-04-24,40601,660,111,1066081,6351062
3406,2,3,2026-04-24,54279,3225,173,2993083,15579463
3407,2,5,2026-04-24,70097,2932,145,4302711,31498291
3408,2,2,2026-04-24,111326,2814,170,3945662,32979288
3409,3,1,2026-04-24,22819,1589,54,2879337,8464529
3410,3,6,2026-04-24,31448,1819,255,3907071,31005037
3411,3,4,2026-04-24,86304,3906,410,5729663,29928432
3412,3,5,2026-04-24,9762,561,58,2108746,6210594
3413,4,4,2026-04-24,15473,1158,205,1855032,6105113
3414,4,6,2026-04-24,90463,3998,569,4161966,34356458
3415,4,2,2026-04-24,96154,5601,587,5514672,29508601
3416,5,4,2026-04-24,32263,2760,357,6157627,40996329
3417,5,3,2026-04-24,31609,747,25,6758921,32398126
3418,5,2,2026-04-24,45470,1324,228,5938096,40678851
3419,5,5,2026-04-24,80788,5071,248,1345968,4533745
3420,6,1,2026-04-24,14077,582,13,3228508,17491216
3421,6,5,2026-04-24,54563,1932,126,5669412,29688266
3422,7,4,2026-04-24,5156,131,22,4194555,20443671
3423,7,1,2026-04-24,45525,2542,360,4464204,21899073
3424,7,5,2026-04-24,80025,3888,357,2896353,22617276
3425,8,4,2026-04-24,55548,4543,400,583322,2357548
3426,8,2,2026-04-24,48335,844,71,3261206,14311503
3427,9,4,2026-04-24,9932,587,48,2585053,15226680
3428,9,2,2026-04-24,85800,2486,234,963355,3043681
3429,10,5,2026-04-24,96218,4186,298,715616,4771962
3430,10,3,2026-04-24,82799,4135,87,3387065,15575714
3431,10,2,2026-04-24,26169,1430,134,5957454,22270276
3432,10,6,2026-04-24,44283,1443,46,2934136,18146132
3433,1,5,2026-04-25,56573,2328,151,5815166,29702397
3434,1,6,2026-04-25,44129,3880,545,2750814,19178604
3435,1,3,2026-04-25,45290,3087,449,6941320,54698483
3436,1,4,2026-04-25,85214,2053,228,5362362,32359332
3437,2,2,2026-04-25,64099,2332,261,2561897,19886573
3438,2,3,2026-04-25,39576,644,91,5814525,38943648
3439,2,5,2026-04-25,27457,712,19,3053040,16800957
3440,2,4,2026-04-25,21817,1317,126,2133131,17982215
3441,3,5,2026-04-25,37660,1010,176,6677429,39570722
3442,3,6,2026-04-25,21919,429,20,4315938,30514123
3443,3,3,2026-04-25,67774,2677,438,4650098,21327609
3444,3,1,2026-04-25,42626,2654,386,3408348,15405967
3445,4,2,2026-04-25,6331,115,7,3930902,29833735
3446,4,6,2026-04-25,55004,4657,203,5424922,20835369
3447,4,1,2026-04-25,12157,932,39,6484893,50243975
3448,4,4,2026-04-25,18977,478,18,6455886,49598290
3449,5,4,2026-04-25,29944,1191,88,5983624,45101549
3450,5,3,2026-04-25,5303,300,26,961704,7728433
3451,5,6,2026-04-25,84886,2663,82,6220816,29007523
3452,6,2,2026-04-25,56976,2512,84,2169168,17586080
3453,6,3,2026-04-25,77185,3305,534,2788257,21864097
3454,6,5,2026-04-25,29968,2312,104,5926646,41161564
3455,7,2,2026-04-25,45635,2250,110,3710619,13905447
3456,7,6,2026-04-25,19127,313,17,4081267,27692350
3457,8,5,2026-04-25,9282,523,85,5762033,25253581
3458,8,4,2026-04-25,97778,8046,893,2653673,12707311
3459,8,1,2026-04-25,81358,7073,314,5784627,17573832
3460,9,4,2026-04-25,66055,2296,410,2834182,10619781
3461,9,6,2026-04-25,46751,906,51,6960044,50448140
3462,9,3,2026-04-25,53052,4564,210,4989941,30723125
3463,9,1,2026-04-25,41743,1947,144,4061918,28472577
3464,10,2,2026-04-25,73198,6554,785,2261031,5779004
3465,10,6,2026-04-25,7128,178,14,1204351,4568292
3466,10,5,2026-04-25,6305,203,11,2427677,12016391
3467,10,1,2026-04-25,62799,1260,164,5923114,46824716
3468,1,3,2026-04-26,117184,5509,794,5414303,33350844
3469,1,1,2026-04-26,103422,7863,470,6577973,18681398
3470,1,4,2026-04-26,41437,2615,140,956340,7793571
3471,2,2,2026-04-26,77892,5664,852,1731325,6769354
3472,2,5,2026-04-26,33414,1179,196,6947164,22862143
3473,3,5,2026-04-26,65090,1308,229,5178207,38096051
3474,3,3,2026-04-26,109485,9848,1411,1062247,5550573
3475,4,2,2026-04-26,43361,819,65,3985506,29436729
3476,4,6,2026-04-26,99661,4586,701,5841127,45552536
3477,5,6,2026-04-26,89173,5591,554,2484813,12383114
3478,5,1,2026-04-26,86565,6405,743,1834081,14771607
3479,5,4,2026-04-26,11559,508,62,2207485,12628883
3480,6,2,2026-04-26,49496,2620,442,1808932,6210626
3481,6,4,2026-04-26,83485,1503,259,6859397,45467894
3482,6,6,2026-04-26,55499,2473,260,6277818,25289152
3483,7,6,2026-04-26,37650,2335,215,6754370,55000371
3484,7,2,2026-04-26,109127,3161,128,1021023,8552046
3485,7,5,2026-04-26,20627,1130,197,652016,2552145
3486,7,4,2026-04-26,50436,4473,485,6530615,40392797
3487,8,1,2026-04-26,43187,2894,427,2191927,13347926
3488,8,4,2026-04-26,51205,1165,204,5477872,21971278
3489,8,6,2026-04-26,51525,1461,103,6711564,21184057
3490,8,2,2026-04-26,18372,513,21,4429124,36195149
3491,9,3,2026-04-26,64559,1848,43,2726500,9264431
3492,9,2,2026-04-26,19809,855,68,2988571,19756233
3493,9,5,2026-04-26,39166,2323,286,1913612,15218247
3494,9,6,2026-04-26,101998,7159,936,1939989,7205390
3495,10,3,2026-04-26,119977,9941,228,4512787,34043142
3496,10,6,2026-04-26,70417,3742,422,3073220,7899593
3497,10,4,2026-04-26,65899,1091,50,3438941,21263309
3498,1,5,2026-04-27,85226,6175,432,6910414,45548100
3499,1,3,2026-04-27,70121,2405,318,1823868,8906979
3500,1,1,2026-04-27,88186,5674,258,5314144,36914623
3501,2,2,2026-04-27,64290,5406,518,6967185,24545240
3502,2,3,2026-04-27,52014,2993,68,975730,7625265
3503,2,6,2026-04-27,50782,2828,120,5371639,17742133
3504,3,3,2026-04-27,82663,3012,94,6747525,33488481
3505,3,5,2026-04-27,10510,277,19,6653958,43177820
3506,3,2,2026-04-27,81226,3668,329,4186210,27253275
3507,3,1,2026-04-27,111478,2961,252,5521262,37745109
3508,4,2,2026-04-27,14961,600,36,4614865,12286649
3509,4,1,2026-04-27,92663,5220,185,2017674,13807161
3510,4,4,2026-04-27,34233,2194,310,639298,1765521
3511,4,6,2026-04-27,80221,4418,689,6208704,47392496
3512,5,6,2026-04-27,28170,2219,77,1750354,12589711
3513,5,1,2026-04-27,53773,3828,389,1244999,8425372
3514,6,2,2026-04-27,70470,6297,426,370767,1158234
3515,6,4,2026-04-27,81395,1890,136,4966347,28424402
3516,6,5,2026-04-27,56047,2140,147,1420426,10685907
3517,6,3,2026-04-27,93305,1406,206,1790331,10598944
3518,7,4,2026-04-27,114039,4393,317,6480298,53518035
3519,7,6,2026-04-27,88598,3998,684,3649535,25523409
3520,7,5,2026-04-27,106590,7557,871,6375201,20883928
3521,7,1,2026-04-27,43822,2821,106,1482033,10061750
3522,8,2,2026-04-27,30337,871,60,836567,2319660
3523,8,6,2026-04-27,26377,1605,168,6975970,58148068
3524,8,1,2026-04-27,41884,2930,498,5067681,36157466
3525,9,1,2026-04-27,63525,1683,238,5233571,32220281
3526,9,6,2026-04-27,85342,3057,398,1109794,7113919
3527,9,4,2026-04-27,72330,4873,183,4909982,12861277
3528,9,3,2026-04-27,33749,2721,238,475630,3293739
3529,10,2,2026-04-27,50591,4311,602,4823484,21801970
3530,10,1,2026-04-27,76299,3410,544,332286,1472223
3531,10,5,2026-04-27,11083,437,21,2349100,18364736
3532,10,4,2026-04-27,35794,2012,40,3280288,19087682
3533,1,4,2026-04-28,27402,1767,194,5429337,15607642
3534,1,5,2026-04-28,64126,2876,378,1675849,12461294
3535,2,2,2026-04-28,115603,6553,1063,4507739,27751817
3536,2,6,2026-04-28,55510,3635,586,2009989,7611709
3537,2,5,2026-04-28,68393,3116,434,4541768,20516687
3538,3,6,2026-04-28,111342,7933,1133,1785061,8721623
3539,3,5,2026-04-28,18730,629,68,6817709,21489152
3540,4,2,2026-04-28,92008,4870,219,2192544,14912319
3541,4,6,2026-04-28,24969,560,59,4562266,31418222
3542,5,3,2026-04-28,65435,4599,627,831004,4711900
3543,5,2,2026-04-28,47646,3245,461,6174686,16169706
3544,6,4,2026-04-28,90281,1648,232,6367913,30065492
3545,6,6,2026-04-28,81284,2237,271,4814969,27136587
3546,6,1,2026-04-28,117237,7510,470,6761950,19950201
3547,7,4,2026-04-28,63273,5488,212,4520878,30148656
3548,7,5,2026-04-28,51182,4490,390,4773149,30354884
3549,8,6,2026-04-28,70205,1991,255,6307841,46876416
3550,8,3,2026-04-28,24749,1673,134,6137893,50453763
3551,8,5,2026-04-28,57330,3155,448,5430770,41921556
3552,8,4,2026-04-28,80333,6202,261,4059919,15122549
3553,9,5,2026-04-28,47749,1516,96,3950347,24767283
3554,9,6,2026-04-28,6183,447,61,1445075,8635752
3555,9,2,2026-04-28,84669,1412,88,4286094,14385487
3556,9,4,2026-04-28,85916,3943,451,2854438,8213858
3557,10,5,2026-04-28,68495,1138,23,6858606,41643631
3558,10,6,2026-04-28,45238,3006,299,4990489,23014438
3559,10,4,2026-04-28,85977,6774,443,2613574,7714245
3560,1,2,2026-04-29,58864,2922,193,4144797,23268580
3561,1,5,2026-04-29,87564,3568,298,5178185,29612014
3562,1,3,2026-04-29,74889,1723,139,6812963,40916471
3563,1,1,2026-04-29,8664,302,21,6946589,42579590
3564,2,6,2026-04-29,47816,4177,162,563394,1962953
3565,2,5,2026-04-29,23289,2028,53,3657244,15504037
3566,2,4,2026-04-29,83882,6931,158,4866457,17396848
3567,2,1,2026-04-29,75076,5819,450,1175558,8371189
3568,3,5,2026-04-29,80121,4540,726,645182,2889950
3569,3,6,2026-04-29,44992,2924,311,2287774,14214228
3570,4,4,2026-04-29,50564,2336,370,422212,1433943
3571,4,3,2026-04-29,63599,4714,784,696305,1743402
3572,4,1,2026-04-29,11019,726,98,6673431,43864134
3573,4,5,2026-04-29,18346,1089,173,5303303,24582643
3574,5,1,2026-04-29,55777,2061,225,6736194,39689651
3575,5,3,2026-04-29,113195,5418,577,2767842,14093738
3576,6,1,2026-04-29,7556,483,50,1658916,8272470
3577,6,5,2026-04-29,89245,6717,167,5593407,39157884
3578,6,4,2026-04-29,61063,2621,340,699343,2717337
3579,6,3,2026-04-29,43748,1650,288,1403325,8572516
3580,7,4,2026-04-29,40947,2657,458,4986095,39461558
3581,7,6,2026-04-29,57542,4395,351,2823993,22987277
3582,8,2,2026-04-29,47415,3947,464,3959009,30616822
3583,8,6,2026-04-29,22947,887,78,1795356,6473013
3584,8,1,2026-04-29,117080,3343,392,3083216,12072242
3585,9,6,2026-04-29,38897,2038,197,3561470,15390693
3586,9,3,2026-04-29,42823,2841,204,5310412,20376178
3587,9,4,2026-04-29,62288,2458,87,2244145,12805686
3588,9,1,2026-04-29,45965,710,108,1450748,6129147
3589,10,3,2026-04-29,96949,7481,1226,772753,1947295
3590,10,2,2026-04-29,37654,1678,210,1066757,8622713
3591,10,1,2026-04-29,13911,1178,170,2286661,18382043
3592,10,4,2026-04-29,88898,2288,400,4449454,15316433
3593,1,5,2026-04-30,85935,3522,251,5963206,26401340
3594,1,6,2026-04-30,47562,1323,150,2860822,10075434
3595,1,2,2026-04-30,115323,4724,633,2922512,9084391
3596,2,5,2026-04-30,69127,2946,98,858346,2427775
3597,2,3,2026-04-30,11845,647,78,3347353,14564610
3598,3,3,2026-04-30,64520,2454,234,6714649,31536886
3599,3,4,2026-04-30,33157,1384,58,3977233,30795994
3600,4,6,2026-04-30,20608,859,58,5090533,26759781
3601,4,3,2026-04-30,39073,1434,235,2004351,5451598
3602,4,1,2026-04-30,35325,1823,192,2164330,7946152
3603,4,2,2026-04-30,74448,2332,77,6906157,20109942
3604,5,2,2026-04-30,83757,7415,655,614023,3424946
3605,5,5,2026-04-30,71326,3931,188,4970914,14464883
3606,6,4,2026-04-30,67287,1999,131,4954435,25311066
3607,6,5,2026-04-30,46414,3078,215,1325315,6853233
3608,7,4,2026-04-30,47917,3338,324,6878756,38322562
3609,7,3,2026-04-30,18307,977,154,3288361,16603377
3610,7,2,2026-04-30,67700,1970,127,3500387,19179965
3611,8,4,2026-04-30,82658,6255,714,847813,7139960
3612,8,6,2026-04-30,34423,1058,88,5229655,32045272
3613,8,5,2026-04-30,38679,3158,381,3907198,15909949
3614,8,1,2026-04-30,49755,942,107,5214358,37761231
3615,9,1,2026-04-30,83063,4697,454,5143913,13383285
3616,9,6,2026-04-30,35664,2762,357,3155319,10987940
3617,9,5,2026-04-30,97310,2079,239,5866438,33042144
3618,9,3,2026-04-30,42681,1185,79,2623102,18143302
3619,10,5,2026-04-30,53589,2564,281,3411630,25393824
3620,10,3,2026-04-30,69261,2745,366,3223677,22647627
3621,10,4,2026-04-30,21569,1852,256,5268872,14795270
3622,10,6,2026-04-30,23803,484,67,4181918,28799901
3623,1,6,2026-05-01,74313,4126,504,4090419,32282740
3624,1,1,2026-05-01,65571,1054,76,5170421,29340719
3625,1,2,2026-05-01,39431,3328,498,6926224,28364655
3626,1,4,2026-05-01,32015,1501,212,1641136,9253436
3627,2,5,2026-05-01,28884,2006,244,2060936,11683402
3628,2,1,2026-05-01,49789,3554,553,1256946,8989884
3629,2,6,2026-05-01,80775,2700,479,4424545,33209541
3630,3,3,2026-05-01,80554,1276,193,6489857,47178410
3631,3,6,2026-05-01,91073,7629,1331,6340933,37647082
3632,4,1,2026-05-01,66343,3866,306,1539894,9026310
3633,4,4,2026-05-01,60735,5122,582,2153975,16022721
3634,5,1,2026-05-01,103899,7183,1248,399729,2843197
3635,5,3,2026-05-01,92678,3603,145,3609841,9457246
3636,5,6,2026-05-01,102571,2473,277,6904055,41472369
3637,6,2,2026-05-01,21469,1695,300,2878438,9517286
3638,6,5,2026-05-01,118526,4579,180,6369216,32225376
3639,7,1,2026-05-01,109543,2473,248,1331940,3671224
3640,7,5,2026-05-01,47957,938,39,2079873,14117765
3641,7,3,2026-05-01,32077,1444,238,6148201,44700179
3642,7,4,2026-05-01,74590,3894,314,3672698,12263746
3643,8,1,2026-05-01,71801,4957,417,2358111,8852147
3644,8,2,2026-05-01,36718,2749,81,359679,2251514
3645,8,3,2026-05-01,76375,2988,477,6602157,49841828
3646,9,1,2026-05-01,64029,4157,140,3104414,23794231
3647,9,3,2026-05-01,112532,4857,551,5065566,18315183
3648,9,5,2026-05-01,50444,3744,144,3486252,14785417
3649,10,6,2026-05-01,91510,2292,232,2313133,12327196
3650,10,5,2026-05-01,28817,1419,222,4869293,29542039
3651,10,1,2026-05-01,105363,6718,574,3178260,25377374
3652,1,2,2026-05-02,54507,4117,251,6212252,40986860
3653,1,5,2026-05-02,15032,264,9,6143234,32380759
3654,1,1,2026-05-02,47379,2965,156,4791371,37052411
3655,2,3,2026-05-02,53929,4705,122,5914317,34665580
3656,2,4,2026-05-02,5160,129,22,369395,1508739
3657,2,6,2026-05-02,68780,3196,279,4570725,35350786
3658,2,1,2026-05-02,39510,2470,316,4102452,13112894
3659,3,2,2026-05-02,7832,455,50,676678,3390383
3660,3,5,2026-05-02,57708,1991,280,5830404,44670237
3661,3,3,2026-05-02,87142,7615,1273,5078719,17989850
3662,3,1,2026-05-02,71277,3937,619,5447804,30261925
3663,4,3,2026-05-02,117155,7968,1218,6733384,30111071
3664,4,6,2026-05-02,103122,8451,352,4418470,14314584
3665,4,1,2026-05-02,39849,3252,76,3863633,28344633
3666,5,1,2026-05-02,106667,7366,1124,2003684,8676755
3667,5,6,2026-05-02,32297,1915,271,845307,4685995
3668,5,4,2026-05-02,31941,1792,162,6569753,30581315
3669,5,2,2026-05-02,72104,2284,131,3694894,15532551
3670,6,4,2026-05-02,17359,563,12,404491,2522459
3671,6,1,2026-05-02,19774,1693,128,4600428,34298159
3672,6,3,2026-05-02,119471,5547,131,4871381,15911380
3673,7,3,2026-05-02,108222,2977,78,2497530,7260121
3674,7,6,2026-05-02,116068,3224,513,1012968,6247255
3675,8,6,2026-05-02,22557,350,49,856036,2241172
3676,8,3,2026-05-02,97704,6522,849,6206876,25650960
3677,8,4,2026-05-02,79059,2461,155,6849683,26995889
3678,8,2,2026-05-02,77199,4882,144,4349358,29521362
3679,9,1,2026-05-02,103389,3699,637,536233,3230423
3680,9,2,2026-05-02,101387,5764,254,3569666,29977274
3681,9,5,2026-05-02,118449,10067,856,1837902,6551636
3682,10,4,2026-05-02,108999,2813,186,2523104,18908874
3683,10,3,2026-05-02,95950,6085,330,3816638,11824221
3684,1,5,2026-05-03,45039,1967,175,6067522,29056725
3685,1,1,2026-05-03,11587,586,25,3650043,18950676
3686,1,6,2026-05-03,90563,2512,425,1570424,11266561
3687,1,4,2026-05-03,9167,546,79,2283450,11064553
3688,2,6,2026-05-03,79873,3357,286,4860897,29167104
3689,2,2,2026-05-03,6307,254,24,2925537,7840879
3690,2,1,2026-05-03,17554,914,38,6993617,41112081
3691,3,1,2026-05-03,33336,2038,69,6613561,47433478
3692,3,4,2026-05-03,90766,4434,202,1215675,4528587
3693,4,5,2026-05-03,14905,955,94,1857243,5979768
3694,4,1,2026-05-03,110416,8476,598,6255452,44669206
3695,4,4,2026-05-03,102449,4667,176,4460564,14121057
3696,5,5,2026-05-03,67123,5206,482,2870212,11392647
3697,5,1,2026-05-03,12050,1069,46,2192326,15472247
3698,6,2,2026-05-03,23903,524,43,1508552,6869836
3699,6,6,2026-05-03,33137,2762,174,990232,3318759
3700,6,3,2026-05-03,101019,8439,1065,442754,2656544
3701,7,6,2026-05-03,28631,1236,29,5957301,21421199
3702,7,4,2026-05-03,89089,5515,388,2184494,17558297
3703,7,5,2026-05-03,66646,3043,378,5355628,39685455
3704,8,5,2026-05-03,50212,3868,299,4830266,22241121
3705,8,1,2026-05-03,55104,979,36,5123218,33323915
3706,8,2,2026-05-03,46899,4062,430,1062682,3745292
3707,8,4,2026-05-03,61343,3406,288,6653934,44705867
3708,9,5,2026-05-03,67779,3843,563,4609187,30175365
3709,9,6,2026-05-03,21633,671,54,793144,6303216
3710,9,4,2026-05-03,70562,3839,268,2471121,6528241
3711,9,2,2026-05-03,103199,3333,504,4976567,41596783
3712,10,1,2026-05-03,43217,2656,294,1019356,5222262
3713,10,5,2026-05-03,10716,201,22,6390965,45277096
3714,10,6,2026-05-03,112987,8207,1401,1991143,9673428
3715,10,2,2026-05-03,100730,6235,956,6888606,30697089
3716,1,3,2026-05-04,40260,2143,135,627765,3468412
3717,1,5,2026-05-04,20370,647,112,3741161,16503633
3718,2,2,2026-05-04,27042,539,25,6536764,44849501
3719,2,6,2026-05-04,94957,8110,354,422010,1964742
3720,2,1,2026-05-04,48103,726,38,2127072,5342928
3721,3,1,2026-05-04,73025,3159,464,6539251,44374726
3722,3,5,2026-05-04,57862,2835,326,5435392,13745973
3723,4,5,2026-05-04,38046,910,134,494134,2953868
3724,4,6,2026-05-04,117181,9231,752,6616358,45972408
3725,4,1,2026-05-04,24958,1910,80,4447932,16498488
3726,4,4,2026-05-04,64866,4583,518,4762173,38908980
3727,5,6,2026-05-04,6167,343,47,2818273,16233139
3728,5,4,2026-05-04,115447,9965,1702,4893712,24720803
3729,5,1,2026-05-04,38818,1713,45,493421,3961260
3730,5,2,2026-05-04,111946,8741,999,2626412,17349503
3731,6,4,2026-05-04,17685,1224,72,4038544,12095001
3732,6,1,2026-05-04,17598,954,32,1075668,6962709
3733,7,6,2026-05-04,70699,1810,202,2892465,9835790
3734,7,3,2026-05-04,7381,215,13,5876165,15114846
3735,7,5,2026-05-04,52581,1591,225,2629802,13089149
3736,7,2,2026-05-04,8928,432,34,5121387,31461998
3737,8,3,2026-05-04,118145,5355,485,6307199,17798985
3738,8,5,2026-05-04,12675,713,44,5701948,38922103
3739,8,6,2026-05-04,111183,2829,405,1068414,7086052
3740,9,2,2026-05-04,72284,3506,587,2724189,22634948
3741,9,6,2026-05-04,24567,2139,176,582534,3311863
3742,10,1,2026-05-04,47567,3941,373,6924220,55230737
3743,10,4,2026-05-04,88515,7773,667,1640243,13460178
3744,10,3,2026-05-04,34133,1393,129,370642,1581883
3745,10,5,2026-05-04,25902,1592,284,4997735,40993954
3746,1,6,2026-05-05,20229,1345,228,5570912,19833206
3747,1,3,2026-05-05,87778,7732,582,450147,1900155
3748,1,1,2026-05-05,118544,9711,372,565978,1621523
3749,1,5,2026-05-05,83854,2345,67,3877494,19195111
3750,2,1,2026-05-05,78604,2607,111,1027006,2750063
3751,2,2,2026-05-05,99818,8077,1334,1981948,16651643
3752,3,5,2026-05-05,13997,578,23,5793397,45922500
3753,3,4,2026-05-05,74776,5133,112,6469221,32839702
3754,4,2,2026-05-05,55047,3820,669,2862396,18406778
3755,4,3,2026-05-05,23917,2113,183,2135117,16254178
3756,4,5,2026-05-05,44301,1936,338,1198176,7467314
3757,5,2,2026-05-05,70433,4855,717,2019310,16728435
3758,5,1,2026-05-05,45517,2361,103,2270303,10439611
3759,5,3,2026-05-05,60293,1280,230,4785875,16819773
3760,6,1,2026-05-05,92579,8003,664,331820,1843700
3761,6,2,2026-05-05,116057,5381,804,3245092,26256993
3762,6,4,2026-05-05,107651,4845,215,1390703,5780278
3763,7,5,2026-05-05,58578,4623,419,2561254,18545121
3764,7,4,2026-05-05,43463,2194,335,5856542,20251114
3765,8,6,2026-05-05,52396,845,72,1213125,8901496
3766,8,2,2026-05-05,44755,2351,228,2827799,23587592
3767,9,2,2026-05-05,118258,4185,223,750028,3257695
3768,9,3,2026-05-05,59955,4850,682,4894304,16709948
3769,10,2,2026-05-05,49076,3646,325,2420454,14831592
3770,10,1,2026-05-05,103462,4316,332,5122040,36950029
3771,1,4,2026-05-06,109992,3984,601,6729154,21818263
3772,1,3,2026-05-06,92894,6341,627,1940516,11216593
3773,2,5,2026-05-06,65764,2214,347,3899002,15210047
3774,2,2,2026-05-06,34536,1391,158,2711726,14921697
3775,3,2,2026-05-06,110037,5114,121,3698659,18237753
3776,3,1,2026-05-06,118530,8659,654,1124932,8323767
3777,3,3,2026-05-06,10733,307,14,3412760,14900152
3778,3,4,2026-05-06,91050,6485,215,6391869,23131717
3779,4,1,2026-05-06,11679,447,62,4728283,23846167
3780,4,4,2026-05-06,112976,9710,965,1142888,7750129
3781,5,5,2026-05-06,31559,859,154,1991516,6233858
3782,5,4,2026-05-06,63552,3578,410,5369997,42823120
3783,5,1,2026-05-06,11487,241,35,572073,4651039
3784,5,6,2026-05-06,32506,1213,206,1279591,5046977
3785,6,4,2026-05-06,77715,3584,519,1180487,9216955
3786,6,1,2026-05-06,104309,4599,774,6680036,56287111
3787,6,6,2026-05-06,51501,3413,405,6601990,55745524
3788,6,3,2026-05-06,99602,5283,188,5735936,24144688
3789,7,4,2026-05-06,6235,387,12,3970431,18043054
3790,7,5,2026-05-06,49262,2697,358,489866,2613576
3791,7,3,2026-05-06,26819,1524,195,4021526,22663379
3792,7,2,2026-05-06,5453,274,39,5322631,37592235
3793,8,2,2026-05-06,18865,886,96,4594847,14549165
3794,8,4,2026-05-06,85683,4305,661,1388660,10918399
3795,8,1,2026-05-06,93715,5592,790,5616223,47328275
3796,8,6,2026-05-06,37940,1938,279,4791880,17671461
3797,9,2,2026-05-06,59948,3415,126,358503,1287874
3798,9,1,2026-05-06,42590,2386,304,6308911,36555381
3799,9,4,2026-05-06,107810,4462,708,4498509,12095892
3800,10,6,2026-05-06,92704,7426,379,6742722,22316526
3801,10,3,2026-05-06,119863,5351,266,1319565,6392261
3802,1,4,2026-05-07,92672,6696,724,4124306,16734328
3803,1,5,2026-05-07,92343,4655,382,4011824,26451727
3804,2,1,2026-05-07,37231,2172,384,3359133,22445352
3805,2,4,2026-05-07,23617,512,14,1268381,9553924
3806,2,6,2026-05-07,44084,3383,277,337009,1813801
3807,3,2,2026-05-07,52707,974,166,5742342,32364358
3808,3,6,2026-05-07,38820,3181,143,2077389,13953609
3809,4,1,2026-05-07,22950,840,131,4522734,13096709
3810,4,5,2026-05-07,8091,127,21,6495743,32806868
3811,4,2,2026-05-07,111085,8410,1263,2954095,22595606
3812,4,3,2026-05-07,11140,290,22,897841,4275825
3813,5,3,2026-05-07,43115,1954,287,2238509,14564813
3814,5,5,2026-05-07,85539,6816,390,4913320,14957577
3815,5,4,2026-05-07,5411,213,32,6684184,27784974
3816,5,6,2026-05-07,70361,3275,468,1604160,8732251
3817,6,4,2026-05-07,37346,2105,150,6716600,53641215
3818,6,1,2026-05-07,19570,494,70,4066821,32313512
3819,6,3,2026-05-07,48190,3640,150,5268365,24933570
3820,6,2,2026-05-07,78765,4121,147,3339029,13548390
3821,7,6,2026-05-07,26073,835,67,1587720,6785621
3822,7,1,2026-05-07,43367,2065,285,3402205,24258440
3823,7,4,2026-05-07,60423,4410,418,607681,2824876
3824,8,1,2026-05-07,31682,620,62,1327630,6199929
3825,8,6,2026-05-07,110579,3844,478,4759037,40306414
3826,8,4,2026-05-07,103649,3341,422,813394,3090147
3827,9,3,2026-05-07,74478,1206,59,4010285,17160174
3828,9,6,2026-05-07,14554,1135,114,3020573,20340740
3829,9,2,2026-05-07,93043,2659,74,5019619,17752133
3830,10,4,2026-05-07,24333,1995,99,4630152,34742034
3831,10,5,2026-05-07,10989,534,47,1441746,3693340
3832,10,6,2026-05-07,90551,7418,959,1506423,8088600
3833,1,6,2026-05-08,49336,1510,162,3662881,19615929
3834,1,2,2026-05-08,95653,2427,282,2127777,16721558
3835,2,6,2026-05-08,84610,1599,261,6122387,16415694
3836,2,5,2026-05-08,39504,2124,360,3599946,21772223
3837,2,4,2026-05-08,35638,1005,131,6844557,32327512
3838,3,3,2026-05-08,50462,3740,486,5366586,38274583
3839,3,1,2026-05-08,67162,2014,175,1003032,8266948
3840,4,5,2026-05-08,38734,2836,199,6019449,38749755
3841,4,4,2026-05-08,47161,2162,63,4273599,23509708
3842,4,6,2026-05-08,65735,3450,256,2436503,8412541
3843,5,5,2026-05-08,36619,2832,295,1534489,11616801
3844,5,1,2026-05-08,67502,2075,175,1392514,7286538
3845,6,2,2026-05-08,97558,2751,470,1535013,8278128
3846,6,1,2026-05-08,18948,1366,210,3412104,21863032
3847,7,4,2026-05-08,69463,1597,73,6838398,29180593
3848,7,5,2026-05-08,85843,6972,554,2723889,11193084
3849,7,1,2026-05-08,77415,3507,380,571639,2714588
3850,8,4,2026-05-08,6030,184,28,1802996,6532403
3851,8,5,2026-05-08,28616,2032,364,5070088,36850822
3852,9,1,2026-05-08,29167,1921,120,949548,2718840
3853,9,3,2026-05-08,76613,1294,40,4196953,32741389
3854,10,2,2026-05-08,57436,4841,442,6830802,18689251
3855,10,1,2026-05-08,49883,3311,564,2742807,16456334
3856,1,2,2026-05-09,114462,5655,342,2645983,12595965
3857,1,4,2026-05-09,34343,2711,428,3995765,13823181
3858,2,4,2026-05-09,77772,1197,66,5021290,13532717
3859,2,6,2026-05-09,57127,4097,295,810577,2786473
3860,2,2,2026-05-09,50848,3111,367,4914084,21869147
3861,3,5,2026-05-09,65557,4428,790,4437733,15891939
3862,3,2,2026-05-09,117876,2537,413,1288789,9580185
3863,3,6,2026-05-09,34125,1402,38,6779395,39857917
3864,3,1,2026-05-09,61261,1192,182,6327435,31755420
3865,4,6,2026-05-09,64456,5138,557,2847808,13200690
3866,4,3,2026-05-09,31923,1886,117,6582384,41203162
3867,4,2,2026-05-09,53973,904,122,4541829,34767586
3868,5,3,2026-05-09,103065,5373,419,3762677,28517047
3869,5,1,2026-05-09,7844,217,23,5879324,39915968
3870,5,4,2026-05-09,18537,1063,164,1740805,10566914
3871,6,2,2026-05-09,53680,3931,672,2298137,14290227
3872,6,1,2026-05-09,41633,1433,159,590202,3546340
3873,7,2,2026-05-09,30221,1013,48,1707379,6775001
3874,7,3,2026-05-09,13812,249,37,5769171,42300507
3875,8,1,2026-05-09,49255,1786,263,6029003,47537318
3876,8,6,2026-05-09,34627,2740,309,4950510,36392270
3877,8,2,2026-05-09,42334,2842,151,1924378,13528989
3878,9,2,2026-05-09,43606,3433,285,1669116,10102446
3879,9,6,2026-05-09,22335,347,36,3209333,18890082
3880,10,5,2026-05-09,114006,9969,629,2566793,7810225
3881,10,2,2026-05-09,80993,1564,226,6602838,40215677
3882,10,1,2026-05-09,46032,3824,450,5457216,18027279
3883,10,4,2026-05-09,12397,295,17,4464213,21914513
3884,1,4,2026-05-10,45499,2688,173,850011,6747800
3885,1,6,2026-05-10,55322,1586,228,2549838,16180005
3886,2,2,2026-05-10,109442,2444,100,3617889,18733542
3887,2,4,2026-05-10,97142,3126,303,2247156,15359946
3888,2,3,2026-05-10,21791,1869,293,2599061,13880844
3889,2,5,2026-05-10,24810,1614,163,3644049,14617180
3890,3,2,2026-05-10,86370,4053,371,6729469,26052545
3891,3,1,2026-05-10,5591,323,14,6522893,50723040
3892,4,3,2026-05-10,13006,381,50,826759,3822104
3893,4,2,2026-05-10,35182,2797,214,2965858,9088939
3894,4,6,2026-05-10,32509,2242,94,5181219,32844180
3895,5,2,2026-05-10,68584,5747,538,1471532,5982616
3896,5,1,2026-05-10,84359,7426,593,6518047,26123978
3897,5,4,2026-05-10,22208,588,20,4873940,19094157
3898,6,6,2026-05-10,82424,2351,395,362274,1563236
3899,6,3,2026-05-10,76136,3900,103,4433145,27947805
3900,6,1,2026-05-10,113726,6606,1148,2266945,15971357
3901,7,5,2026-05-10,17487,731,86,779491,2724769
3902,7,6,2026-05-10,66246,4553,575,3934708,16327553
3903,7,4,2026-05-10,73126,2926,294,6879923,32030607
3904,7,2,2026-05-10,74113,4059,619,4842312,17097125
3905,8,6,2026-05-10,22691,1028,48,6504684,36084684
3906,8,4,2026-05-10,57153,2924,366,6834043,23985375
3907,8,5,2026-05-10,44995,3793,599,5648978,43776051
3908,9,3,2026-05-10,77803,2094,103,3239058,8265224
3909,9,1,2026-05-10,18931,1041,79,6975775,45217876
3910,9,4,2026-05-10,88313,4012,566,2815539,14593875
3911,9,5,2026-05-10,77413,3548,405,2413526,18788989
3912,10,1,2026-05-10,37202,3130,106,5079255,30172735
3913,10,6,2026-05-10,82859,1314,29,6190192,39807549
3914,10,2,2026-05-10,56697,1574,206,633509,2094553
3915,10,5,2026-05-10,57232,859,143,3174701,23709261
3916,1,5,2026-05-11,61401,1815,55,2691091,17174799
3917,1,3,2026-05-11,7459,513,60,718610,4975614
3918,2,5,2026-05-11,37192,1592,82,5494116,19591025
3919,2,2,2026-05-11,26013,971,91,1028496,8431431
3920,3,4,2026-05-11,96072,1778,310,4736538,15921384
3921,3,1,2026-05-11,68681,4425,315,2657086,13023440
3922,4,6,2026-05-11,62137,4987,411,2131976,14395675
3923,4,4,2026-05-11,98484,8415,182,5101999,22721173
3924,4,1,2026-05-11,65690,1839,116,1056079,5457982
3925,4,2,2026-05-11,60785,3916,615,5948021,18843002
3926,5,4,2026-05-11,6629,419,61,2472441,10381002
3927,5,1,2026-05-11,17209,1503,102,1978137,13436489
3928,6,3,2026-05-11,20244,1693,87,1798852,9504292
3929,6,6,2026-05-11,91309,7497,777,4298084,35270643
3930,6,5,2026-05-11,103572,1799,283,2048422,14831055
3931,7,3,2026-05-11,61173,4628,443,3153644,9777938
3932,7,2,2026-05-11,77152,3711,666,4447447,27655716
3933,7,1,2026-05-11,79007,2303,156,1833035,5035453
3934,7,5,2026-05-11,27111,990,54,2880775,11810175
3935,8,1,2026-05-11,33707,1184,104,3112206,22646849
3936,8,4,2026-05-11,70664,5426,605,4063425,24062122
3937,8,2,2026-05-11,6412,175,27,6781968,38768423
3938,9,2,2026-05-11,78323,4510,292,4222601,14938462
3939,9,4,2026-05-11,72596,3451,458,830321,5328187
3940,9,6,2026-05-11,5421,323,18,3128774,19570258
3941,9,5,2026-05-11,46019,2352,402,1762814,5373447
3942,10,3,2026-05-11,84089,1362,201,5178403,37212393
3943,10,2,2026-05-11,67515,3714,229,3884796,10875353
3944,10,6,2026-05-11,69058,5419,659,6482732,19857771
3945,10,4,2026-05-11,34114,1677,290,4683469,19068950
3946,1,4,2026-05-12,56928,3961,131,6611939,34436522
3947,1,1,2026-05-12,90436,7888,601,3786622,15292058
3948,2,4,2026-05-12,103961,3382,367,6861137,19916929
3949,2,2,2026-05-12,91392,3406,446,4657606,22061226
3950,2,6,2026-05-12,72833,5170,575,801726,2721792
3951,3,6,2026-05-12,6453,472,32,644014,4305250
3952,3,2,2026-05-12,90172,7041,774,471411,1998940
3953,3,1,2026-05-12,35957,1519,213,3893718,10511470
3954,4,2,2026-05-12,63223,2214,194,4571446,18166390
3955,4,6,2026-05-12,8545,382,47,5885738,22165348
3956,5,4,2026-05-12,28990,2032,177,4287733,34161858
3957,5,1,2026-05-12,89197,3219,106,435431,3103135
3958,5,2,2026-05-12,64260,3412,345,3060664,11655559
3959,6,6,2026-05-12,55752,2804,148,3778839,14080339
3960,6,5,2026-05-12,94094,7150,939,6118334,37979583
3961,6,1,2026-05-12,116125,6128,594,3653806,9662206
3962,7,6,2026-05-12,115604,7549,516,1458050,4861129
3963,7,3,2026-05-12,20459,1372,40,5735077,43808449
3964,7,1,2026-05-12,60389,4370,622,4872336,37448342
3965,8,6,2026-05-12,56216,1711,263,6696620,19543207
3966,8,4,2026-05-12,105008,2857,482,5972091,47047423
3967,8,1,2026-05-12,6943,351,60,5167209,30941898
3968,8,2,2026-05-12,105497,8204,1265,971861,6353466
3969,9,5,2026-05-12,78643,2087,276,6754735,25157612
3970,9,2,2026-05-12,110418,3588,123,6486914,51807873
3971,9,4,2026-05-12,5796,319,48,2883363,17774421
3972,9,1,2026-05-12,27494,1248,83,553394,2068299
3973,10,5,2026-05-12,93417,6803,1178,2837443,18791043
3974,10,6,2026-05-12,88851,5341,123,2667910,12413132
3975,10,2,2026-05-12,79131,4810,418,524680,4440526
3976,10,1,2026-05-12,83487,2377,282,4818173,24741969
3977,1,3,2026-05-13,84594,4634,803,2577963,10033435
3978,1,6,2026-05-13,72191,5102,328,6896379,27393423
3979,2,6,2026-05-13,107604,8647,1111,6510764,19220218
3980,2,2,2026-05-13,99985,5539,477,4511063,34555619
3981,3,4,2026-05-13,89003,3144,174,1255443,5727882
3982,3,6,2026-05-13,89567,4888,773,6663794,52761217
3983,4,1,2026-05-13,90261,7114,1146,5173099,41519543
3984,4,4,2026-05-13,91267,2340,365,4586597,14030041
3985,5,2,2026-05-13,106542,1968,189,5325422,44541612
3986,5,4,2026-05-13,59036,3678,98,702016,2612568
3987,6,6,2026-05-13,88967,7328,1273,850208,4442821
3988,6,5,2026-05-13,57705,1515,70,3778077,21918916
3989,6,1,2026-05-13,90364,7252,488,2809430,21224355
3990,6,3,2026-05-13,47762,3411,84,461401,2420444
3991,7,5,2026-05-13,29097,1836,173,2611984,7921896
3992,7,6,2026-05-13,59912,3324,291,5268877,34840648
3993,7,3,2026-05-13,99271,5955,971,1224245,4320290
3994,7,4,2026-05-13,66898,3041,125,4976391,13429098
3995,8,1,2026-05-13,86906,2086,60,6653615,48749626
3996,8,2,2026-05-13,60217,1782,292,2519311,10539956
3997,9,3,2026-05-13,55002,3424,169,2423003,10913320
3998,9,5,2026-05-13,73409,4847,775,349238,1043291
3999,10,6,2026-05-13,111234,7190,900,2801957,9733543
4000,10,3,2026-05-13,119937,5162,440,455754,2740631
4001,1,2,2026-05-14,52740,1774,87,2533551,14996740
4002,1,4,2026-05-14,58093,4456,749,793239,3172601
4003,2,6,2026-05-14,22283,1868,125,3449357,15209837
4004,2,4,2026-05-14,115685,8371,1091,652561,3009339
4005,2,1,2026-05-14,34138,2300,202,4504640,31637867
4006,3,5,2026-05-14,94085,1526,89,3656347,27285176
4007,3,4,2026-05-14,40648,3171,519,4886759,16523213
4008,3,3,2026-05-14,51173,4123,458,4480991,17890885
4009,3,2,2026-05-14,53423,1908,255,3748673,12796548
4010,4,2,2026-05-14,61084,1092,92,4188897,25660823
4011,4,6,2026-05-14,86910,7627,650,5209912,15328295
4012,5,5,2026-05-14,117108,9551,1574,1431526,10007752
4013,5,3,2026-05-14,38629,1118,116,1847856,6457727
4014,5,4,2026-05-14,58835,3369,136,3519813,17605109
4015,6,4,2026-05-14,81468,3716,186,3191994,15199420
4016,6,5,2026-05-14,82333,6846,1175,5813867,43177995
4017,7,6,2026-05-14,47023,3355,461,3653910,21323734
4018,7,5,2026-05-14,65816,4492,413,1871111,8855993
4019,7,2,2026-05-14,107365,5103,347,2372481,9558350
4020,7,1,2026-05-14,27631,515,88,2409472,18965621
4021,8,1,2026-05-14,31233,1881,262,6712552,40926049
4022,8,3,2026-05-14,25284,2258,190,546045,1379590
4023,9,3,2026-05-14,11510,735,92,4212533,34035908
4024,9,6,2026-05-14,24240,1890,256,864878,7126165
4025,10,6,2026-05-14,119126,4326,734,893216,3399904
4026,10,2,2026-05-14,20493,333,34,5122709,28042922
4027,10,1,2026-05-14,24963,2061,319,4243294,13978987
4028,1,5,2026-05-15,47890,3709,301,1640238,11405718
4029,1,6,2026-05-15,92441,7902,329,395265,1769616
4030,1,4,2026-05-15,97985,6238,180,1832191,7147731
4031,1,3,2026-05-15,114006,3694,410,4364106,36920149
4032,2,5,2026-05-15,78229,6487,545,5067959,41258205
4033,2,1,2026-05-15,113433,8309,1390,584837,3739570
4034,2,3,2026-05-15,117368,5017,528,336187,1012275
4035,3,3,2026-05-15,85699,3911,141,4714020,23964572
4036,3,2,2026-05-15,48673,4300,191,6712933,43028721
4037,3,1,2026-05-15,101015,6378,914,356434,1553239
4038,3,5,2026-05-15,109255,9336,919,1310961,8868556
4039,4,2,2026-05-15,68197,4401,310,3694904,11386211
4040,4,1,2026-05-15,11793,615,61,5688536,20008569
4041,4,6,2026-05-15,70054,6255,474,2193776,11000168
4042,5,6,2026-05-15,96096,3845,459,5197509,31630591
4043,5,2,2026-05-15,14303,848,86,1922157,7226932
4044,5,1,2026-05-15,10284,300,41,2765606,21048210
4045,5,4,2026-05-15,45699,1628,149,4913316,30234592
4046,6,4,2026-05-15,63186,4501,474,1379368,9858068
4047,6,6,2026-05-15,46315,4121,691,343102,2281960
4048,6,1,2026-05-15,66660,3067,98,6650642,40900150
4049,7,6,2026-05-15,16773,859,50,5814754,20344383
4050,7,1,2026-05-15,75544,4493,146,3250065,15604081
4051,7,3,2026-05-15,38527,684,102,4983732,36225328
4052,8,1,2026-05-15,102253,2140,295,1100576,4870891
4053,8,3,2026-05-15,114467,5596,354,5493844,26669336
4054,8,5,2026-05-15,52938,1782,225,3641783,10129058
4055,8,4,2026-05-15,69473,5321,108,2691226,6910657
4056,9,1,2026-05-15,46803,3835,148,2617700,22010334
4057,9,3,2026-05-15,104764,3525,591,6271374,36220886
4058,10,1,2026-05-15,8163,539,61,3602227,25625063
4059,10,5,2026-05-15,105555,9023,1236,2301080,12845661
4060,1,5,2026-05-16,95881,6786,852,4781011,27456912
4061,1,4,2026-05-16,24864,1103,49,6153692,27861928
4062,1,3,2026-05-16,55087,1993,179,5335791,19955215
4063,1,6,2026-05-16,31702,2193,164,3802442,12521087
4064,2,2,2026-05-16,66397,2489,388,4520623,35926739
4065,2,5,2026-05-16,12002,866,133,4388456,12092078
4066,3,5,2026-05-16,83195,2297,405,6303212,20201207
4067,3,6,2026-05-16,96657,5909,629,6364005,47309684
4068,3,4,2026-05-16,87470,7122,463,2165272,6437710
4069,3,1,2026-05-16,31174,2059,341,3569859,17033346
4070,4,3,2026-05-16,41133,2324,255,3176539,11048181
4071,4,5,2026-05-16,57342,1896,237,1234812,7487896
4072,5,1,2026-05-16,109689,7270,1294,1530944,3993523
4073,5,3,2026-05-16,34607,2078,197,358807,1921875
4074,5,4,2026-05-16,40735,1721,111,4328609,29687578
4075,6,5,2026-05-16,88961,7308,239,6597454,19008192
4076,6,2,2026-05-16,56170,3984,604,5100757,23125561
4077,7,5,2026-05-16,60210,4860,475,3550467,30132149
4078,7,3,2026-05-16,22336,1797,87,3040699,20429660
4079,8,4,2026-05-16,6783,171,13,6506421,37136851
4080,8,1,2026-05-16,7155,176,17,4960073,39399326
4081,8,3,2026-05-16,5778,180,14,3666220,10230631
4082,8,5,2026-05-16,111509,2106,121,3623789,17665458
4083,9,1,2026-05-16,21943,1532,248,1035932,6611189
4084,9,3,2026-05-16,61221,2139,45,4871947,29361324
4085,9,6,2026-05-16,6435,511,58,5269119,16911731
4086,10,1,2026-05-16,88767,1523,119,495500,3047255
4087,10,2,2026-05-16,49429,1327,69,4159330,29289406
4088,1,4,2026-05-17,117390,2747,340,1865926,15515277
4089,1,5,2026-05-17,10460,195,26,3910314,10784597
4090,1,3,2026-05-17,118120,10338,783,4435555,35957574
4091,1,1,2026-05-17,91715,3588,537,5586202,33758620
4092,2,1,2026-05-17,42464,3016,524,2661526,17728197
4093,2,3,2026-05-17,48172,1535,52,4976128,12926686
4094,3,1,2026-05-17,87477,3610,194,2673893,18911200
4095,3,5,2026-05-17,57184,5062,228,1708229,10390657
4096,3,4,2026-05-17,94892,4063,161,5471836,29932307
4097,3,2,2026-05-17,46274,3121,252,2269089,18872114
4098,4,1,2026-05-17,45579,2535,63,387954,1659665
4099,4,4,2026-05-17,118205,7449,1052,3706655,9623264
4100,4,2,2026-05-17,30787,1277,228,3369999,18615224
4101,5,1,2026-05-17,31089,2053,63,2232730,14683201
4102,5,3,2026-05-17,88205,7615,667,1087601,4781311
4103,6,3,2026-05-17,62676,3629,289,1803597,7275638
4104,6,5,2026-05-17,14837,455,52,2880258,14844924
4105,7,1,2026-05-17,100934,7156,387,6004332,44251343
4106,7,4,2026-05-17,96015,8201,1368,5194959,14683475
4107,7,3,2026-05-17,99723,4938,551,6468476,19274192
4108,8,5,2026-05-17,102464,8735,1359,3694162,22107412
4109,8,6,2026-05-17,61319,2437,393,4945015,19336535
4110,8,4,2026-05-17,47240,3236,320,5561345,36278410
4111,8,2,2026-05-17,65293,2918,504,3439481,22769325
4112,9,2,2026-05-17,102791,6892,1072,6432379,19504343
4113,9,6,2026-05-17,39781,1325,27,5688749,17644050
4114,10,2,2026-05-17,84098,3531,346,2120444,7714010
4115,10,1,2026-05-17,112135,2890,384,6160306,33107627
4116,1,2,2026-05-18,38957,700,111,1418800,6289483
4117,1,6,2026-05-18,105019,2865,238,4160347,19788159
4118,1,4,2026-05-18,117651,7003,349,1686954,8663818
4119,1,5,2026-05-18,36032,2221,296,2177658,14863779
4120,2,6,2026-05-18,22912,753,37,5125392,15701763
4121,2,2,2026-05-18,95274,8514,259,5474490,19890974
4122,2,1,2026-05-18,104764,7844,804,2760673,9192490
4123,3,4,2026-05-18,84705,1328,169,3079979,22851194
4124,3,1,2026-05-18,117986,2514,389,6088504,27718395
4125,3,2,2026-05-18,55987,1081,181,3014616,15430327
4126,4,5,2026-05-18,77235,6715,267,331710,2255537
4127,4,6,2026-05-18,56556,4193,744,2090498,13673127
4128,4,1,2026-05-18,29157,2128,189,5546376,37982903
4129,4,4,2026-05-18,24732,2065,204,4221166,22377130
4130,5,1,2026-05-18,100155,5304,920,3642237,17886496
4131,5,4,2026-05-18,44156,3080,75,4015732,10122431
4132,6,3,2026-05-18,109539,1926,227,1721581,10748569
4133,6,1,2026-05-18,109352,4135,499,1011474,6946355
4134,6,2,2026-05-18,9927,625,91,2795704,19199629
4135,6,4,2026-05-18,22337,1839,116,5965644,38108668
4136,7,4,2026-05-18,61102,2994,125,5074583,40880954
4137,7,3,2026-05-18,115343,9740,1488,415707,3141338
4138,7,2,2026-05-18,37127,2524,127,4564404,29550674
4139,8,6,2026-05-18,58952,4107,267,4056558,16646470
4140,8,4,2026-05-18,82989,4267,485,1176502,6631132
4141,8,3,2026-05-18,33519,2968,391,5087654,33458177
4142,9,5,2026-05-18,108493,2257,261,6222908,34453233
4143,9,6,2026-05-18,9506,562,67,2942361,21724056
4144,9,3,2026-05-18,6862,549,63,5851906,21916692
4145,9,4,2026-05-18,112943,5225,833,2788051,10591441
4146,10,6,2026-05-18,82395,2825,228,1396913,4337506
4147,10,2,2026-05-18,99188,5564,737,4776727,35030077
4148,1,6,2026-05-19,48194,2949,324,3147380,12173658
4149,1,1,2026-05-19,7134,109,3,6046666,31458264
4150,2,6,2026-05-19,112036,6651,698,2851695,23196488
4151,2,2,2026-05-19,44344,1239,201,5643333,19580629
4152,2,5,2026-05-19,57126,3920,546,6139169,33459521
4153,2,1,2026-05-19,116050,6209,622,1485677,11817016
4154,3,2,2026-05-19,73925,4673,578,784933,3515688
4155,3,4,2026-05-19,76651,6740,447,3554216,20020682
4156,4,6,2026-05-19,96476,6680,748,3404438,16698374
4157,4,1,2026-05-19,66281,4710,527,4800321,40009711
4158,4,2,2026-05-19,40522,1797,252,3022667,16902401
4159,5,4,2026-05-19,106586,7968,405,5989747,34437809
4160,5,5,2026-05-19,5485,434,68,4031034,13806258
4161,5,3,2026-05-19,56769,4274,120,4855041,13866598
4162,5,6,2026-05-19,23442,1085,88,1410722,3589517
4163,6,3,2026-05-19,101004,4921,497,2630213,11791938
4164,6,6,2026-05-19,92229,7794,1336,3005105,13422811
4165,6,5,2026-05-19,104437,4374,432,1137821,9611388
4166,7,3,2026-05-19,61485,2188,46,3541482,19983341
4167,7,4,2026-05-19,49247,2663,398,4753969,36296632
4168,8,6,2026-05-19,14344,661,50,3027103,9502282
4169,8,1,2026-05-19,27953,2288,361,2481139,7225738
4170,8,3,2026-05-19,72147,4267,407,2783918,7042281
4171,9,2,2026-05-19,58285,4861,873,442510,2467149
4172,9,5,2026-05-19,35589,2766,418,651453,4482738
4173,10,1,2026-05-19,30426,560,66,2546311,8716780
4174,10,2,2026-05-19,32808,1753,150,1754236,4861572
4175,10,4,2026-05-19,95922,3832,106,5429327,37545462
4176,1,1,2026-05-20,106824,8593,1198,2083343,8572308
4177,1,5,2026-05-20,80810,1285,184,5651680,16374506
4178,2,4,2026-05-20,68829,1728,109,1582253,9226800
4179,2,5,2026-05-20,19354,594,48,2567455,14531180
4180,2,6,2026-05-20,44167,1715,45,2016677,9324357
4181,2,3,2026-05-20,105935,4589,599,2809495,23676015
4182,3,5,2026-05-20,70308,4430,764,5106984,20465159
4183,3,3,2026-05-20,7469,609,69,5567519,39349053
4184,4,2,2026-05-20,5142,142,16,2567145,8684223
4185,4,4,2026-05-20,119283,9024,244,2256796,18769053
4186,5,5,2026-05-20,48532,2622,308,447322,2376113
4187,5,6,2026-05-20,115675,4443,117,1108402,6518654
4188,5,2,2026-05-20,62674,4065,387,4767692,24414007
4189,6,5,2026-05-20,91023,3473,354,3868184,26794463
4190,6,3,2026-05-20,95011,5149,233,330983,1822114
4191,6,1,2026-05-20,103908,7200,1110,2984354,21547773
4192,7,4,2026-05-20,79783,3711,219,6729474,25697832
4193,7,5,2026-05-20,61277,1062,130,6361369,36843886
4194,7,3,2026-05-20,98904,6102,395,4152439,20844994
4195,7,1,2026-05-20,67988,2511,257,1127594,8565022
4196,8,2,2026-05-20,57803,1655,189,5813020,48245964
4197,8,1,2026-05-20,94310,2026,70,4742867,38132354
4198,8,4,2026-05-20,109625,7928,753,4499779,15287946
4199,9,4,2026-05-20,112702,4563,319,5524907,32003334
4200,9,3,2026-05-20,114572,1919,167,1581465,6188904
4201,10,6,2026-05-20,90690,4582,421,4516004,36918508
4202,10,2,2026-05-20,8535,755,121,2212594,11791263
4203,10,5,2026-05-20,113465,6579,169,6982164,49415997
4204,1,3,2026-05-21,12291,803,87,4209220,35385163
4205,1,6,2026-05-21,81142,3182,195,5560663,40294622
4206,1,4,2026-05-21,60144,3141,220,5277367,29811782
4207,2,5,2026-05-21,103165,3173,324,3259017,19551211
4208,2,6,2026-05-21,46996,2446,71,5174040,22325980
4209,2,1,2026-05-21,71837,6398,908,5561230,26936592
4210,2,2,2026-05-21,58082,4472,239,2511023,14571376
4211,3,4,2026-05-21,117885,3143,71,4318031,21121916
4212,3,2,2026-05-21,24783,813,68,1212464,4343579
4213,3,1,2026-05-21,87784,6493,755,5601892,42565122
4214,4,1,2026-05-21,79327,5039,536,5698701,27477992
4215,4,5,2026-05-21,90939,6712,239,6734197,22242316
4216,4,6,2026-05-21,110961,1885,287,359079,2869921
4217,4,4,2026-05-21,55859,3834,597,5299531,14414128
4218,5,1,2026-05-21,81826,2037,197,1530898,9241844
4219,5,4,2026-05-21,23871,1052,123,2237498,8599649
4220,6,5,2026-05-21,64522,5426,319,2952333,8164477
4221,6,4,2026-05-21,69334,2745,279,3770918,28936189
4222,6,3,2026-05-21,107621,7503,420,1902298,8617248
4223,6,6,2026-05-21,95507,4627,685,4009938,15705939
4224,7,2,2026-05-21,18126,710,52,658261,4336671
4225,7,6,2026-05-21,105615,4105,526,574597,2668921
4226,8,1,2026-05-21,84102,5522,763,4633372,19196480
4227,8,5,2026-05-21,112763,4060,110,3384025,28395805
4228,8,4,2026-05-21,75437,2315,406,2911904,8396033
4229,8,3,2026-05-21,68359,5900,732,6185117,19263029
4230,9,2,2026-05-21,116520,2177,183,4024286,12809242
4231,9,3,2026-05-21,87285,6219,939,6813287,38855426
4232,10,6,2026-05-21,81386,5120,821,4077677,25312021
4233,10,1,2026-05-21,75480,1434,231,2247170,14231007
4234,1,6,2026-05-22,60882,3252,202,4268052,25382232
4235,1,3,2026-05-22,43462,732,103,2245339,16652369
4236,1,5,2026-05-22,60477,4198,370,2801173,20690643
4237,2,4,2026-05-22,22657,1381,133,6661773,36584157
4238,2,2,2026-05-22,91757,2809,109,5184620,42355336
4239,3,4,2026-05-22,91841,4402,161,3600940,29781183
4240,3,2,2026-05-22,106452,7529,1006,1446765,8520880
4241,3,5,2026-05-22,16629,662,52,6215820,40224639
4242,4,2,2026-05-22,44332,965,151,6477270,30683409
4243,4,6,2026-05-22,77088,3162,437,4809247,19163086
4244,4,5,2026-05-22,61735,4616,110,4213820,33551665
4245,4,1,2026-05-22,44307,1633,133,4250553,28708719
4246,5,2,2026-05-22,102387,6390,492,2677628,17141666
4247,5,1,2026-05-22,87196,4493,622,5415032,17270851
4248,5,3,2026-05-22,13341,642,47,1655279,13052469
4249,6,5,2026-05-22,58017,3326,104,2704839,21226067
4250,6,1,2026-05-22,17960,576,81,2593927,16875772
4251,7,6,2026-05-22,112124,6411,840,4072763,17214792
4252,7,1,2026-05-22,101461,9102,1043,6331120,48474672
4253,7,3,2026-05-22,75256,3415,431,2324708,19356822
4254,8,2,2026-05-22,116770,7307,1279,6583917,17627917
4255,8,4,2026-05-22,100159,6353,517,1870050,5983132
4256,9,4,2026-05-22,64299,3181,368,3467151,29261666
4257,9,6,2026-05-22,59245,2823,91,1470628,12477236
4258,10,4,2026-05-22,111339,9604,241,6955805,52823619
4259,10,2,2026-05-22,21777,544,71,2147005,8828461
4260,10,3,2026-05-22,82120,4583,144,2051178,14053006
4261,10,1,2026-05-22,60492,3419,555,4395504,20432502
4262,1,1,2026-05-23,85513,1745,76,2853736,11861465
4263,1,6,2026-05-23,57901,1390,93,5473937,19077915
4264,1,4,2026-05-23,37153,2722,207,4141321,17908201
4265,1,2,2026-05-23,56832,4722,422,2876727,9610209
4266,2,1,2026-05-23,37287,1928,78,2130270,6175452
4267,2,6,2026-05-23,81618,6012,463,5692581,27258088
4268,2,4,2026-05-23,85260,5331,410,6658007,22954839
4269,3,4,2026-05-23,54234,4274,265,1077469,4624263
4270,3,6,2026-05-23,10895,184,30,6950595,55712334
4271,4,3,2026-05-23,110064,4412,133,6356628,53221620
4272,4,1,2026-05-23,114018,9721,1700,6838815,28937012
4273,4,2,2026-05-23,94567,3232,348,4335852,14499483
4274,4,6,2026-05-23,74919,6240,353,306657,1319894
4275,5,2,2026-05-23,38120,3216,206,6433876,44610068
4276,5,1,2026-05-23,15969,687,66,5167570,38636637
4277,6,3,2026-05-23,20002,691,100,4141885,23426082
4278,6,1,2026-05-23,66152,3917,276,832908,2751993
4279,7,1,2026-05-23,47235,1719,155,5757892,29438261
4280,7,3,2026-05-23,17420,932,26,4732007,34668325
4281,7,6,2026-05-23,70804,1336,48,6144429,35118369
4282,7,5,2026-05-23,36877,790,41,1007224,4479563
4283,8,3,2026-05-23,61771,3156,271,5595789,17477373
4284,8,2,2026-05-23,109882,1770,261,951092,5509443
4285,9,1,2026-05-23,93000,4222,438,3850433,16584407
4286,9,5,2026-05-23,48341,3484,537,3710356,23575189
4287,10,1,2026-05-23,91054,2717,456,6352263,18628722
4288,10,2,2026-05-23,39508,1123,155,402654,1983258
4289,10,4,2026-05-23,11919,343,9,4512779,22971955
4290,10,3,2026-05-23,48940,4319,564,3111334,24765352
4291,1,6,2026-05-24,113913,2888,190,1101753,3387918
4292,1,3,2026-05-24,108318,2870,242,4329884,11777323
4293,2,1,2026-05-24,101801,6022,256,1100679,9244188
4294,2,3,2026-05-24,57664,2700,161,6509151,36554355
4295,2,5,2026-05-24,21872,550,23,613383,1649413
4296,3,2,2026-05-24,29142,1890,52,3469054,11583271
4297,3,5,2026-05-24,8608,190,23,5450179,38396783
4298,3,6,2026-05-24,116455,2406,339,2447701,13964404
4299,4,2,2026-05-24,18242,536,65,3350242,12024731
4300,4,5,2026-05-24,54654,4735,183,2100843,7247788
4301,5,5,2026-05-24,94033,3408,136,2852479,10308924
4302,5,3,2026-05-24,57393,2145,318,5412117,27906556
4303,5,6,2026-05-24,108946,1674,104,4594957,23343716
4304,5,2,2026-05-24,30339,1064,148,6421020,47267946
4305,6,2,2026-05-24,88447,5771,692,2334262,9711387
4306,6,4,2026-05-24,80084,4505,540,1787693,11139084
4307,6,5,2026-05-24,113839,3688,312,6796113,20746432
4308,7,2,2026-05-24,111702,4461,693,2544045,13807935
4309,7,4,2026-05-24,56129,4885,386,2366015,18298818
4310,7,5,2026-05-24,71964,1406,234,3793763,16316511
4311,7,6,2026-05-24,39943,2015,360,2138577,8544217
4312,8,6,2026-05-24,62872,4609,791,6714634,32652191
4313,8,3,2026-05-24,99329,3857,221,2048004,12015963
4314,8,2,2026-05-24,96585,6442,1083,1367717,9671586
4315,8,4,2026-05-24,105384,6137,994,6574155,26290373
4316,9,2,2026-05-24,82645,2173,79,4283087,12809759
4317,9,4,2026-05-24,89011,4390,540,3809355,31257329
4318,9,5,2026-05-24,102641,6353,1073,3017754,12459463
4319,10,3,2026-05-24,103183,4868,618,519229,2584593
4320,10,4,2026-05-24,18273,813,86,2783322,16402229
4321,10,6,2026-05-24,82363,5182,614,6608658,51788835
4322,10,5,2026-05-24,76614,5673,183,1106828,5121191
4323,1,6,2026-05-25,15918,359,58,4622390,29743564
4324,1,5,2026-05-25,96047,4768,117,493956,2708171
4325,2,4,2026-05-25,54747,1063,138,6801301,50877716
4326,2,2,2026-05-25,5533,474,30,5446785,27460912
4327,3,5,2026-05-25,55672,3891,435,1288384,4239929
4328,3,1,2026-05-25,21054,1861,155,1948020,11791208
4329,3,2,2026-05-25,44039,3246,294,1843030,8182847
4330,4,2,2026-05-25,55934,4373,294,6596930,32541052
4331,4,5,2026-05-25,111947,3284,122,1463454,10227066
4332,4,6,2026-05-25,81687,6497,741,2821407,7245624
4333,5,5,2026-05-25,92525,2150,263,6193130,49336078
4334,5,3,2026-05-25,99189,3661,342,5504475,27302130
4335,5,1,2026-05-25,93111,1575,203,4919639,18916889
4336,6,2,2026-05-25,9307,212,17,1724454,7931498
4337,6,5,2026-05-25,106365,6152,234,6810152,46380484
4338,6,1,2026-05-25,79407,4774,654,584267,4129898
4339,7,2,2026-05-25,35359,1252,79,4294974,34384922
4340,7,6,2026-05-25,59953,4645,581,2020658,16654232
4341,8,5,2026-05-25,10975,844,90,6099508,24958047
4342,8,1,2026-05-25,100468,1974,61,3942001,21530195
4343,8,3,2026-05-25,33378,595,106,4866790,14828356
4344,9,1,2026-05-25,106142,1790,278,5804245,45817264
4345,9,3,2026-05-25,26174,2146,56,4742915,27845309
4346,9,6,2026-05-25,59687,4714,792,3690661,29510052
4347,10,6,2026-05-25,119841,7377,194,2749289,9254867
4348,10,1,2026-05-25,115838,8424,515,6530370,52943079
4349,1,5,2026-05-26,12853,394,20,3869076,11097672
4350,1,3,2026-05-26,67659,3884,494,4374040,32910279
4351,1,2,2026-05-26,82552,1855,310,3505770,10000433
4352,2,4,2026-05-26,108640,5667,297,1434404,10322179
4353,2,1,2026-05-26,17813,1046,72,436095,3697279
4354,2,5,2026-05-26,44774,3714,471,336139,1166211
4355,3,5,2026-05-26,20627,514,54,5601607,24055785
4356,3,1,2026-05-26,22919,1905,322,929841,6635012
4357,3,3,2026-05-26,84635,2622,235,4578831,21570938
4358,3,6,2026-05-26,54881,2035,180,5376754,15756500
4359,4,1,2026-05-26,85565,7512,940,3478869,11246088
4360,4,6,2026-05-26,80706,7256,341,5680583,19373688
4361,4,4,2026-05-26,50659,1838,50,6255798,24552828
4362,4,2,2026-05-26,48976,1534,43,5306421,34389623
4363,5,2,2026-05-26,76810,2611,196,1702748,14456402
4364,5,4,2026-05-26,28003,2011,200,2916305,22923694
4365,5,1,2026-05-26,5264,133,10,4381551,29899632
4366,5,6,2026-05-26,13520,1150,108,4853365,29524301
4367,6,3,2026-05-26,56174,3389,342,5315416,20333774
4368,6,5,2026-05-26,12648,218,8,5573650,37368743
4369,6,6,2026-05-26,49660,2356,178,5865069,46932793
4370,6,2,2026-05-26,32290,1369,197,2785072,21776690
4371,7,4,2026-05-26,64727,1728,146,6678879,42881481
4372,7,1,2026-05-26,58096,2470,151,367066,1966910
4373,8,1,2026-05-26,40973,956,53,3471506,19285827
4374,8,6,2026-05-26,60178,4789,295,6905636,46285730
4375,8,3,2026-05-26,63337,4645,169,343185,865026
4376,8,4,2026-05-26,88646,7848,674,4842392,29524211
4377,9,3,2026-05-26,75293,1924,183,1713484,6259432
4378,9,1,2026-05-26,99386,2320,176,6950015,44880455
4379,9,4,2026-05-26,23350,751,81,1818181,6454425
4380,9,5,2026-05-26,25319,918,97,4251390,18963125
4381,10,5,2026-05-26,51912,4671,535,2792760,7517268
4382,10,2,2026-05-26,40772,893,121,4949342,20331201
4383,1,1,2026-05-27,97344,2303,136,5895317,15788882
4384,1,2,2026-05-27,116803,10036,705,2973318,24687734
4385,1,3,2026-05-27,63064,5333,247,5694952,32368259
4386,1,6,2026-05-27,22203,1870,39,3963142,16786323
4387,2,6,2026-05-27,10365,620,58,2315481,6194522
4388,2,3,2026-05-27,75837,1235,39,2817437,8773386
4389,2,4,2026-05-27,42709,3555,476,3063445,12117483
4390,2,5,2026-05-27,15118,922,147,1359042,9812092
4391,3,1,2026-05-27,77832,3560,329,6446869,50303086
4392,3,3,2026-05-27,21894,1232,59,5681790,31588686
4393,3,5,2026-05-27,77805,6572,366,3534025,13542659
4394,3,2,2026-05-27,50135,2623,435,5689474,38473423
4395,4,6,2026-05-27,65903,3748,538,5900523,19916942
4396,4,2,2026-05-27,34087,2617,312,6329098,32707491
4397,5,6,2026-05-27,83153,4837,343,3084461,17937058
4398,5,4,2026-05-27,50151,4193,609,5269046,31261199
4399,6,1,2026-05-27,80486,6608,132,3815681,23338448
4400,6,5,2026-05-27,61351,3526,98,2800118,13036555
4401,6,3,2026-05-27,25083,1354,200,3899977,10095621
4402,6,6,2026-05-27,13739,956,78,3826391,20119877
4403,7,4,2026-05-27,53661,2592,69,3647668,16086523
4404,7,3,2026-05-27,63216,2912,489,3808574,24692100
4405,8,3,2026-05-27,77330,1499,115,5626919,14759262
4406,8,5,2026-05-27,41746,1235,167,5467090,33801288
4407,9,5,2026-05-27,44491,2201,338,1812885,8046765
4408,9,4,2026-05-27,119876,9094,955,5964928,21504246
4409,9,3,2026-05-27,102510,2620,157,2083349,8976920
4410,9,2,2026-05-27,5624,407,25,4111525,27780045
4411,10,1,2026-05-27,37322,3197,267,1206073,5386043
4412,10,3,2026-05-27,49307,1905,123,5206992,42015214
4413,10,5,2026-05-27,55354,1553,155,3477802,9006386
4414,1,2,2026-05-28,13052,429,60,2159110,13911046
4415,1,3,2026-05-28,86341,6442,825,2742063,12758868
4416,1,4,2026-05-28,34129,2683,191,4811564,38635586
4417,2,5,2026-05-28,34669,639,14,1472907,9029811
4418,2,4,2026-05-28,56420,1624,261,5477756,33417408
4419,3,2,2026-05-28,43730,3775,438,1399091,3719702
4420,3,1,2026-05-28,16404,747,79,6751666,24042687
4421,3,4,2026-05-28,20626,865,50,1777174,14038044
4422,4,5,2026-05-28,117517,10492,218,2156321,18150217
4423,4,2,2026-05-28,112401,4678,118,2107315,6799588
4424,4,4,2026-05-28,35228,2077,207,2833949,16124696
4425,5,1,2026-05-28,10909,505,64,708935,2224253
4426,5,2,2026-05-28,36373,2299,123,5492507,21168987
4427,5,5,2026-05-28,84193,4339,505,317294,903909
4428,6,2,2026-05-28,89938,3653,131,1526623,5503834
4429,6,5,2026-05-28,49631,2146,289,2655294,17790690
4430,7,5,2026-05-28,51386,4508,313,6399307,33257085
4431,7,3,2026-05-28,86480,6563,281,303946,1280806
4432,8,6,2026-05-28,102373,3334,580,5760057,36087607
4433,8,2,2026-05-28,66010,5525,582,933077,3927491
4434,8,5,2026-05-28,54393,1997,274,2355736,12164142
4435,9,1,2026-05-28,30665,2018,266,1175855,9430333
4436,9,5,2026-05-28,92828,4534,452,3829256,25920197
4437,9,3,2026-05-28,49562,960,46,4250458,27154542
4438,9,2,2026-05-28,104570,4847,193,6874600,40924437
4439,10,1,2026-05-28,12201,555,17,6351216,39693102
4440,10,3,2026-05-28,25431,633,19,1255271,6081473
4441,10,4,2026-05-28,87059,4878,821,501665,2417168
4442,10,5,2026-05-28,113253,5757,508,3112697,12377473
4443,1,2,2026-05-29,21135,1171,133,900727,6948233
4444,1,4,2026-05-29,54617,4173,428,2686423,17146710
4445,2,4,2026-05-29,15982,339,52,5385795,23532769
4446,2,2,2026-05-29,7827,140,23,2353876,12290375
4447,2,6,2026-05-29,49125,3584,212,6611097,37863365
4448,3,2,2026-05-29,23769,819,61,5825622,36457993
4449,3,6,2026-05-29,116602,5073,598,1363758,11353820
4450,3,1,2026-05-29,103954,9078,1218,1166388,6351370
4451,3,4,2026-05-29,77580,2337,302,3762268,17137097
4452,4,3,2026-05-29,73654,1875,65,6834249,28353558
4453,4,2,2026-05-29,119137,2058,168,3262010,11358334
4454,5,4,2026-05-29,61502,2975,436,2148253,16603906
4455,5,3,2026-05-29,53339,1054,45,1835775,15531646
4456,5,2,2026-05-29,46408,3978,219,2387984,12976433
4457,6,6,2026-05-29,103483,4547,432,3745475,15210622
4458,6,4,2026-05-29,62840,3352,382,1640019,5720583
4459,6,3,2026-05-29,111711,8396,554,3383720,25319584
4460,7,3,2026-05-29,86982,2205,46,3766808,22493745
4461,7,4,2026-05-29,79381,3684,299,3100141,23723796
4462,8,6,2026-05-29,118556,5527,222,4052308,31425228
4463,8,1,2026-05-29,98187,5097,589,2241250,15550174
4464,9,1,2026-05-29,106925,3332,431,2558975,19701130
4465,9,5,2026-05-29,14561,361,13,3966545,30590229
4466,9,4,2026-05-29,91080,3902,80,1536013,11096975
4467,9,3,2026-05-29,43365,3554,333,6084560,49342793
4468,10,6,2026-05-29,69585,4817,453,1448738,6869164
4469,10,1,2026-05-29,118248,6383,840,735700,3865171
4470,10,3,2026-05-29,31687,1022,120,1423690,4358831
4471,10,2,2026-05-29,64347,3646,563,1508112,10775501
4472,1,4,2026-05-30,95887,1841,203,6198535,25527780
4473,1,2,2026-05-30,13392,921,76,3657129,25949611
4474,2,1,2026-05-30,58345,3632,462,6875186,57594766
4475,2,4,2026-05-30,73186,3437,71,865086,7293226
4476,2,2,2026-05-30,109041,8386,204,711128,5580966
4477,3,6,2026-05-30,40182,983,148,6786363,56246312
4478,3,5,2026-05-30,76190,2305,412,2082715,10490963
4479,3,3,2026-05-30,64160,4213,341,6926862,38492938
4480,3,4,2026-05-30,95615,5308,450,6371520,44220878
4481,4,6,2026-05-30,54963,860,63,5980584,24036968
4482,4,2,2026-05-30,42491,3475,556,5328081,17574593
4483,5,3,2026-05-30,98741,7656,292,1875357,6326381
4484,5,4,2026-05-30,86478,3694,586,5030549,40662786
4485,5,6,2026-05-30,54047,1013,126,307670,912140
4486,5,5,2026-05-30,48489,1788,67,3193907,23067990
4487,6,6,2026-05-30,73671,5159,579,6652962,45702647
4488,6,1,2026-05-30,9682,352,42,813811,3410741
4489,6,5,2026-05-30,40643,1347,102,3529295,27746431
4490,6,4,2026-05-30,49555,1025,55,3069689,11190836
4491,7,6,2026-05-30,89636,2804,195,2981995,13757677
4492,7,1,2026-05-30,11545,343,41,400849,1250110
4493,7,3,2026-05-30,57863,3108,220,2664180,13811834
4494,7,4,2026-05-30,68839,5373,495,2500030,6791456
4495,8,1,2026-05-30,18462,837,97,6120979,35823196
4496,8,2,2026-05-30,97180,2946,389,3956858,12109777
4497,8,4,2026-05-30,52947,2843,233,4639922,38820352
4498,8,3,2026-05-30,19787,423,47,3532802,18127670
4499,9,6,2026-05-30,31110,839,25,649674,4428504
4500,9,5,2026-05-30,118355,2024,354,4798892,17968377
4501,9,2,2026-05-30,29850,1019,125,861817,5195355
4502,9,3,2026-05-30,60310,2384,316,4875418,23000784
4503,10,2,2026-05-30,42000,1131,95,1491402,4572021
4504,10,6,2026-05-30,106813,7213,531,663347,1923185
4505,10,5,2026-05-30,48286,2677,168,3867862,19596685
4506,1,5,2026-05-31,111795,9013,472,1571921,11368382
4507,1,2,2026-05-31,49691,1507,247,4175754,14918369
4508,1,1,2026-05-31,103821,4549,522,5730356,21957987
4509,2,1,2026-05-31,26575,1036,165,3408958,27818211
4510,2,3,2026-05-31,60898,1399,81,4866493,25805525
4511,2,6,2026-05-31,29961,2564,54,5033715,40486905
4512,3,6,2026-05-31,88743,4370,666,4960457,38146782
4513,3,1,2026-05-31,115704,3184,310,4285560,22777135
4514,4,1,2026-05-31,46817,1152,158,5773342,31890358
4515,4,6,2026-05-31,56109,1676,242,815719,2081487
4516,4,3,2026-05-31,15871,412,11,1487458,10111691
4517,4,5,2026-05-31,41524,1061,71,2734939,14859358
4518,5,1,2026-05-31,91797,4454,423,6653458,41346327
4519,5,3,2026-05-31,107721,7366,650,1309229,8597882
4520,5,4,2026-05-31,81357,5069,189,3359867,22708199
4521,5,5,2026-05-31,61951,2554,214,6756419,35346568
4522,6,1,2026-05-31,73683,5828,298,6834546,27994885
4523,6,5,2026-05-31,7289,445,35,1654566,13430136
4524,6,4,2026-05-31,115051,4155,175,5957815,28473417
4525,7,3,2026-05-31,31252,2712,133,1040240,6217236
4526,7,2,2026-05-31,104646,3597,638,6200718,15996061
4527,7,4,2026-05-31,7785,328,21,5935147,23500095
4528,7,6,2026-05-31,11562,834,61,6915179,43864629
4529,8,1,2026-05-31,9868,699,24,880850,4300126
4530,8,3,2026-05-31,113633,9455,823,557781,3080912
4531,9,4,2026-05-31,78469,4542,242,2494914,18881940
4532,9,3,2026-05-31,49074,2936,464,2005471,7668805
4533,10,5,2026-05-31,51944,2695,92,1867755,5877417
4534,10,6,2026-05-31,79770,3607,401,2415180,11608377
4535,10,2,2026-05-31,98176,5193,447,5614772,27085838
4536,1,6,2026-06-01,8007,646,22,4451146,29627004
4537,1,2,2026-06-01,112123,7210,632,1526856,10950735
4538,1,5,2026-06-01,23610,903,95,2513498,19227929
4539,2,2,2026-06-01,5342,95,2,6462585,42341614
4540,2,4,2026-06-01,23513,389,32,716322,2161977
4541,2,6,2026-06-01,92364,6555,959,2981246,8991732
4542,2,5,2026-06-01,8157,464,34,2048785,15249944
4543,3,1,2026-06-01,100634,1939,238,6385859,23556698
4544,3,4,2026-06-01,35732,1394,121,5798352,46140139
4545,3,2,2026-06-01,54989,3292,467,1984201,14625428
4546,4,1,2026-06-01,99684,1777,50,5292804,31925482
4547,4,6,2026-06-01,13646,770,79,6399511,16135144
4548,5,5,2026-06-01,74039,4684,804,3117920,20871736
4549,5,1,2026-06-01,41527,823,88,5334311,37532153
4550,5,2,2026-06-01,86919,5755,687,2230345,6236521
4551,6,6,2026-06-01,59677,2796,164,3802111,18491371
4552,6,2,2026-06-01,74964,6275,150,6917518,50945078
4553,6,4,2026-06-01,23393,2079,265,3899462,21912936
4554,7,5,2026-06-01,96410,8542,1221,331422,2562186
4555,7,3,2026-06-01,99084,3123,558,1040520,2828149
4556,7,4,2026-06-01,50724,3351,574,5956800,42761064
4557,8,1,2026-06-01,61708,3226,169,4056960,25203471
4558,8,5,2026-06-01,43039,3804,133,5203389,43836536
4559,9,3,2026-06-01,35511,1796,153,3286162,20984881
4560,9,2,2026-06-01,104282,7261,616,4375368,22151809
4561,9,4,2026-06-01,95450,7636,774,4315762,21098771
4562,9,6,2026-06-01,21418,1378,147,2118180,10495586
4563,10,4,2026-06-01,73939,6133,776,506148,1531952
4564,10,5,2026-06-01,90818,4063,585,5667704,19660075
4565,1,2,2026-06-02,29127,1365,122,4617811,34563461
4566,1,5,2026-06-02,72486,1148,151,1933398,10025205
4567,1,6,2026-06-02,57046,1222,101,3025162,10630565
4568,2,6,2026-06-02,43198,2529,148,2967502,17489280
4569,2,5,2026-06-02,18916,476,35,4298188,23131272
4570,2,1,2026-06-02,24961,1186,208,4460796,21327474
4571,2,2,2026-06-02,8268,464,23,4972821,23452545
4572,3,5,2026-06-02,14494,1215,207,2740319,8902722
4573,3,1,2026-06-02,62778,1456,249,3550850,15900594
4574,3,3,2026-06-02,77277,4536,505,1466646,8860577
4575,3,6,2026-06-02,118111,4894,408,1078568,6154631
4576,4,1,2026-06-02,73889,3483,100,5765079,26901968
4577,4,6,2026-06-02,10713,164,19,2496894,10283753
4578,4,3,2026-06-02,97275,6118,634,4051433,23770036
4579,5,3,2026-06-02,87111,2828,64,1485275,8967947
4580,5,4,2026-06-02,7361,178,24,1557666,7070826
4581,5,1,2026-06-02,6729,133,13,5547611,15071602
4582,6,2,2026-06-02,57625,3723,432,1551872,13148672
4583,6,5,2026-06-02,26240,840,42,5372827,20228283
4584,6,1,2026-06-02,20606,1288,28,1710529,13373964
4585,7,4,2026-06-02,7596,649,97,6889221,24364188
4586,7,2,2026-06-02,55448,3539,310,2477366,16624349
4587,8,4,2026-06-02,108888,7633,504,508730,3400207
4588,8,3,2026-06-02,47812,2491,361,1071933,7868586
4589,8,2,2026-06-02,104960,3755,310,5864543,48477406
4590,8,6,2026-06-02,53166,4391,564,4461066,17997158
4591,9,4,2026-06-02,52433,3326,201,3426247,13065029
4592,9,5,2026-06-02,48293,3348,217,5797192,29419730
4593,9,6,2026-06-02,76954,6782,854,3813426,17631813
4594,9,1,2026-06-02,119556,6403,810,2545361,14101450
4595,10,5,2026-06-02,90840,5089,451,1642354,12527968
4596,10,2,2026-06-02,114068,5941,531,3585289,26815173
4597,10,3,2026-06-02,72840,2803,125,5861608,43190814
4598,1,3,2026-06-03,5599,472,77,2738800,10851725
4599,1,5,2026-06-03,106336,8643,737,5417755,31775761
4600,1,4,2026-06-03,91099,7031,423,2345604,18125901
4601,2,4,2026-06-03,9151,381,54,6930738,30035111
4602,2,5,2026-06-03,109819,2137,382,567437,3447341
4603,2,3,2026-06-03,74731,2629,247,6447309,47944706
4604,2,6,2026-06-03,11702,577,37,6659892,40765535
4605,3,5,2026-06-03,96349,4823,271,6493343,35324657
4606,3,1,2026-06-03,23596,1848,211,2561913,16164690
4607,4,6,2026-06-03,78692,6641,200,1455172,6563546
4608,4,1,2026-06-03,51027,1186,31,1412792,9373544
4609,4,2,2026-06-03,88365,1357,242,494277,3186901
4610,5,1,2026-06-03,34750,2827,119,4192273,25487972
4611,5,3,2026-06-03,106158,7036,897,2250689,16759046
4612,5,2,2026-06-03,103382,5361,843,6662192,29871073
4613,5,4,2026-06-03,15311,1145,155,1143645,3625414
4614,6,6,2026-06-03,80511,1383,247,1699805,8340314
4615,6,3,2026-06-03,29202,2376,358,1549794,9001457
4616,7,4,2026-06-03,95688,1802,140,2174387,12331336
4617,7,2,2026-06-03,77614,5325,404,2754134,12540478
4618,7,3,2026-06-03,15518,534,75,643746,4692340
4619,7,1,2026-06-03,112976,9395,309,2247417,9989933
4620,8,4,2026-06-03,50091,3865,270,6040015,23069941
4621,8,3,2026-06-03,64474,4344,728,3805423,12612217
4622,9,5,2026-06-03,59490,2925,174,2398660,11541458
4623,9,1,2026-06-03,115551,2949,99,2963051,22171716
4624,10,4,2026-06-03,38728,3145,150,3859411,10314214
4625,10,2,2026-06-03,38756,2109,214,6872777,44192068
4626,10,6,2026-06-03,56413,1522,173,796695,4018034
4627,1,1,2026-06-04,114085,5403,125,2270243,18247493
4628,1,5,2026-06-04,83343,3350,106,6547261,35777055
4629,2,3,2026-06-04,9258,633,85,5250729,30134549
4630,2,6,2026-06-04,112595,2744,352,6369786,31929431
4631,3,6,2026-06-04,27707,2394,130,6856910,26569912
4632,3,1,2026-06-04,106633,5846,637,622779,2709997
4633,4,1,2026-06-04,12495,323,37,2332489,11439522
4634,4,3,2026-06-04,53007,978,125,4938707,17553277
4635,4,2,2026-06-04,99680,3271,194,1411613,7521474
4636,5,4,2026-06-04,29222,1767,53,6325835,28386631
4637,5,6,2026-06-04,82394,1385,90,2470642,9053655
4638,5,5,2026-06-04,16151,873,116,5726563,24595173
4639,6,5,2026-06-04,109273,2332,60,5779220,44121584
4640,6,3,2026-06-04,92093,8159,794,1295747,8512049
4641,6,2,2026-06-04,19051,743,63,6032103,36236528
4642,7,4,2026-06-04,107532,9354,1397,4090933,15470995
4643,7,5,2026-06-04,26197,1393,215,1484929,9818127
4644,7,2,2026-06-04,15928,1127,154,4403470,17048157
4645,7,6,2026-06-04,86074,2295,81,4913272,19540641
4646,8,1,2026-06-04,94049,4659,673,1255532,8961053
4647,8,3,2026-06-04,52052,1315,134,4085115,22157432
4648,8,4,2026-06-04,62943,3981,300,5290020,36728135
4649,8,6,2026-06-04,115164,8024,639,1948334,5531082
4650,9,3,2026-06-04,111019,9893,207,6810513,43432083
4651,9,1,2026-06-04,102308,7726,456,4447053,25925026
4652,9,5,2026-06-04,9484,773,107,2897772,18336252
4653,10,2,2026-06-04,46446,2448,226,3626928,10095138
4654,10,5,2026-06-04,90009,6609,420,5371643,38596472
4655,1,3,2026-06-05,94763,6323,813,2796428,17484952
4656,1,4,2026-06-05,75316,5145,223,6916998,34887849
4657,2,1,2026-06-05,113803,6396,263,1747229,5119425
4658,2,6,2026-06-05,119209,8496,306,2351578,9841127
4659,2,5,2026-06-05,12878,290,20,1549040,3899757
4660,2,4,2026-06-05,35804,1974,212,3333841,24258912
4661,3,1,2026-06-05,102023,3037,416,6610421,43183965
4662,3,5,2026-06-05,73546,1773,256,3748344,14369583
4663,4,2,2026-06-05,79100,5201,670,5740119,46669861
4664,4,5,2026-06-05,67768,6050,835,5335116,13742096
4665,5,5,2026-06-05,68713,3238,160,658543,1737768
4666,5,6,2026-06-05,21960,462,60,1136538,8164047
4667,5,3,2026-06-05,67113,5603,521,3938152,15550443
4668,5,4,2026-06-05,78482,3326,489,6964378,44747970
4669,6,5,2026-06-05,33402,1650,172,978864,6938664
4670,6,3,2026-06-05,107377,6314,207,2521566,18385456
4671,6,1,2026-06-05,44837,1889,320,3825863,23464199
4672,6,4,2026-06-05,23581,1444,108,3567239,26526758
4673,7,2,2026-06-05,15256,499,45,6040788,44492134
4674,7,4,2026-06-05,95190,6819,683,3783568,26486872
4675,7,5,2026-06-05,115946,5440,617,3662087,11496428
4676,7,6,2026-06-05,102279,4615,704,6812590,35042027
4677,8,1,2026-06-05,52638,2741,256,1940788,11192182
4678,8,3,2026-06-05,116682,6342,885,690391,2413081
4679,9,2,2026-06-05,92453,4027,124,2792417,20174524
4680,9,3,2026-06-05,54972,1549,136,6402890,24398046
4681,10,6,2026-06-05,110583,5449,788,6039467,25904129
4682,10,1,2026-06-05,87078,5687,454,2779014,15473972
4683,10,5,2026-06-05,19771,1187,211,6483427,32605084
4684,1,3,2026-06-06,115325,3894,273,4818505,40291106
4685,1,4,2026-06-06,55790,3318,545,483269,1835795
4686,1,1,2026-06-06,77247,4395,763,325081,867914
4687,2,2,2026-06-06,100543,3219,498,6721545,30697917
4688,2,4,2026-06-06,28740,2040,88,6230300,52502660
4689,2,6,2026-06-06,82838,1948,239,4347958,35263039
4690,2,5,2026-06-06,55240,2195,122,840343,2321099
4691,3,1,2026-06-06,80891,1784,190,1728906,5652995
4692,3,4,2026-06-06,25562,921,36,1915474,5023394
4693,3,2,2026-06-06,75316,1774,233,6781682,57192695
4694,4,6,2026-06-06,48865,3214,334,6416120,46454966
4695,4,1,2026-06-06,100312,5421,327,5136461,27543685
4696,4,4,2026-06-06,42337,2481,227,5335408,15159395
4697,5,2,2026-06-06,69268,1684,108,3732777,27037118
4698,5,1,2026-06-06,59723,2490,343,4937993,30708718
4699,6,1,2026-06-06,69555,2145,317,6227104,27276574
4700,6,6,2026-06-06,117927,3920,701,1978696,14789848
4701,6,4,2026-06-06,27041,1615,285,3374620,25298912
4702,6,5,2026-06-06,63803,4871,677,6619092,33006144
4703,7,5,2026-06-06,33563,1731,189,895847,2716279
4704,7,3,2026-06-06,114993,9414,979,6085970,41160413
4705,7,4,2026-06-06,89970,5268,598,3588031,20388654
4706,8,6,2026-06-06,19919,1439,176,408783,2247303
4707,8,1,2026-06-06,60839,5434,411,6971834,46011362
4708,9,1,2026-06-06,34072,2561,334,3836567,30790518
4709,9,4,2026-06-06,110163,8572,276,5449936,41778647
4710,10,3,2026-06-06,103869,8163,568,5350372,40174674
4711,10,5,2026-06-06,36807,1866,86,3296890,23072989
4712,10,1,2026-06-06,53702,2883,211,2186660,9950348
4713,1,2,2026-06-07,25073,1282,82,6444805,24535137
4714,1,5,2026-06-07,87852,2333,386,6819590,56373762
4715,1,1,2026-06-07,49829,1142,170,885020,6639208
4716,2,6,2026-06-07,13751,855,132,2431216,18215712
4717,2,2,2026-06-07,118724,5529,269,1191656,8834226
4718,2,3,2026-06-07,28880,1963,166,613085,1979704
4719,2,4,2026-06-07,76041,3394,378,2490434,11575649
4720,3,2,2026-06-07,37989,1476,51,3568300,13580123
4721,3,5,2026-06-07,11910,717,15,6774432,49493176
4722,4,4,2026-06-07,11047,704,62,5849918,25360114
4723,4,5,2026-06-07,108318,6330,597,5581784,23250310
4724,4,3,2026-06-07,100601,1751,311,5427779,33283738
4725,4,6,2026-06-07,28047,1898,177,5635583,40341751
4726,5,3,2026-06-07,59858,2695,81,2029695,7702196
4727,5,1,2026-06-07,86487,4349,737,4098540,10954156
4728,6,2,2026-06-07,34669,2357,414,6225269,49922236
4729,6,1,2026-06-07,45059,1124,53,1732237,11969500
4730,6,4,2026-06-07,40438,891,105,6943044,52329135
4731,6,3,2026-06-07,35085,2659,79,5951483,47458174
4732,7,6,2026-06-07,61869,2378,390,1089741,8553769
4733,7,2,2026-06-07,18091,1151,80,2551967,8955299
4734,8,3,2026-06-07,95849,3447,514,6624487,31182349
4735,8,2,2026-06-07,96449,5793,522,3244714,21769793
4736,8,1,2026-06-07,16909,403,55,3871841,24950995
4737,8,4,2026-06-07,49087,2269,144,5439604,39797446
4738,9,1,2026-06-07,51078,1503,159,6228072,17997395
4739,9,3,2026-06-07,30234,1513,107,5637566,18634471
4740,9,4,2026-06-07,114939,4523,158,5613660,35037856
4741,10,2,2026-06-07,112716,8283,201,1974651,8707887
4742,10,4,2026-06-07,46880,2870,140,5147836,31205120
4743,10,1,2026-06-07,27993,493,85,2328884,12533376
4744,10,3,2026-06-07,98208,4283,485,3851959,23495756
4745,1,5,2026-06-08,35635,1153,93,5070443,20283242
4746,1,3,2026-06-08,114414,2277,345,6863545,48229912
4747,2,6,2026-06-08,21622,779,94,1548193,6602016
4748,2,1,2026-06-08,54616,2558,123,6546827,23744844
4749,2,2,2026-06-08,58754,1724,256,5958500,33393543
4750,2,4,2026-06-08,84234,2717,157,2050593,10941633
4751,3,6,2026-06-08,54971,2622,309,6437564,17533960
4752,3,5,2026-06-08,61971,4536,353,2715668,9652481
4753,4,6,2026-06-08,28146,1232,146,1420305,8275990
4754,4,5,2026-06-08,50026,828,52,3152343,23412939
4755,5,5,2026-06-08,26376,2322,363,5615035,44474000
4756,5,3,2026-06-08,73558,5555,989,5406805,22340249
4757,6,6,2026-06-08,79621,3743,616,3839568,16127242
4758,6,1,2026-06-08,32463,1272,45,4245364,20926017
4759,6,2,2026-06-08,10872,373,14,4909103,27678514
4760,7,1,2026-06-08,109617,6484,413,4917750,27303114
4761,7,5,2026-06-08,64680,1999,127,2689091,18655384
4762,8,6,2026-06-08,61837,2920,333,5427876,32438856
4763,8,4,2026-06-08,64897,1053,139,4138426,27734408
4764,8,5,2026-06-08,117084,7398,1180,3934198,23626638
4765,8,3,2026-06-08,16141,1266,151,988163,2949430
4766,9,5,2026-06-08,109348,9442,1270,4058355,12644917
4767,9,3,2026-06-08,56404,2878,222,3925012,26954524
4768,10,6,2026-06-08,15036,837,84,467795,3095563
4769,10,3,2026-06-08,55378,2871,191,5022577,39281125
4770,1,2,2026-06-09,32195,2824,222,5665867,47594961
4771,1,6,2026-06-09,80429,4325,99,2634036,11708897
4772,1,3,2026-06-09,7180,455,65,3726985,28478759
4773,1,4,2026-06-09,80577,5988,339,3178598,13875216
4774,2,6,2026-06-09,28323,2114,189,4256309,31873934
4775,2,3,2026-06-09,75393,4454,730,4038824,13110950
4776,3,2,2026-06-09,12300,1088,140,2319284,13297623
4777,3,3,2026-06-09,119202,8097,797,6545890,23136958
4778,4,3,2026-06-09,87468,4010,565,4639442,29604048
4779,4,5,2026-06-09,80100,2670,373,4991645,38480762
4780,4,1,2026-06-09,92972,4081,292,3242673,12401305
4781,5,1,2026-06-09,62576,3516,282,3097294,9305370
4782,5,6,2026-06-09,110711,6728,358,6667725,28429014
4783,5,5,2026-06-09,71022,5644,246,6240082,33935770
4784,5,4,2026-06-09,50911,2765,391,709134,5566135
4785,6,3,2026-06-09,11764,1010,140,2108851,8482592
4786,6,4,2026-06-09,94129,3397,409,2465644,12125539
4787,6,2,2026-06-09,107351,6422,896,6329151,25111735
4788,7,5,2026-06-09,93377,8144,418,3410359,17524015
4789,7,1,2026-06-09,60270,1305,175,6530928,51679613
4790,8,2,2026-06-09,44512,1602,123,4171768,32610091
4791,8,1,2026-06-09,27683,1817,295,3555821,14116673
4792,8,4,2026-06-09,56434,2727,191,645108,3584633
4793,9,5,2026-06-09,107702,5620,807,3440139,21258870
4794,9,4,2026-06-09,94671,3456,201,2692931,20293564
4795,9,6,2026-06-09,98436,3944,449,1896001,9815124
4796,9,2,2026-06-09,65253,4831,775,530656,4390551
4797,10,4,2026-06-09,66044,3070,294,509901,2085918
4798,10,6,2026-06-09,24699,412,65,3833704,20331954
4799,1,3,2026-06-10,63346,2616,177,937797,4128689
4800,1,5,2026-06-10,66759,4839,601,2044502,5839853
4801,2,1,2026-06-10,116556,4176,105,3731286,17669892
4802,2,6,2026-06-10,51801,3597,158,6548382,27784970
4803,2,5,2026-06-10,39523,1610,167,3097870,19913618
4804,2,3,2026-06-10,60399,2561,191,1812410,14467977
4805,3,2,2026-06-10,87745,5814,967,6697921,17286480
4806,3,4,2026-06-10,9825,339,8,5086706,35205982
4807,3,5,2026-06-10,14193,276,16,2880880,17312607
4808,3,1,2026-06-10,103758,6736,1023,952605,2831129
4809,4,5,2026-06-10,15531,334,12,2969939,16377118
4810,4,6,2026-06-10,103156,8987,1312,2620975,12870974
4811,4,4,2026-06-10,15027,576,39,4063777,20523298
4812,4,2,2026-06-10,17190,916,130,3725594,20739377
4813,5,1,2026-06-10,81487,3737,476,6859668,51470579
4814,5,3,2026-06-10,76769,6249,833,432730,3004117
4815,5,4,2026-06-10,98325,2456,207,5336510,32109788
4816,5,5,2026-06-10,7198,392,46,2617154,17822751
4817,6,2,2026-06-10,28655,1663,82,3846813,30580658
4818,6,6,2026-06-10,117114,1909,123,4336419,28544281
4819,6,1,2026-06-10,86676,4778,229,1604982,4658479
4820,6,3,2026-06-10,12182,506,27,1040205,5920435
4821,7,1,2026-06-10,45308,2212,130,4928525,29791379
4822,7,3,2026-06-10,16834,572,78,4497178,20405968
4823,7,4,2026-06-10,39229,1927,305,1375438,3460569
4824,8,5,2026-06-10,18515,300,49,5938802,20779278
4825,8,3,2026-06-10,99634,3182,320,5711824,22013152
4826,8,6,2026-06-10,51838,4634,491,6572320,43323100
4827,9,4,2026-06-10,67792,2554,134,2007549,16084561
4828,9,3,2026-06-10,15007,794,39,1485765,6882136
4829,9,6,2026-06-10,54006,1602,262,3809861,27182124
4830,10,1,2026-06-10,74104,5423,424,1707503,11376407
4831,10,3,2026-06-10,69088,3888,281,5522896,40540193
4832,10,2,2026-06-10,12587,952,98,6221365,48633382
4833,10,5,2026-06-10,109025,9595,1599,4947293,41434749
4834,1,3,2026-06-11,54386,2695,380,1791616,6791645
4835,1,5,2026-06-11,31939,2736,97,2148339,9380279
4836,1,1,2026-06-11,104903,9084,314,6310242,44755872
4837,2,1,2026-06-11,118527,5201,319,6202035,38081746
4838,2,2,2026-06-11,112011,3133,521,1162318,7711775
4839,2,6,2026-06-11,119858,5123,482,2331407,19510261
4840,2,5,2026-06-11,116016,2192,249,1152323,4079607
4841,3,3,2026-06-11,43691,952,32,6371079,31278585
4842,3,2,2026-06-11,30774,1037,75,5678048,26335642
4843,3,4,2026-06-11,30660,2412,415,2990459,11485581
4844,3,1,2026-06-11,29878,580,40,386090,2007158
4845,4,1,2026-06-11,102045,4647,549,2842412,18424124
4846,4,6,2026-06-11,46007,1793,152,6238466,31772217
4847,4,5,2026-06-11,103213,7742,558,2846578,9160504
4848,4,3,2026-06-11,78185,5523,272,5257769,16244840
4849,5,5,2026-06-11,49727,1315,114,6041464,18077295
4850,5,6,2026-06-11,86018,7208,1071,492164,2468746
4851,5,3,2026-06-11,18715,1568,219,5674719,27143385
4852,6,1,2026-06-11,100251,5461,224,5871325,23487368
4853,6,6,2026-06-11,109865,7745,656,1486110,7437117
4854,6,5,2026-06-11,70989,5989,265,1002283,6311293
4855,6,3,2026-06-11,70433,2936,358,1730251,11077587
4856,7,5,2026-06-11,24137,417,21,2573229,14099792
4857,7,6,2026-06-11,109809,9326,315,332566,853608
4858,7,4,2026-06-11,79541,2567,323,5619592,35404072
4859,8,3,2026-06-11,77255,4793,133,1988096,6853769
4860,8,4,2026-06-11,8998,166,20,4186463,33396311
4861,8,2,2026-06-11,40039,2278,269,6465761,21161836
4862,8,1,2026-06-11,110521,3244,305,1324220,4460619
4863,9,1,2026-06-11,29414,2428,363,3078161,20196887
4864,9,3,2026-06-11,72072,5862,870,493508,3325741
4865,9,5,2026-06-11,24322,2031,348,3650692,9475785
4866,10,1,2026-06-11,27741,2062,315,2499051,6439460
4867,10,3,2026-06-11,107652,4510,306,4302255,17557244
4868,10,6,2026-06-11,110466,4963,877,3161063,8692759
4869,1,1,2026-06-12,70886,6231,707,3072284,15711382
4870,1,3,2026-06-12,95152,3279,84,3562570,15943831
4871,1,6,2026-06-12,115231,4791,713,2150171,12017176
4872,1,5,2026-06-12,69505,3809,640,4014454,27571396
4873,2,3,2026-06-12,14708,447,56,740123,3700720
4874,2,4,2026-06-12,21774,1771,74,5262517,13883470
4875,2,2,2026-06-12,16558,1480,218,1923444,11225364
4876,3,3,2026-06-12,113882,6740,852,4051524,32069047
4877,3,4,2026-06-12,15438,1104,130,2097838,11650633
4878,4,3,2026-06-12,104605,7225,440,4670929,28124506
4879,4,1,2026-06-12,105308,4127,244,1713383,14057331
4880,5,3,2026-06-12,98231,7024,432,5025787,34609890
4881,5,6,2026-06-12,52407,1703,154,5004283,19697913
4882,5,1,2026-06-12,51977,4220,730,3729593,19936139
4883,5,5,2026-06-12,88834,1707,188,6412886,24538113
4884,6,6,2026-06-12,110883,6291,996,6668121,37357529
4885,6,4,2026-06-12,111783,6931,968,3771805,28319763
4886,6,5,2026-06-12,48480,2108,265,5274454,41380799
4887,6,1,2026-06-12,53176,3885,661,4786195,31020757
4888,7,5,2026-06-12,98966,5466,110,6708407,21230084
4889,7,2,2026-06-12,33617,893,71,650093,3328955
4890,8,5,2026-06-12,100353,3748,639,3843392,20791793
4891,8,3,2026-06-12,58674,3692,370,5423861,44446048
4892,8,4,2026-06-12,41509,1631,176,4323428,36063425
4893,8,6,2026-06-12,101215,3649,262,5122119,27401612
4894,9,1,2026-06-12,51846,3251,107,4306197,19094811
4895,9,2,2026-06-12,50169,3324,443,5330650,33428769
4896,10,6,2026-06-12,75444,5140,896,1029688,8548271
4897,10,5,2026-06-12,13437,912,60,4717133,22711251
4898,10,4,2026-06-12,25511,1202,86,1309152,9863390
4899,10,2,2026-06-12,90447,2155,255,4435749,22384584
4900,1,2,2026-06-13,51608,3820,120,3304719,23701108
4901,1,3,2026-06-13,62125,2379,90,3683147,18944628
4902,1,4,2026-06-13,83492,3924,665,366574,2925659
4903,2,5,2026-06-13,51001,3581,540,811919,6097853
4904,2,2,2026-06-13,56904,4200,646,1020258,7194457
4905,3,5,2026-06-13,27616,2323,100,4698361,19660696
4906,3,4,2026-06-13,75968,5651,307,6778466,43903521
4907,3,2,2026-06-13,26940,1373,117,709530,4190735
4908,4,3,2026-06-13,110442,6906,697,581740,2412804
4909,4,4,2026-06-13,109023,3303,546,4943503,12507301
4910,4,1,2026-06-13,114904,9086,1447,3979525,27802975
4911,4,5,2026-06-13,54116,4036,421,3657499,30798289
4912,5,1,2026-06-13,39237,1390,223,3194491,12683056
4913,5,3,2026-06-13,25216,2066,54,3969331,21463500
4914,5,5,2026-06-13,40038,3397,516,3679775,23175047
4915,6,4,2026-06-13,11301,702,98,3614236,29098477
4916,6,2,2026-06-13,116747,8697,1042,828201,2602632
4917,7,2,2026-06-13,63254,4454,748,1588187,11622538
4918,7,5,2026-06-13,52766,3711,175,1017153,7910270
4919,7,3,2026-06-13,51847,4548,616,6882270,44005563
4920,7,6,2026-06-13,91030,2850,169,464502,3038523
4921,8,3,2026-06-13,16710,1396,114,3796245,15408691
4922,8,6,2026-06-13,84605,3621,349,4594954,18848361
4923,8,2,2026-06-13,103092,4603,420,5412943,38759752
4924,9,4,2026-06-13,15772,1024,166,6146585,36370006
4925,9,3,2026-06-13,18114,1096,33,4354000,20672207
4926,10,2,2026-06-13,93812,6247,423,6956070,30195699
4927,10,5,2026-06-13,107334,2939,155,1141463,5794824
4928,1,5,2026-06-14,73159,5263,745,4639840,33331409
4929,1,6,2026-06-14,49085,3176,305,3990776,20630906
4930,1,2,2026-06-14,50941,2213,157,607865,3275451
4931,2,3,2026-06-14,90018,6709,359,2866222,10994628
4932,2,6,2026-06-14,105379,4994,476,4432473,13789829
4933,2,5,2026-06-14,117698,5389,593,1481653,10157537
4934,3,3,2026-06-14,58073,4994,654,2803648,21562222
4935,3,5,2026-06-14,50321,1549,178,4214302,13696212
4936,3,1,2026-06-14,11678,756,28,3093623,19677589
4937,3,2,2026-06-14,65600,3221,182,2713707,16790707
4938,4,2,2026-06-14,95994,5302,219,3256125,26555345
4939,4,1,2026-06-14,66380,5784,427,2435423,7606250
4940,4,3,2026-06-14,49906,1760,307,5617370,30484275
4941,5,4,2026-06-14,48096,3879,309,2095134,13026384
4942,5,5,2026-06-14,46166,1217,191,4799705,22560107
4943,6,3,2026-06-14,114312,8361,1170,6891402,57252441
4944,6,5,2026-06-14,50090,2577,298,4391955,20522517
4945,6,1,2026-06-14,70743,1579,134,671710,2305512
4946,7,3,2026-06-14,26973,886,122,5796224,41863761
4947,7,1,2026-06-14,88634,3336,67,453032,2396577
4948,7,2,2026-06-14,37980,1710,196,4029477,25392116
4949,7,4,2026-06-14,17585,599,105,5915677,35725976
4950,8,6,2026-06-14,77872,3208,228,3152509,26695963
4951,8,2,2026-06-14,72921,4992,498,2677341,12683045
4952,8,3,2026-06-14,105477,4765,188,513056,1870489
4953,8,1,2026-06-14,113087,4989,115,4159743,19083268
4954,9,1,2026-06-14,103265,1822,148,5104815,36976552
4955,9,6,2026-06-14,40351,2344,230,3927872,26333925
4956,9,5,2026-06-14,28343,2432,170,6003448,18533849
4957,9,2,2026-06-14,97226,2596,363,3363228,20077815
4958,10,6,2026-06-14,106010,7882,895,4034353,19812003
4959,10,5,2026-06-14,37766,1566,80,3893984,21108672
4960,1,3,2026-06-15,97173,5299,451,4402446,12532696
4961,1,6,2026-06-15,21788,543,57,2565684,18407608
4962,2,2,2026-06-15,112514,2586,131,361248,1064404
4963,2,3,2026-06-15,29846,553,52,2899524,10118790
4964,3,3,2026-06-15,58108,4580,767,2931072,15765369
4965,3,5,2026-06-15,106173,7383,636,6747698,50075354
4966,3,2,2026-06-15,13199,1139,71,487457,1791942
4967,3,4,2026-06-15,105616,8350,1357,392307,2544173
4968,4,6,2026-06-15,106473,6619,1025,5003658,36939780
4969,4,2,2026-06-15,56096,4309,440,3174819,11393944
4970,4,3,2026-06-15,92738,4278,699,4249990,31274268
4971,5,6,2026-06-15,71398,5697,590,3900090,31722731
4972,5,1,2026-06-15,18590,402,16,1377286,11350881
4973,5,2,2026-06-15,109433,8226,263,5556494,35817432
4974,6,2,2026-06-15,19182,1130,165,4884829,28848103
4975,6,4,2026-06-15,24234,1895,283,2868037,13955542
4976,6,1,2026-06-15,104381,7505,692,2515481,15784798
4977,7,4,2026-06-15,28706,1237,186,2650186,11179706
4978,7,3,2026-06-15,15015,348,12,6779909,44918221
4979,7,2,2026-06-15,92258,7265,1197,3174011,9560020
4980,8,4,2026-06-15,95066,3836,112,4935686,36786540
4981,8,2,2026-06-15,89340,4957,646,2115192,10929947
4982,8,1,2026-06-15,99670,4700,320,1136486,6503367
4983,9,4,2026-06-15,55069,3596,167,924958,3761076
4984,9,1,2026-06-15,73449,2444,143,2539447,21200993
4985,9,3,2026-06-15,17772,414,37,4844131,18128447
4986,10,1,2026-06-15,71605,3660,528,2741754,14564956
4987,10,2,2026-06-15,68295,1261,140,3838213,24827102
4988,10,6,2026-06-15,68329,3256,571,2290099,16380797
4989,1,2,2026-06-16,5338,273,34,6080110,45783385
4990,1,5,2026-06-16,88428,4085,708,4485811,15178596
4991,1,3,2026-06-16,41954,2346,364,3611418,21182717
4992,2,3,2026-06-16,34146,626,101,5931157,20587115
4993,2,1,2026-06-16,115749,4317,313,3660524,14789306
4994,2,4,2026-06-16,61282,3066,114,5441162,16322872
4995,2,6,2026-06-16,9850,386,63,6614369,25691174
4996,3,1,2026-06-16,9350,817,110,6597234,35752102
4997,3,4,2026-06-16,7027,226,9,5853289,49684438
4998,3,3,2026-06-16,97427,8485,781,745269,2414892
4999,3,5,2026-06-16,14063,988,78,5113955,15848383
5000,4,5,2026-06-16,65889,5705,536,1769277,5674414
5001,4,2,2026-06-16,48530,4084,125,2388496,15108904
5002,4,4,2026-06-16,57163,3981,577,3159912,25960583
5003,5,1,2026-06-16,19821,926,127,6647921,17620338
5004,5,2,2026-06-16,97777,5206,409,2618144,14625984
5005,5,5,2026-06-16,23555,1881,316,2245360,8294181
5006,6,5,2026-06-16,30182,1997,238,993594,2509391
5007,6,2,2026-06-16,52459,2552,412,3036963,23104298
5008,6,3,2026-06-16,67916,2605,434,3465707,20598294
5009,7,6,2026-06-16,119829,3261,107,694976,5520942
5010,7,3,2026-06-16,105290,2277,377,2351379,8550531
5011,7,1,2026-06-16,79888,3178,324,5624970,33735420
5012,7,4,2026-06-16,68201,3919,85,2150082,9746856
5013,8,4,2026-06-16,15675,1242,163,1912672,5156468
5014,8,1,2026-06-16,58845,3090,510,5107758,22069542
5015,8,6,2026-06-16,21982,747,126,3504337,8862034
5016,8,2,2026-06-16,17218,1502,90,2244974,15859836
5017,9,5,2026-06-16,36335,1766,193,1267234,8916670
5018,9,6,2026-06-16,64447,4659,394,4198926,32306605
5019,9,3,2026-06-16,62092,4925,105,2647261,10183070
5020,9,1,2026-06-16,47545,4071,508,6292874,50892478
5021,10,4,2026-06-16,104950,5292,305,2209638,8517689
5022,10,2,2026-06-16,39628,2318,202,6361292,43586087
5023,10,1,2026-06-16,48690,4062,720,2514820,21293657
5024,10,3,2026-06-16,49601,1176,23,4853715,20314918
5025,1,1,2026-06-17,119458,10600,1442,2122144,16048042
5026,1,5,2026-06-17,75962,1667,125,463860,3543275
5027,1,3,2026-06-17,115772,4250,413,4116935,24973776
5028,1,4,2026-06-17,116242,6832,1163,5163055,35153766
5029,2,4,2026-06-17,18786,433,42,5132931,27389005
5030,2,6,2026-06-17,45196,3664,285,5950657,41411088
5031,2,1,2026-06-17,59831,2429,106,5041865,36510630
5032,3,2,2026-06-17,94538,5506,370,3134119,12881789
5033,3,4,2026-06-17,94168,1587,83,387380,2383599
5034,4,6,2026-06-17,102208,4728,732,3478914,23800605
5035,4,4,2026-06-17,100540,6013,1007,5752213,39155154
5036,4,3,2026-06-17,58441,1173,120,3737375,26874441
5037,5,1,2026-06-17,62764,5132,463,3442248,18279453
5038,5,5,2026-06-17,104204,6676,741,3708022,12480796
5039,5,4,2026-06-17,34205,1788,204,6553113,48148228
5040,6,1,2026-06-17,62383,4488,799,1333499,4374008
5041,6,6,2026-06-17,83259,3868,193,6951946,18734744
5042,6,5,2026-06-17,75731,6627,825,1708658,7218256
5043,7,2,2026-06-17,94707,8109,475,6908491,23202755
5044,7,6,2026-06-17,85842,5082,288,2648164,12643689
5045,8,6,2026-06-17,79186,7037,431,2200571,14480429
5046,8,1,2026-06-17,5302,238,17,1394837,5083309
5047,8,4,2026-06-17,62363,3450,285,6830766,22838316
5048,9,1,2026-06-17,36777,1882,288,576876,4160902
5049,9,2,2026-06-17,117916,10083,611,4961436,22415720
5050,9,3,2026-06-17,74692,3802,652,2358639,7405661
5051,10,6,2026-06-17,26852,1132,197,1501018,8520444
5052,10,5,2026-06-17,5846,229,40,3740982,26414309
5053,10,1,2026-06-17,44673,3922,307,550513,2960674
5054,10,2,2026-06-17,117674,10334,908,4746247,30021197
5055,1,5,2026-06-18,93963,2680,151,5250048,43080488
5056,1,4,2026-06-18,27122,655,106,4331026,11715840
5057,1,1,2026-06-18,17193,1059,142,3034925,17787986
5058,2,2,2026-06-18,75771,5745,635,6815735,36833710
5059,2,5,2026-06-18,73078,3820,581,6169239,18246955
5060,2,6,2026-06-18,110046,2950,205,3339134,24319651
5061,3,5,2026-06-18,67113,5615,631,2898031,12468785
5062,3,1,2026-06-18,60982,952,48,1833028,10542499
5063,4,1,2026-06-18,47491,992,26,4721392,25618316
5064,4,4,2026-06-18,49364,3275,144,477857,1616512
5065,4,6,2026-06-18,25868,1805,225,330420,989150
5066,4,5,2026-06-18,69107,2906,228,2578270,7479405
5067,5,5,2026-06-18,91317,7293,225,2557040,12618338
5068,5,4,2026-06-18,22250,1792,127,6505233,16961996
5069,5,2,2026-06-18,17802,741,62,6008833,35613835
5070,6,3,2026-06-18,35121,2812,235,4337281,24754262
5071,6,2,2026-06-18,105532,4287,589,1882421,6983742
5072,6,1,2026-06-18,80086,7013,709,4439033,14873212
5073,7,6,2026-06-18,33333,1494,198,387792,1961245
5074,7,5,2026-06-18,109283,2359,145,4036573,33773762
5075,8,2,2026-06-18,57603,2961,186,5867181,33379272
5076,8,6,2026-06-18,70557,4782,570,4161304,10577218
5077,9,1,2026-06-18,70057,4252,661,4354946,28376203
5078,9,6,2026-06-18,8631,529,40,5093731,16728703
5079,9,4,2026-06-18,20618,1621,72,6371863,43489386
5080,10,2,2026-06-18,97409,2552,281,331464,2482017
5081,10,6,2026-06-18,80412,5110,263,4298155,25844563
5082,1,2,2026-06-19,75192,6568,795,3420176,27316650
5083,1,5,2026-06-19,111240,2710,240,2070101,15137476
5084,1,1,2026-06-19,89662,4328,282,1683060,14039368
5085,1,6,2026-06-19,108226,5411,827,4154485,17931686
5086,2,3,2026-06-19,44194,2523,239,2298366,13783170
5087,2,2,2026-06-19,25768,1131,85,968810,5428037
5088,3,2,2026-06-19,90607,5267,928,6941479,55459657
5089,3,1,2026-06-19,100370,4889,692,5717061,29188223
5090,3,6,2026-06-19,108468,5378,255,6604007,26728383
5091,3,4,2026-06-19,30070,1883,97,3174002,24311483
5092,4,4,2026-06-19,84115,7409,594,4297615,13588654
5093,4,5,2026-06-19,58228,4160,649,2168985,17061155
5094,4,6,2026-06-19,118580,7793,209,1614425,9977630
5095,4,1,2026-06-19,79888,1479,220,2566691,20709538
5096,5,1,2026-06-19,66721,3909,340,724167,4532492
5097,5,3,2026-06-19,99502,1864,122,5344971,15473119
5098,5,2,2026-06-19,96619,4016,226,3782947,12350069
5099,5,4,2026-06-19,26992,1225,160,6120616,45903005
5100,6,3,2026-06-19,82843,2198,55,3761067,27047114
5101,6,6,2026-06-19,35268,669,94,6321614,52120383
5102,7,1,2026-06-19,66179,2192,374,1253355,8789594
5103,7,6,2026-06-19,29162,2230,185,852252,3453110
5104,7,3,2026-06-19,118545,4696,523,6909883,17803240
5105,7,5,2026-06-19,6510,407,42,1355905,10861392
5106,8,2,2026-06-19,85061,4641,640,4061243,29674544
5107,8,3,2026-06-19,26441,709,75,2333038,17508014
5108,9,3,2026-06-19,59452,4956,480,4298566,31308614
5109,9,5,2026-06-19,15802,1401,83,5292299,13861983
5110,9,4,2026-06-19,27126,744,106,1671753,11619557
5111,9,6,2026-06-19,65944,4592,265,3021660,7746287
5112,10,2,2026-06-19,9972,675,82,3926596,16898828
5113,10,6,2026-06-19,64412,2930,463,5709991,24956000
5114,10,1,2026-06-19,24090,1177,115,6486981,43683261
5115,10,3,2026-06-19,46693,1610,273,6292809,50508989
5116,1,6,2026-06-20,21376,962,95,1504673,10299050
5117,1,2,2026-06-20,103294,2023,180,3350808,24690592
5118,2,5,2026-06-20,45078,3908,505,3657502,22036056
5119,2,2,2026-06-20,41330,1610,86,6825270,44577292
5120,2,6,2026-06-20,118393,3402,607,3208830,11382056
5121,3,5,2026-06-20,64857,1936,294,4586086,14178563
5122,3,2,2026-06-20,34008,1138,192,2249877,9367149
5123,3,3,2026-06-20,37578,2336,360,2046436,5735836
5124,4,4,2026-06-20,18299,1434,63,6659848,35656284
5125,4,3,2026-06-20,38226,635,70,3439924,12539432
5126,5,2,2026-06-20,35166,1442,103,909205,4453801
5127,5,1,2026-06-20,21451,721,29,1103943,8183663
5128,5,6,2026-06-20,68894,4695,368,3290494,14628210
5129,6,1,2026-06-20,88106,7914,224,1574107,5373805
5130,6,5,2026-06-20,89886,6861,878,3159583,15354377
5131,6,3,2026-06-20,14333,299,35,3414989,25196039
5132,7,2,2026-06-20,35483,1891,283,4379498,31200282
5133,7,3,2026-06-20,14878,877,136,6446836,53781472
5134,8,1,2026-06-20,100581,6703,789,2430105,19658586
5135,8,3,2026-06-20,13962,854,136,1223377,5504082
5136,8,2,2026-06-20,70170,5569,391,4462239,36574131
5137,9,4,2026-06-20,72493,4522,185,2629240,13034398
5138,9,2,2026-06-20,7287,568,50,6549349,32505100
5139,9,5,2026-06-20,115805,9137,1164,4800041,30925698
5140,10,4,2026-06-20,6213,500,10,3955909,32190365
5141,10,2,2026-06-20,45981,832,37,2937313,18042975
5142,10,3,2026-06-20,91445,4014,599,5900609,37839344
5143,10,1,2026-06-20,83072,4021,644,2867517,10435137
5144,1,6,2026-06-21,8142,679,68,6550879,46463886
5145,1,4,2026-06-21,9973,231,7,2686807,19054144
5146,2,6,2026-06-21,101033,3156,138,4607082,26014671
5147,2,1,2026-06-21,78042,1745,200,620989,2599637
5148,2,5,2026-06-21,56214,3610,295,2339044,13634698
5149,3,4,2026-06-21,67014,4562,626,1043188,5909298
5150,3,5,2026-06-21,94791,3933,343,5298641,14700950
5151,4,6,2026-06-21,48787,4366,617,4798834,33841283
5152,4,1,2026-06-21,54832,2790,289,400927,2154984
5153,4,4,2026-06-21,25458,1746,78,314911,2155255
5154,5,1,2026-06-21,87873,2591,139,3823005,16042503
5155,5,3,2026-06-21,66093,3548,483,6272024,45073345
5156,5,4,2026-06-21,74922,2370,338,5363870,27681150
5157,5,6,2026-06-21,73213,5272,598,5078931,24009986
5158,6,3,2026-06-21,76909,2332,218,966313,3924461
5159,6,6,2026-06-21,68020,2364,60,3947211,18842047
5160,6,5,2026-06-21,72515,5021,461,873597,6735768
5161,6,4,2026-06-21,49253,3556,579,1004652,5073411
5162,7,4,2026-06-21,92665,5612,440,3673652,13751836
5163,7,1,2026-06-21,44802,1508,211,4526018,12640657
5164,7,3,2026-06-21,87027,5585,298,1529347,3972547
5165,8,2,2026-06-21,74370,5772,435,3078948,21708216
5166,8,3,2026-06-21,33039,1090,103,4299836,23187578
5167,9,1,2026-06-21,18031,782,101,4335183,13654058
5168,9,2,2026-06-21,107598,2912,251,3413655,14334032
5169,10,6,2026-06-21,116688,2656,164,782991,2608122
5170,10,2,2026-06-21,54145,4691,311,2994839,7914312
5171,10,1,2026-06-21,12576,1128,75,562988,3121028
5172,1,6,2026-06-22,115970,6053,732,2287274,12860358
5173,1,1,2026-06-22,67693,1701,136,3586050,13581557
5174,1,2,2026-06-22,31502,2358,338,2386503,13500236
5175,1,3,2026-06-22,106246,6942,169,5167599,15382946
5176,2,3,2026-06-22,85620,3257,553,448982,2447091
5177,2,2,2026-06-22,98568,3533,318,5065894,29880473
5178,3,4,2026-06-22,103906,4578,466,4465201,29734319
5179,3,3,2026-06-22,52084,1171,136,3467472,11930092
5180,3,5,2026-06-22,49148,1309,189,5600227,27582925
5181,3,2,2026-06-22,5547,152,9,1387493,5337308
5182,4,1,2026-06-22,102459,5133,803,1156347,4170611
5183,4,3,2026-06-22,15330,987,101,6478871,17887381
5184,4,4,2026-06-22,39392,893,91,5576714,19496251
5185,5,1,2026-06-22,57762,2735,365,1262663,9594729
5186,5,3,2026-06-22,33509,1958,191,4941628,21068518
5187,5,6,2026-06-22,41098,2114,250,5196457,30353767
5188,5,2,2026-06-22,109812,3242,107,1478893,7899968
5189,6,3,2026-06-22,44705,1191,51,2477025,16508079
5190,6,5,2026-06-22,24552,830,88,3595768,13118645
5191,6,6,2026-06-22,14240,474,44,4175734,12363749
5192,6,2,2026-06-22,53102,962,164,1221713,9749756
5193,7,6,2026-06-22,54841,3615,437,1321594,10599871
5194,7,2,2026-06-22,108282,2611,370,5916476,35158771
5195,8,4,2026-06-22,8212,285,48,6909855,21110224
5196,8,1,2026-06-22,70714,4072,566,1155098,8533282
5197,9,2,2026-06-22,93675,5615,910,6392487,34629457
5198,9,3,2026-06-22,78426,4424,638,2728217,7858201
5199,9,4,2026-06-22,10933,344,11,1082123,3990896
5200,9,5,2026-06-22,14143,759,28,5017442,31614543
5201,10,1,2026-06-22,96410,6535,294,5636672,18009533
5202,10,3,2026-06-22,119540,7058,143,2915728,15169412
5203,10,6,2026-06-22,70841,2981,60,6548172,27170610
5204,1,4,2026-06-23,18118,673,101,4148452,23477759
5205,1,6,2026-06-23,14071,234,8,3266945,23122014
5206,2,3,2026-06-23,21402,1840,81,3052488,19744573
5207,2,6,2026-06-23,66917,4013,587,4116765,28215745
5208,2,4,2026-06-23,8581,271,42,4072638,16669909
5209,3,6,2026-06-23,84202,7215,429,1193744,8055520
5210,3,5,2026-06-23,56535,4018,722,2723725,8263153
5211,3,4,2026-06-23,111931,6968,1213,893983,2258059
5212,3,1,2026-06-23,55503,902,42,6667603,49036143
5213,4,2,2026-06-23,50571,2612,448,2325311,7035309
5214,4,1,2026-06-23,114643,2030,49,4777968,29219014
5215,4,5,2026-06-23,89411,3569,303,1093739,3822029
5216,5,4,2026-06-23,55921,4743,111,2656350,13666585
5217,5,1,2026-06-23,73295,3298,382,5009621,23903036
5218,6,6,2026-06-23,38072,2046,193,5749503,22875767
5219,6,5,2026-06-23,110922,2550,454,4125162,30062507
5220,6,3,2026-06-23,5514,394,35,6719122,51533888
5221,6,4,2026-06-23,90700,4628,517,2899984,17611921
5222,7,1,2026-06-23,74180,1687,285,919787,4740672
5223,7,4,2026-06-23,80200,5434,476,736801,6230538
5224,8,5,2026-06-23,17166,602,40,3291984,14830801
5225,8,1,2026-06-23,82583,3857,249,2249194,8771319
5226,8,2,2026-06-23,91766,4948,624,6427133,31768949
5227,9,3,2026-06-23,79389,7059,683,6001787,15959245
5228,9,6,2026-06-23,32671,2271,176,310588,2409729
5229,9,2,2026-06-23,104238,1996,237,6985445,42010462
5230,9,1,2026-06-23,28607,1254,106,3219098,12189610
5231,10,6,2026-06-23,89881,6953,400,4112034,15620529
5232,10,1,2026-06-23,79439,6369,905,6125641,48871783
5233,10,4,2026-06-23,40788,2161,291,1577052,12734011
5234,1,6,2026-06-24,112830,4645,483,3064629,25493096
5235,1,5,2026-06-24,36929,2868,127,4319505,27874277
5236,2,5,2026-06-24,39180,2648,472,2325228,9628484
5237,2,4,2026-06-24,31313,2327,379,4339995,34739342
5238,2,1,2026-06-24,56185,2698,68,349187,1638297
5239,3,6,2026-06-24,113102,4406,516,1293566,10070434
5240,3,1,2026-06-24,20916,923,68,3598413,24055087
5241,3,4,2026-06-24,81997,4657,233,3412126,23887243
5242,3,5,2026-06-24,56530,2129,113,5270498,30098172
5243,4,4,2026-06-24,91851,8109,1000,3325093,18008656
5244,4,1,2026-06-24,116012,9344,1082,2290927,9171095
5245,4,5,2026-06-24,22343,1131,174,1130944,7742206
5246,4,2,2026-06-24,56789,2544,355,1565970,7317300
5247,5,5,2026-06-24,48157,808,135,3566776,29994703
5248,5,1,2026-06-24,5929,110,3,6979616,51747572
5249,6,6,2026-06-24,60591,1244,38,5210857,27398887
5250,6,1,2026-06-24,78642,2700,163,6770268,47269405
5251,6,5,2026-06-24,87155,4668,197,1035848,7906103
5252,6,2,2026-06-24,5158,95,13,4594915,15345131
5253,7,5,2026-06-24,92295,8109,1241,5538631,15549174
5254,7,3,2026-06-24,94181,6262,1016,6246561,46346431
5255,8,4,2026-06-24,93323,7924,251,2512042,16307832
5256,8,2,2026-06-24,74366,1811,232,4210801,34495408
5257,8,5,2026-06-24,37114,2305,198,3343392,27805528
5258,9,4,2026-06-24,14413,1050,110,1442634,11213188
5259,9,1,2026-06-24,7751,354,49,4714666,32358686
5260,9,2,2026-06-24,57118,4377,172,3524635,10146659
5261,9,5,2026-06-24,87535,5431,732,543737,1866781
5262,10,3,2026-06-24,84632,2784,281,2958049,23600395
5263,10,1,2026-06-24,84886,5036,434,4179239,21344512
5264,10,4,2026-06-24,6959,541,23,6856136,40892950
5265,1,6,2026-06-25,101229,3250,158,3179720,10618585
5266,1,5,2026-06-25,74947,1962,317,3674894,26937927
5267,2,2,2026-06-25,83971,2773,314,5375220,40713457
5268,2,4,2026-06-25,79405,3102,488,1864476,8162914
5269,3,4,2026-06-25,94626,5111,723,2382996,17416385
5270,3,3,2026-06-25,102909,6404,913,6420714,36936900
5271,3,5,2026-06-25,71492,1678,294,1274309,3754513
5272,3,2,2026-06-25,107649,9455,523,3874265,15671493
5273,4,6,2026-06-25,78653,4127,138,3101322,13656932
5274,4,5,2026-06-25,50576,3011,378,6123807,17359264
5275,4,1,2026-06-25,88926,7402,975,1700054,12206374
5276,4,2,2026-06-25,74552,3796,446,1740579,13983404
5277,5,1,2026-06-25,100647,3520,290,2274515,12072608
5278,5,2,2026-06-25,20234,929,150,3628909,17678661
5279,5,6,2026-06-25,7947,248,12,4567452,19556643
5280,5,3,2026-06-25,75148,5615,269,2979949,13613012
5281,6,5,2026-06-25,105868,3393,315,6982830,41390732
5282,6,6,2026-06-25,83858,6481,1142,5155905,22660629
5283,6,4,2026-06-25,50384,1010,175,1525145,6145015
5284,6,2,2026-06-25,64171,2259,76,840147,4517391
5285,7,4,2026-06-25,6553,205,21,1545017,12773898
5286,7,6,2026-06-25,56504,4906,461,3916233,12236026
5287,8,3,2026-06-25,43228,3016,137,2044782,5487735
5288,8,5,2026-06-25,6889,383,29,2390816,6437129
5289,9,6,2026-06-25,38127,3414,373,4588896,24312089
5290,9,2,2026-06-25,114911,9174,1356,629801,4929991
5291,9,5,2026-06-25,94515,6494,675,998138,3524015
5292,9,3,2026-06-25,62852,2024,178,3262368,23081188
5293,10,5,2026-06-25,29103,442,18,837318,5193964
5294,10,3,2026-06-25,115749,1931,129,4869861,25906500
5295,10,2,2026-06-25,113737,7450,669,6310185,21839516
5296,1,6,2026-06-26,56846,2243,101,6435167,44299520
5297,1,4,2026-06-26,51331,2048,265,463445,1209555
5298,1,2,2026-06-26,52635,4283,107,1263208,7845356
5299,1,3,2026-06-26,95260,5270,321,1381274,4520810
5300,2,2,2026-06-26,6686,205,4,4089946,13528896
5301,2,1,2026-06-26,36539,1431,63,5787774,32837992
5302,3,6,2026-06-26,92774,3282,140,5666569,23504634
5303,3,2,2026-06-26,64886,2583,136,1262408,10583606
5304,4,2,2026-06-26,19661,1579,210,2154834,6989866
5305,4,5,2026-06-26,115131,9497,837,3533866,26563682
5306,4,1,2026-06-26,66767,4641,319,2386492,8920821
5307,4,3,2026-06-26,5188,176,11,2419977,6983244
5308,5,4,2026-06-26,62133,2753,310,335938,901578
5309,5,1,2026-06-26,76643,2801,409,3079043,17901291
5310,6,3,2026-06-26,69199,3151,134,3763439,28153584
5311,6,1,2026-06-26,27276,1464,166,2780663,8551528
5312,7,1,2026-06-26,90746,5511,820,5461291,32433920
5313,7,3,2026-06-26,97416,4498,615,6783021,24899465
5314,7,6,2026-06-26,48240,3749,499,3424570,11844845
5315,8,6,2026-06-26,22453,1449,256,702604,3123962
5316,8,2,2026-06-26,114766,6440,1142,5735160,29652623
5317,9,2,2026-06-26,102015,1968,259,6281988,27241056
5318,9,3,2026-06-26,58030,1629,121,5973737,22048249
5319,9,5,2026-06-26,52727,975,36,1271497,10156479
5320,10,3,2026-06-26,71393,4743,728,4183982,21639254
5321,10,6,2026-06-26,76211,4299,207,638705,2443873
5322,1,3,2026-06-27,36189,596,98,3309366,24204868
5323,1,5,2026-06-27,74946,6131,620,6228218,43942531
5324,1,1,2026-06-27,66720,1589,169,865450,6314008
5325,2,2,2026-06-27,53231,4620,335,6106061,43408009
5326,2,6,2026-06-27,91605,6395,737,1818729,5040013
5327,2,5,2026-06-27,101528,7564,833,4015773,17778031
5328,3,5,2026-06-27,19021,1256,182,5269530,38387924
5329,3,6,2026-06-27,34294,561,38,3079634,16341817
5330,3,1,2026-06-27,23716,1142,68,6734517,51908932
5331,4,1,2026-06-27,5073,285,50,3291755,27347502
5332,4,4,2026-06-27,79768,3976,682,6994043,49231599
5333,5,6,2026-06-27,20241,1482,77,6250206,35189456
5334,5,2,2026-06-27,106823,4614,98,4611894,16946612
5335,5,5,2026-06-27,65097,3088,431,1389719,9074467
5336,6,5,2026-06-27,95027,8469,841,3575045,28296563
5337,6,6,2026-06-27,102055,2425,144,5100338,31243587
5338,6,2,2026-06-27,88761,4521,729,5286138,17232148
5339,6,1,2026-06-27,18779,1173,197,6137898,29852794
5340,7,2,2026-06-27,73271,4818,673,4654098,30529750
5341,7,6,2026-06-27,113623,2944,231,5691429,47121693
5342,8,5,2026-06-27,90453,2068,297,2465960,17645556
5343,8,6,2026-06-27,80416,4025,529,729073,4936251
5344,8,4,2026-06-27,79510,1243,25,2289877,12545431
5345,8,3,2026-06-27,42298,2586,457,6867909,56013535
5346,9,3,2026-06-27,94652,7813,980,2898009,12063318
5347,9,6,2026-06-27,116411,10154,937,5178230,41082833
5348,9,5,2026-06-27,27328,1934,80,5670802,40416429
5349,9,2,2026-06-27,50004,1818,103,6747419,35164494
5350,10,5,2026-06-27,9062,772,106,2392837,10876150
5351,10,1,2026-06-27,90492,7598,406,5427317,30362300
5352,10,4,2026-06-27,87139,5469,863,6514047,18403101
5353,1,6,2026-06-28,71359,5646,519,6644538,25500474
5354,1,5,2026-06-28,93071,4864,421,6988809,40625834
5355,1,4,2026-06-28,54599,2772,192,2129394,17984638
5356,1,2,2026-06-28,93760,1680,259,6116859,23018324
5357,2,6,2026-06-28,66039,5732,200,6055274,38274937
5358,2,1,2026-06-28,30336,1174,28,5554775,13974060
5359,2,4,2026-06-28,71566,3942,323,1614681,5476470
5360,3,6,2026-06-28,47145,1706,98,1886205,9341998
5361,3,5,2026-06-28,82053,4947,201,4950020,22266100
5362,4,6,2026-06-28,34387,740,133,1459679,11791549
5363,4,2,2026-06-28,94571,7101,499,1630617,8563355
5364,5,6,2026-06-28,42321,2612,117,5284808,35090234
5365,5,3,2026-06-28,29690,756,30,2546790,13733382
5366,5,1,2026-06-28,14808,546,80,3066053,23968498
5367,6,2,2026-06-28,50177,3367,598,651496,5198600
5368,6,3,2026-06-28,24503,435,37,4244856,17017027
5369,6,5,2026-06-28,30501,1413,98,6951888,32414617
5370,6,6,2026-06-28,40926,3067,453,1232453,8745274
5371,7,5,2026-06-28,37673,3184,367,5625655,19041996
5372,7,6,2026-06-28,93735,6555,955,3810430,16954761
5373,8,6,2026-06-28,25161,696,30,4838407,30939892
5374,8,4,2026-06-28,91011,6212,150,3539708,15136632
5375,8,1,2026-06-28,59951,3405,260,5930405,14981541
5376,9,3,2026-06-28,111335,9515,1074,728281,2371585
5377,9,6,2026-06-28,58462,1807,132,355507,1954696
5378,9,5,2026-06-28,68869,5000,584,5938522,25949444
5379,10,2,2026-06-28,68983,3155,560,5136522,35128925
5380,10,6,2026-06-28,13089,454,68,596668,1596319
5381,1,6,2026-06-29,57469,3299,446,1492163,12218190
5382,1,2,2026-06-29,60586,4951,544,1841337,15065222
5383,2,2,2026-06-29,78955,3814,655,5975183,15775574
5384,2,1,2026-06-29,18655,920,107,3921076,24937611
5385,3,1,2026-06-29,93895,2167,56,2038173,12237418
5386,3,6,2026-06-29,32365,1099,129,4134397,21162084
5387,3,3,2026-06-29,67340,5525,917,3507741,12606572
5388,4,5,2026-06-29,94897,3115,404,2239537,13502162
5389,4,2,2026-06-29,88256,6984,220,5301864,18266553
5390,5,6,2026-06-29,19742,299,22,508796,2738494
5391,5,5,2026-06-29,25921,725,62,766853,6047627
5392,5,2,2026-06-29,21505,1749,177,5772457,30477454
5393,6,3,2026-06-29,46360,1690,185,4418769,30542658
5394,6,2,2026-06-29,75182,6141,898,4892780,39637360
5395,6,4,2026-06-29,13144,591,26,6113049,39498871
5396,6,1,2026-06-29,113867,7632,1059,963960,8082905
5397,7,4,2026-06-29,77536,1471,97,3789302,25472183
5398,7,5,2026-06-29,52929,2791,200,6513036,50712030
5399,8,4,2026-06-29,112278,7516,173,3878470,30316833
5400,8,1,2026-06-29,39769,1908,250,2456456,19653847
5401,8,6,2026-06-29,49910,1410,132,4100446,23785349
5402,9,3,2026-06-29,75299,2602,235,6145835,41142975
5403,9,4,2026-06-29,40728,1883,181,4143225,29634901
5404,9,5,2026-06-29,11928,1068,36,5457498,30473002
5405,9,6,2026-06-29,84516,4143,693,4878132,21160797
5406,10,5,2026-06-29,72193,5396,234,3664282,24265258
5407,10,1,2026-06-29,14332,975,137,2457193,7905178
5408,10,2,2026-06-29,8518,128,6,4432996,13064885
5409,1,4,2026-06-30,100503,6913,738,388705,2825648
5410,1,1,2026-06-30,14734,983,171,3667349,17485895
5411,1,3,2026-06-30,66859,5863,658,3384341,21375039
5412,1,2,2026-06-30,23919,1195,124,1333566,10376081
5413,2,2,2026-06-30,36224,3213,409,2565401,7694240
5414,2,5,2026-06-30,57285,4261,142,5366134,16171378
5415,2,3,2026-06-30,85845,4869,301,465427,2622121
5416,3,6,2026-06-30,66771,1007,103,6372770,42129934
5417,3,1,2026-06-30,68687,5523,201,1730677,4735924
5418,4,6,2026-06-30,66773,5143,150,2196570,8455943
5419,4,1,2026-06-30,76823,4488,615,5308859,25354275
5420,4,5,2026-06-30,96670,2549,422,3758487,11273299
5421,5,3,2026-06-30,17004,299,45,304226,854099
5422,5,1,2026-06-30,66470,1251,46,4957920,34316022
5423,6,6,2026-06-30,6549,281,12,5879462,24895754
5424,6,2,2026-06-30,67069,1828,259,5557289,21550395
5425,7,5,2026-06-30,6566,585,27,4248249,19910890
5426,7,2,2026-06-30,86837,6451,617,5739359,30213560
5427,7,1,2026-06-30,95809,6136,967,3099804,19652826
5428,7,4,2026-06-30,118790,7119,508,6578630,55435381
5429,8,3,2026-06-30,24837,1087,139,5463440,38688314
5430,8,6,2026-06-30,38805,2528,117,2659553,7979413
5431,8,2,2026-06-30,42252,991,143,2071583,10657985
5432,8,4,2026-06-30,10157,869,126,3373485,10314410
5433,9,2,2026-06-30,107364,9528,1360,4025704,29131960
5434,9,4,2026-06-30,109362,7805,1082,6771361,48755194
5435,10,4,2026-06-30,93612,7726,1102,340252,2560360
5436,10,6,2026-06-30,46973,1914,273,6974941,36596333
5437,10,1,2026-06-30,83474,5367,794,4670171,20033389
5438,10,3,2026-06-30,99842,4425,448,2607139,10786310
5439,1,1,2026-07-01,112411,8405,844,1733742,7280760
5440,1,5,2026-07-01,10915,715,65,2527454,11333624
5441,1,6,2026-07-01,79047,4844,529,2054055,7386266
5442,1,4,2026-07-01,54005,3908,276,4002496,27696571
5443,2,1,2026-07-01,16865,1127,32,6181542,34668987
5444,2,6,2026-07-01,109946,7363,230,4781463,19134037
5445,3,4,2026-07-01,34146,2608,84,3294446,24578269
5446,3,5,2026-07-01,59008,1406,177,738852,5476670
5447,3,3,2026-07-01,64501,4466,231,2606852,17359235
5448,3,6,2026-07-01,116597,6400,1026,634564,4954992
5449,4,6,2026-07-01,39694,1056,125,4455213,28852791
5450,4,4,2026-07-01,22597,353,55,2787278,16110170
5451,5,5,2026-07-01,118998,9677,943,6941133,40177812
5452,5,6,2026-07-01,18366,1264,53,838865,6394828
5453,6,4,2026-07-01,63570,2407,50,1763853,10588846
5454,6,3,2026-07-01,64725,5623,545,4893965,39215857
5455,6,5,2026-07-01,94416,4775,702,1811943,5406157
5456,7,1,2026-07-01,70409,2830,78,2576868,11762945
5457,7,4,2026-07-01,23881,1471,240,3855287,19955294
5458,7,2,2026-07-01,114959,5413,904,4649241,29728724
5459,8,5,2026-07-01,66687,2654,171,4601015,18624423
5460,8,6,2026-07-01,64233,4617,806,2276357,9482869
5461,8,4,2026-07-01,20144,1689,284,1442466,9855305
5462,9,6,2026-07-01,95604,3788,440,1826685,12188148
5463,9,2,2026-07-01,48630,3149,95,6157716,36875858
5464,9,4,2026-07-01,37921,1640,98,5356741,14266566
5465,9,1,2026-07-01,25079,1956,302,4729066,19947467
5466,10,4,2026-07-01,60303,4155,527,3715199,11936825
5467,10,5,2026-07-01,14162,1254,107,3672748,12181105
5468,10,2,2026-07-01,22342,1510,88,820953,6811059
5469,1,1,2026-07-02,85385,2896,71,2951410,24516779
5470,1,4,2026-07-02,18387,798,32,1395018,7249997
5471,1,3,2026-07-02,44257,1464,41,3990925,32970355
5472,2,6,2026-07-02,13835,764,92,1658544,6975194
5473,2,4,2026-07-02,64843,5214,398,1877503,14399442
5474,3,2,2026-07-02,32486,1811,40,4867855,36920809
5475,3,1,2026-07-02,78085,6465,687,6993658,19476753
5476,4,4,2026-07-02,96351,7818,590,4583701,20571535
5477,4,1,2026-07-02,57604,2491,190,3035554,20495772
5478,4,3,2026-07-02,43856,920,155,1686195,10573914
5479,5,6,2026-07-02,23285,482,22,5859737,33048151
5480,5,5,2026-07-02,75817,3305,374,2951629,22152231
5481,5,2,2026-07-02,85406,3026,345,6295768,38620280
5482,5,4,2026-07-02,104769,4008,424,1611299,13633545
5483,6,3,2026-07-02,25200,462,15,2147333,16187477
5484,6,4,2026-07-02,26962,2051,218,4161037,12678784
5485,6,1,2026-07-02,101152,7242,339,6556158,22658426
5486,6,2,2026-07-02,7198,220,19,3501388,19739865
5487,7,2,2026-07-02,76452,3378,298,4843090,32519124
5488,7,4,2026-07-02,106947,4314,411,4739119,25006485
5489,7,5,2026-07-02,54639,4841,656,1554459,3944833
5490,8,4,2026-07-02,113942,4004,701,6535920,16624236
5491,8,5,2026-07-02,28854,1873,105,2161132,8851475
5492,8,2,2026-07-02,88007,3610,574,6648043,55655915
5493,9,6,2026-07-02,49842,4077,194,5755733,18846524
5494,9,3,2026-07-02,110410,8706,805,5704919,38696593
5495,9,4,2026-07-02,9790,187,13,3149248,17901721
5496,9,1,2026-07-02,97499,5733,314,1355514,9699644
5497,10,6,2026-07-02,27310,1537,231,4059457,32624578
5498,10,2,2026-07-02,7968,306,14,2435519,6699023
5499,1,2,2026-07-03,43057,3578,369,6393864,46281876
5500,1,3,2026-07-03,94644,3002,338,4073767,31996337
5501,1,5,2026-07-03,65051,4143,277,1172406,5854308
5502,1,6,2026-07-03,78127,4321,746,3317257,23991364
5503,2,6,2026-07-03,118959,7538,431,3579729,27021417
5504,2,3,2026-07-03,119524,4870,571,2791584,23123967
5505,2,4,2026-07-03,41508,2225,374,2519262,17576305
5506,3,4,2026-07-03,29564,2021,242,891842,7392528
5507,3,2,2026-07-03,26369,956,111,3254881,18578711
5508,3,5,2026-07-03,95370,4561,98,3850399,30214103
5509,4,6,2026-07-03,39310,3361,380,5272973,34616725
5510,4,5,2026-07-03,41575,3613,316,566537,3075807
5511,5,6,2026-07-03,82940,3253,95,1380230,11268650
5512,5,5,2026-07-03,11186,356,61,5131172,28580183
5513,6,1,2026-07-03,118658,8536,367,2177753,8681626
5514,6,2,2026-07-03,60613,3408,97,4897917,35021889
5515,6,4,2026-07-03,14921,266,33,1281198,6016316
5516,6,6,2026-07-03,33633,1025,66,1958655,8728676
5517,7,1,2026-07-03,69356,1902,271,894565,7592984
5518,7,2,2026-07-03,54934,2331,207,5509283,25940708
5519,7,4,2026-07-03,96335,8066,1023,2781477,12852424
5520,8,3,2026-07-03,85164,4918,866,513222,4026839
5521,8,5,2026-07-03,47494,3905,228,5578059,26888119
5522,8,6,2026-07-03,78812,5379,178,1262449,5431276
5523,9,3,2026-07-03,86823,3548,162,2925153,9611727
5524,9,1,2026-07-03,116835,7560,595,817602,6667074
5525,9,2,2026-07-03,92652,6765,833,4499535,15677069
5526,10,4,2026-07-03,17619,1418,166,6253946,22575770
5527,10,3,2026-07-03,44238,3424,273,2777963,18787906
5528,1,2,2026-07-04,10290,763,96,4272712,26849937
5529,1,1,2026-07-04,105274,6497,402,1998535,5304759
5530,1,6,2026-07-04,100767,7365,314,775495,2816068
5531,2,3,2026-07-04,17001,1256,173,2686671,20870920
5532,2,2,2026-07-04,42451,667,88,5188457,19205852
5533,2,5,2026-07-04,106306,5074,336,6963061,50244902
5534,2,6,2026-07-04,80481,2719,130,6310852,19129975
5535,3,1,2026-07-04,67678,3916,443,812800,5481858
5536,3,3,2026-07-04,42003,3544,342,2421316,7339599
5537,3,2,2026-07-04,109920,9158,529,1590698,7077818
5538,3,4,2026-07-04,58298,910,98,5285714,15972171
5539,4,2,2026-07-04,102126,8909,1571,2497698,18248850
5540,4,3,2026-07-04,98067,4169,129,2098006,12808241
5541,5,5,2026-07-04,61035,3418,116,4440355,17474127
5542,5,4,2026-07-04,112398,2768,395,1564476,4154496
5543,5,2,2026-07-04,26682,1639,264,6237032,23219832
5544,5,6,2026-07-04,15955,1428,37,2732689,16539267
5545,6,5,2026-07-04,86011,4680,544,4964552,28646529
5546,6,1,2026-07-04,74244,5074,571,5982670,29751886
5547,6,2,2026-07-04,111111,4670,234,5100625,16047353
5548,7,5,2026-07-04,92910,2905,207,5010940,34386875
5549,7,1,2026-07-04,96251,2937,266,1571750,6131439
5550,7,2,2026-07-04,61497,4985,599,4402499,12428286
5551,7,6,2026-07-04,44373,3906,522,6136563,51811429
5552,8,1,2026-07-04,95542,5358,589,5487352,17509640
5553,8,6,2026-07-04,71345,5314,513,600016,2655884
5554,8,2,2026-07-04,118614,2047,119,2027585,14579003
5555,9,2,2026-07-04,109728,3814,300,533337,4399442
5556,9,3,2026-07-04,15041,514,52,6758781,32746586
5557,10,6,2026-07-04,64478,2644,350,3304010,22285274
5558,10,4,2026-07-04,90592,4479,251,3465225,24379298
5559,1,1,2026-07-05,8420,653,82,5689594,31423462
5560,1,4,2026-07-05,15070,330,57,5935784,41349378
5561,2,3,2026-07-05,116002,10188,1759,6672759,50989204
5562,2,4,2026-07-05,85222,3701,530,806898,4072537
5563,3,1,2026-07-05,82831,5016,423,5309642,40756677
5564,3,6,2026-07-05,57022,2554,298,6303839,20938509
5565,3,3,2026-07-05,105383,3539,461,797152,2132914
5566,4,6,2026-07-05,73539,5619,814,5165373,28269386
5567,4,3,2026-07-05,13611,484,13,3830397,14124222
5568,5,2,2026-07-05,33245,2604,385,3707627,16780243
5569,5,3,2026-07-05,75060,5507,368,6137168,35290361
5570,6,5,2026-07-05,66357,2662,365,5146684,28087127
5571,6,2,2026-07-05,23630,1284,208,4844438,36482512
5572,6,6,2026-07-05,23530,1563,168,3132539,21790464
5573,6,1,2026-07-05,51670,2001,318,2074802,12907834
5574,7,5,2026-07-05,107461,1804,98,2907297,16328198
5575,7,4,2026-07-05,26639,1954,112,4457469,25657039
5576,8,5,2026-07-05,30618,1369,150,5625976,20563230
5577,8,4,2026-07-05,36525,2004,50,6128882,23978110
5578,9,4,2026-07-05,59171,2756,407,4639096,23586859
5579,9,3,2026-07-05,67863,5821,363,3595840,13971023
5580,9,5,2026-07-05,105496,2281,59,2212476,6933667
5581,10,3,2026-07-05,68017,3058,120,3306059,18448845
5582,10,2,2026-07-05,5638,301,11,6811680,28037750
5583,10,4,2026-07-05,109759,2300,207,4863823,15449637
5584,1,6,2026-07-06,13970,285,30,1292059,4020713
5585,1,2,2026-07-06,55686,4666,735,3446165,10189510
5586,1,4,2026-07-06,72685,4402,369,6577550,17317450
5587,2,3,2026-07-06,54687,4804,795,1771780,12312295
5588,2,6,2026-07-06,70637,6197,500,6617121,26686371
5589,2,5,2026-07-06,116318,9972,1748,2241745,12327336
5590,3,3,2026-07-06,31005,1139,168,2587499,16278732
5591,3,1,2026-07-06,46256,1668,123,5053006,23370324
5592,4,4,2026-07-06,35260,3153,492,1077756,6580607
5593,4,1,2026-07-06,59219,3746,157,4465304,31938613
5594,4,5,2026-07-06,33907,2971,238,5224489,27843703
5595,5,6,2026-07-06,90410,7168,1251,4033104,28080356
5596,5,2,2026-07-06,110240,3370,497,2244093,12814838
5597,5,1,2026-07-06,91261,6749,194,5173192,23015865
5598,6,6,2026-07-06,30385,1045,151,5371411,31914348
5599,6,4,2026-07-06,58266,3858,636,578051,3330484
5600,6,1,2026-07-06,14126,412,61,6933046,28132428
5601,6,3,2026-07-06,103778,7578,174,2607660,19290109
5602,7,3,2026-07-06,119243,8455,810,4187264,11320506
5603,7,5,2026-07-06,95574,4443,665,5084966,22802601
5604,7,6,2026-07-06,91607,5334,854,1341140,5806178
5605,7,1,2026-07-06,28755,1712,131,2691456,16628730
5606,8,4,2026-07-06,43493,1103,36,6523330,45724881
5607,8,5,2026-07-06,67387,5269,693,3267288,24728289
5608,8,3,2026-07-06,22095,1117,52,365031,3030989
5609,9,4,2026-07-06,89981,8049,424,2867190,15097887
5610,9,1,2026-07-06,91804,6769,890,2975330,17883082
5611,10,3,2026-07-06,111969,5116,276,2212208,16458545
5612,10,1,2026-07-06,60386,2167,297,5383827,29172159
5613,1,6,2026-07-07,11949,260,5,4965623,41193489
5614,1,1,2026-07-07,18558,452,60,2681272,16939063
5615,2,4,2026-07-07,101687,7157,190,2569823,19900042
5616,2,6,2026-07-07,106998,9200,1017,4992899,20925489
5617,2,1,2026-07-07,96599,8121,537,5547186,37352995
5618,3,2,2026-07-07,108176,9707,1457,4845130,17984924
5619,3,3,2026-07-07,32953,1688,215,4258348,28861595
5620,3,5,2026-07-07,117649,5341,527,4953958,16091278
5621,3,1,2026-07-07,32278,601,25,3032265,14464336
5622,4,4,2026-07-07,49780,2679,109,6413280,44082895
5623,4,6,2026-07-07,13486,1047,165,4232108,34951775
5624,4,1,2026-07-07,93491,7643,1119,2628637,7722688
5625,4,5,2026-07-07,99572,8483,831,5139033,16573008
5626,5,1,2026-07-07,57602,1977,160,5749540,17193167
5627,5,6,2026-07-07,18509,1664,261,2322639,6647633
5628,5,3,2026-07-07,80571,3973,588,1746715,12032642
5629,6,4,2026-07-07,98119,2831,281,6353320,41389543
5630,6,2,2026-07-07,43324,2468,380,6406982,35068372
5631,6,3,2026-07-07,5620,108,11,1315018,8278219
5632,7,2,2026-07-07,17426,466,65,6399136,45596191
5633,7,6,2026-07-07,113568,1965,343,6632993,23188828
5634,7,3,2026-07-07,68317,3954,449,5454839,27026530
5635,8,4,2026-07-07,75928,3589,594,2005139,11621550
5636,8,1,2026-07-07,33181,2560,316,3328347,17494608
5637,8,2,2026-07-07,58722,2234,315,5908929,33548767
5638,9,6,2026-07-07,113672,1823,235,6549712,34938255
5639,9,1,2026-07-07,114047,8185,941,477628,2475119
5640,10,4,2026-07-07,106805,2088,252,6606675,45579786
5641,10,5,2026-07-07,98532,6688,598,5165733,19881756
5642,1,4,2026-07-08,79794,6965,1131,2267786,9383587
5643,1,1,2026-07-08,40562,2415,308,6101263,31184557
5644,2,3,2026-07-08,94668,2669,228,797152,6069940
5645,2,5,2026-07-08,109653,4000,632,3154759,15363062
5646,2,4,2026-07-08,62886,1571,149,3323678,21809610
5647,2,2,2026-07-08,16771,1224,124,4512298,14068339
5648,3,3,2026-07-08,50878,776,129,638548,2338992
5649,3,4,2026-07-08,48757,3527,496,811790,2934958
5650,3,5,2026-07-08,28534,1278,228,2193880,6252745
5651,3,6,2026-07-08,21384,1676,137,2444875,11177674
5652,4,4,2026-07-08,6325,385,51,576887,4900405
5653,4,2,2026-07-08,65482,4682,707,6805864,48073813
5654,4,5,2026-07-08,101002,4401,323,3929587,21964987
5655,5,6,2026-07-08,40620,2025,281,3387812,10952897
5656,5,2,2026-07-08,49905,3398,176,6675814,42039346
5657,6,1,2026-07-08,57355,3971,566,5337184,43146977
5658,6,6,2026-07-08,30444,767,68,2121161,17939626
5659,6,3,2026-07-08,21976,575,98,6148135,30134967
5660,6,5,2026-07-08,106361,9145,943,4203664,14035517
5661,7,4,2026-07-08,29410,1184,133,1155697,3134331
5662,7,2,2026-07-08,111156,3580,341,6732575,46455403
5663,8,1,2026-07-08,90849,2777,471,585458,2181699
5664,8,6,2026-07-08,63428,1004,51,2256404,17648092
5665,8,3,2026-07-08,30775,2037,246,4808089,37615723
5666,8,5,2026-07-08,72454,2230,144,3643897,22984623
5667,9,2,2026-07-08,89629,4617,496,406043,1671392
5668,9,3,2026-07-08,33720,1618,185,6263160,39772980
5669,10,6,2026-07-08,60176,3481,284,438936,3450858
5670,10,1,2026-07-08,90530,5620,378,6222529,28867888
5671,10,4,2026-07-08,44642,3106,405,1104124,5195891
5672,1,6,2026-07-09,86359,5626,504,552643,2453322
5673,1,5,2026-07-09,98492,2551,387,1962781,12534629
5674,1,2,2026-07-09,83975,3959,414,5473592,20389509
5675,1,4,2026-07-09,100135,8723,908,4964843,18768636
5676,2,1,2026-07-09,84585,4242,706,5938237,33297414
5677,2,2,2026-07-09,33533,2207,72,3423032,9027026
5678,2,4,2026-07-09,26624,588,59,6654881,39862236
5679,2,3,2026-07-09,93367,4345,327,3343430,23993337
5680,3,6,2026-07-09,6531,291,26,6477715,41432129
5681,3,1,2026-07-09,58056,3648,520,3682894,23487266
5682,3,2,2026-07-09,34249,3057,302,4251296,13016285
5683,3,4,2026-07-09,44038,3398,381,4761835,24149040
5684,4,5,2026-07-09,51972,3602,123,6429666,16111573
5685,4,6,2026-07-09,74171,2975,207,4240152,20296767
5686,5,1,2026-07-09,51198,2941,247,5979126,30796069
5687,5,3,2026-07-09,31987,1853,329,2211362,13443809
5688,6,5,2026-07-09,5946,178,19,2987584,21592020
5689,6,3,2026-07-09,42486,1958,175,5857641,37591465
5690,6,6,2026-07-09,31002,638,18,4415453,16792862
5691,7,2,2026-07-09,7057,456,62,4223711,34381378
5692,7,1,2026-07-09,54829,3583,198,6531939,54462272
5693,8,6,2026-07-09,31855,2197,334,1726162,14124219
5694,8,4,2026-07-09,31804,1157,116,2547322,14992726
5695,8,5,2026-07-09,83432,7381,650,3583611,9068436
5696,9,5,2026-07-09,9375,564,38,4657020,23679774
5697,9,1,2026-07-09,99371,8721,206,4010827,15029516
5698,10,2,2026-07-09,104018,5049,722,5090060,31902961
5699,10,4,2026-07-09,30913,2004,204,5450921,25501609
5700,10,3,2026-07-09,41620,909,162,6968602,19858269
5701,10,6,2026-07-09,111966,6855,162,1959497,10726076
5702,1,3,2026-07-10,6897,251,35,2371355,16112490
5703,1,6,2026-07-10,59849,2851,319,2817816,11354811
5704,1,1,2026-07-10,69717,5190,675,2261334,12974112
5705,2,1,2026-07-10,80051,1380,100,3963667,18108500
5706,2,3,2026-07-10,16518,933,84,2841269,19720965
5707,2,2,2026-07-10,63004,1373,143,6622087,38000682
5708,2,5,2026-07-10,35984,3175,202,2514785,11639836
5709,3,4,2026-07-10,33091,1745,145,6565505,29152291
5710,3,5,2026-07-10,24634,812,82,5086945,32401532
5711,3,3,2026-07-10,113619,7439,482,5402453,44374729
5712,3,6,2026-07-10,26679,930,51,6797215,52672927
5713,4,3,2026-07-10,82970,3297,591,1865856,13847424
5714,4,5,2026-07-10,94919,3955,99,2272451,12558526
5715,4,4,2026-07-10,13322,204,21,2058058,9221550
5716,5,4,2026-07-10,55038,2588,426,5227514,38235531
5717,5,5,2026-07-10,32779,1664,102,2616972,13758298
5718,5,3,2026-07-10,101292,8462,335,6521642,50790839
5719,6,1,2026-07-10,20177,1532,41,6629697,26031097
5720,6,2,2026-07-10,80307,6120,519,2925715,24500541
5721,6,5,2026-07-10,77253,5728,765,6263939,50469590
5722,7,6,2026-07-10,88732,1626,237,2839214,9186956
5723,7,5,2026-07-10,73306,4410,239,3427330,11262661
5724,8,4,2026-07-10,111813,3550,249,6584813,16474821
5725,8,6,2026-07-10,118063,2000,227,6888449,52541654
5726,8,1,2026-07-10,30299,2249,49,561444,1634632
5727,8,5,2026-07-10,117140,4342,332,4206555,12905968
5728,9,1,2026-07-10,102999,8608,1285,5314184,22698057
5729,9,3,2026-07-10,79475,5786,223,3665273,22918343
5730,9,6,2026-07-10,99899,4298,689,3118932,10058196
5731,9,2,2026-07-10,17437,1140,157,5275414,20234732
5732,10,4,2026-07-10,70754,3359,422,944269,5097317
5733,10,5,2026-07-10,75289,1194,83,1538184,9359347
5734,10,6,2026-07-10,31739,2159,302,4985034,39596292
5735,10,1,2026-07-10,107421,8439,1504,444892,2421268
5736,1,1,2026-07-11,25145,2192,120,1478575,4354927
5737,1,5,2026-07-11,30521,1097,83,1430525,3937588
5738,1,4,2026-07-11,119233,10212,1465,2524545,6937680
5739,1,6,2026-07-11,11836,1015,154,4309758,33343272
5740,2,4,2026-07-11,52607,2849,215,1596035,10849986
5741,2,6,2026-07-11,38408,2134,175,1191011,3465555
5742,3,4,2026-07-11,99478,1737,98,799504,6770251
5743,3,2,2026-07-11,82582,7411,587,915992,4649536
5744,4,6,2026-07-11,19439,463,41,5695721,16408428
5745,4,1,2026-07-11,15730,1296,164,1405280,10793783
5746,4,2,2026-07-11,98120,6218,353,6000455,37127736
5747,5,2,2026-07-11,47538,1986,317,4561148,32447628
5748,5,6,2026-07-11,81127,5601,233,3900315,28192189
5749,5,1,2026-07-11,33988,803,52,5859549,26632012
5750,5,4,2026-07-11,61423,3477,452,6181369,37902957
5751,6,1,2026-07-11,97260,4281,159,6698914,33008015
5752,6,5,2026-07-11,76771,1430,94,558717,2549246
5753,7,1,2026-07-11,103898,1939,106,3841607,9739682
5754,7,2,2026-07-11,21049,955,60,1165860,9500066
5755,8,1,2026-07-11,109365,8262,1275,4839204,32465326
5756,8,3,2026-07-11,95674,5820,961,2452972,6693783
5757,8,5,2026-07-11,106504,6005,346,3863917,22733502
5758,8,4,2026-07-11,39552,1425,228,550291,4083908
5759,9,5,2026-07-11,113610,9446,946,3772639,28167181
5760,9,3,2026-07-11,95742,8219,509,3641809,18548426
5761,10,2,2026-07-11,90702,1636,100,5403533,45372451
5762,10,5,2026-07-11,15246,577,72,5819077,15108984
5763,10,3,2026-07-11,86303,3618,610,5757145,29697516
5764,10,4,2026-07-11,61502,1748,272,5957972,42102451
5765,1,3,2026-07-12,84274,1804,209,3197395,11739256
5766,1,4,2026-07-12,17547,777,122,2696550,14756099
5767,1,5,2026-07-12,73738,6528,549,4237723,35746765
5768,1,2,2026-07-12,93119,6370,1034,2985770,17898800
5769,2,2,2026-07-12,21970,1332,121,3555488,10697802
5770,2,4,2026-07-12,104425,4622,193,6332754,36355452
5771,3,1,2026-07-12,83219,4506,284,3655616,28355792
5772,3,2,2026-07-12,82921,6949,1248,5963339,29687801
5773,3,3,2026-07-12,90257,1665,138,3474911,11969010
5774,4,6,2026-07-12,10872,292,47,4471154,36712972
5775,4,4,2026-07-12,32037,688,116,3003559,10175321
5776,4,3,2026-07-12,28502,2481,184,3165305,23634770
5777,5,1,2026-07-12,102665,7984,1229,2891239,17640086
5778,5,6,2026-07-12,13194,645,24,774504,3513827
5779,5,3,2026-07-12,24686,385,29,6441727,50777328
5780,6,2,2026-07-12,99239,2374,150,3770441,9802956
5781,6,1,2026-07-12,85297,7425,889,2717219,17616518
5782,6,6,2026-07-12,36745,962,130,6265204,20308516
5783,7,1,2026-07-12,102539,3277,122,2625017,20875816
5784,7,2,2026-07-12,88974,6664,432,559785,4111437
5785,7,3,2026-07-12,75549,6381,623,2166008,8862081
5786,7,5,2026-07-12,109904,8721,1124,5628235,29792824
5787,8,5,2026-07-12,95331,7677,208,1546442,4763061
5788,8,6,2026-07-12,20041,942,98,2213324,6764753
5789,8,2,2026-07-12,69498,4288,473,6016465,47573439
5790,9,1,2026-07-12,7030,611,90,5055183,24250713
5791,9,5,2026-07-12,117920,4516,793,3184033,26937801
5792,9,6,2026-07-12,73068,5328,750,3950883,29096713
5793,9,3,2026-07-12,94034,3755,377,4088786,34077670
5794,10,2,2026-07-12,105564,7143,716,4772692,16046919
5795,10,4,2026-07-12,103171,7406,733,5555179,18857402
5796,10,6,2026-07-12,45739,1699,84,5663630,25098821
5797,1,1,2026-07-13,73994,4881,688,4943418,13107243
5798,1,6,2026-07-13,11037,980,59,3366232,13069085
5799,1,4,2026-07-13,101497,5536,563,4257133,14699995
5800,2,4,2026-07-13,62035,2697,217,671286,3822075
5801,2,6,2026-07-13,75822,4242,420,2992348,20170267
5802,2,5,2026-07-13,113500,5963,194,5879485,19262907
5803,3,4,2026-07-13,94655,7397,402,3571774,20832986
5804,3,3,2026-07-13,84190,2459,195,6592004,44536155
5805,3,2,2026-07-13,56921,1401,175,589126,3172200
5806,3,1,2026-07-13,43736,2991,509,2455239,17781119
5807,4,2,2026-07-13,6995,527,17,2700449,12510726
5808,4,1,2026-07-13,82447,6112,706,2866000,13227058
5809,4,5,2026-07-13,65471,2513,424,2091249,6095499
5810,5,4,2026-07-13,116580,4917,276,2338758,18296066
5811,5,1,2026-07-13,107955,6320,582,5519570,28110155
5812,5,5,2026-07-13,85643,4286,148,6591500,18286460
5813,5,3,2026-07-13,32003,2380,162,2770384,11938048
5814,6,4,2026-07-13,98970,4552,141,4751692,26804092
5815,6,3,2026-07-13,17100,1331,128,3684559,10398282
5816,6,5,2026-07-13,98133,8802,1315,1397513,4463127
5817,6,6,2026-07-13,80063,4748,474,2440160,9282618
5818,7,2,2026-07-13,69362,5738,650,677791,5568370
5819,7,5,2026-07-13,32611,1013,46,1862099,7215020
5820,7,6,2026-07-13,83916,3282,357,3982363,10285171
5821,8,2,2026-07-13,100923,8642,1193,4707042,17934111
5822,8,1,2026-07-13,56949,3227,224,4256056,29104368
5823,8,3,2026-07-13,70060,2395,223,2155392,10596200
5824,9,3,2026-07-13,5489,359,32,6315039,21063804
5825,9,4,2026-07-13,117041,10467,1637,1307859,10061014
5826,9,1,2026-07-13,28722,2127,262,1365848,4405588
5827,10,5,2026-07-13,118405,10286,477,4960685,35919413
5828,10,4,2026-07-13,104949,5040,444,6241776,45207088
5829,1,2,2026-07-14,99623,7316,899,3914556,23172297
5830,1,6,2026-07-14,91803,6613,1084,3662881,23665131
5831,1,1,2026-07-14,57047,994,63,3255428,27447237
5832,1,5,2026-07-14,17386,497,30,2519826,9407780
5833,2,5,2026-07-14,19741,1727,216,6996940,35670274
5834,2,3,2026-07-14,17855,474,29,1292806,3457655
5835,2,1,2026-07-14,55960,3984,377,6022786,18249580
5836,3,1,2026-07-14,38085,2359,246,997625,6620024
5837,3,3,2026-07-14,100238,4044,307,3331891,23085601
5838,3,2,2026-07-14,112514,6349,762,3422847,20319035
5839,3,4,2026-07-14,38817,1068,127,4491289,26691055
5840,4,1,2026-07-14,105016,8294,422,6082665,29581595
5841,4,2,2026-07-14,80523,4206,413,4168960,21120027
5842,5,4,2026-07-14,79443,2440,356,3866377,11333957
5843,5,6,2026-07-14,114241,8358,286,2454518,20840130
5844,5,3,2026-07-14,14564,857,47,4959014,13096364
5845,6,6,2026-07-14,61669,4563,715,1910517,7074461
5846,6,5,2026-07-14,84551,1350,202,3706129,11822139
5847,6,3,2026-07-14,118493,2022,70,987845,3796943
5848,6,1,2026-07-14,18928,758,78,301867,1312187
5849,7,6,2026-07-14,59093,5193,518,1611004,11355716
5850,7,2,2026-07-14,39281,3514,409,1030068,2590842
5851,8,5,2026-07-14,106887,8171,1239,4161018,27979577
5852,8,4,2026-07-14,7431,285,34,5825355,35632067
5853,8,1,2026-07-14,16739,681,112,2180488,12389300
5854,8,2,2026-07-14,8507,370,43,5100765,24408896
5855,9,2,2026-07-14,9793,575,47,677944,4952910
5856,9,4,2026-07-14,104834,3095,151,2863161,11001197
5857,9,5,2026-07-14,27734,534,54,3546004,20941575
5858,9,1,2026-07-14,62518,5537,904,3345669,20819092
5859,10,1,2026-07-14,94394,4558,233,6744302,52326760
5860,10,3,2026-07-14,66198,1028,39,3115576,13551281
5861,10,5,2026-07-14,86078,1910,333,5970089,32804594
5862,1,2,2026-07-15,60575,3216,273,4929040,32665534
5863,1,4,2026-07-15,118702,7485,808,6627734,19068117
5864,1,1,2026-07-15,104115,5651,722,4278572,15842693
5865,1,3,2026-07-15,50451,2652,471,4316879,33118899
5866,2,3,2026-07-15,40888,1446,143,1711099,8206555
5867,2,2,2026-07-15,24710,1278,197,5818470,29358734
5868,2,5,2026-07-15,110109,7970,606,3602662,26482633
5869,2,4,2026-07-15,109660,3814,280,4028315,25921948
5870,3,4,2026-07-15,112382,6602,412,4012954,27960214
5871,3,5,2026-07-15,50727,2106,253,6493113,25528845
5872,3,3,2026-07-15,116892,5640,340,2981974,19044814
5873,4,6,2026-07-15,106535,4510,409,1723153,10516565
5874,4,2,2026-07-15,5728,326,20,6574990,37117855
5875,4,3,2026-07-15,57214,2209,124,5532339,22418086
5876,4,1,2026-07-15,8537,279,41,3230959,13498773
5877,5,4,2026-07-15,5955,256,26,1966998,13525831
5878,5,5,2026-07-15,53742,4534,511,1864724,12735493
5879,6,2,2026-07-15,83752,3641,641,4702858,12967643
5880,6,4,2026-07-15,41267,3130,77,2157329,11329403
5881,7,3,2026-07-15,51104,771,123,2132268,7591017
5882,7,1,2026-07-15,97605,3349,82,1167044,3238940
5883,8,2,2026-07-15,35206,2823,260,5177353,26359392
5884,8,4,2026-07-15,31488,2576,432,4219821,17667529
5885,8,3,2026-07-15,60973,2133,378,6915949,56873315
5886,8,5,2026-07-15,56654,4520,629,2377355,9058823
5887,9,4,2026-07-15,112772,8320,990,2518420,7980258
5888,9,2,2026-07-15,82940,2156,61,6657775,39636373
5889,10,1,2026-07-15,7771,220,21,676821,3653230
5890,10,6,2026-07-15,74903,1742,278,3050607,9731156
5891,1,5,2026-07-16,67360,3868,367,4648399,17096224
5892,1,3,2026-07-16,35940,2865,67,1031445,4209857
5893,1,4,2026-07-16,33175,2710,248,5797061,27404033
5894,2,4,2026-07-16,8005,687,113,5909306,41627557
5895,2,5,2026-07-16,89060,5919,506,1858011,13123425
5896,2,2,2026-07-16,8800,611,96,4245759,19125959
5897,2,6,2026-07-16,104118,5235,507,5639423,42728957
5898,3,5,2026-07-16,28898,951,128,1095683,8410651
5899,3,1,2026-07-16,79709,1851,92,4173194,16781755
5900,3,2,2026-07-16,83410,5283,545,2796414,23097598
5901,3,3,2026-07-16,18428,1243,216,2384237,13087974
5902,4,4,2026-07-16,71194,5224,114,5155155,14933602
5903,4,1,2026-07-16,10881,675,94,5678606,26576961
5904,4,3,2026-07-16,8927,682,42,4460397,12109423
5905,4,6,2026-07-16,64646,3528,500,6010380,38303695
5906,5,5,2026-07-16,110582,1746,105,6748910,31096380
5907,5,3,2026-07-16,32927,1562,247,5835928,24560442
5908,5,2,2026-07-16,93918,1459,97,2500500,15555976
5909,6,2,2026-07-16,85522,1346,52,4089018,23816428
5910,6,5,2026-07-16,112369,5950,872,6892397,33357561
5911,6,1,2026-07-16,38597,1290,221,3890514,21221537
5912,7,3,2026-07-16,40016,3267,353,5828000,34590437
5913,7,5,2026-07-16,46346,4159,474,500948,1853215
5914,7,6,2026-07-16,29404,2583,65,5554064,43459376
5915,7,2,2026-07-16,62109,955,128,3171235,10868109
5916,8,5,2026-07-16,52396,1410,216,5743985,15661462
5917,8,1,2026-07-16,22082,1336,154,5521494,27128384
5918,8,6,2026-07-16,30668,963,167,1685231,13417012
5919,8,3,2026-07-16,51952,4089,343,2520776,20958535
5920,9,1,2026-07-16,83281,5263,204,3263020,13545027
5921,9,4,2026-07-16,109182,8529,1268,6026209,31803120
5922,10,1,2026-07-16,24132,1930,232,3297103,12496056
5923,10,6,2026-07-16,78194,6899,498,484479,2060604
5924,1,1,2026-07-17,23354,1576,222,6112196,46611243
5925,1,5,2026-07-17,72787,1781,294,2824605,16015716
5926,2,6,2026-07-17,79267,2601,454,3207408,13740312
5927,2,1,2026-07-17,42733,2912,159,4630243,21546805
5928,3,5,2026-07-17,81927,6214,1060,1561318,6441016
5929,3,4,2026-07-17,98938,3929,505,2285601,12931016
5930,3,2,2026-07-17,18759,808,27,1615451,8749471
5931,4,2,2026-07-17,40977,3232,368,1125997,6223002
5932,4,5,2026-07-17,29204,2345,183,4217798,27893845
5933,4,6,2026-07-17,106450,5811,605,6371820,18959954
5934,4,4,2026-07-17,49361,2931,172,4605889,14939666
5935,5,6,2026-07-17,115751,4369,605,4104088,19806672
5936,5,5,2026-07-17,93500,7006,156,6244229,44166943
5937,5,3,2026-07-17,72174,4083,463,1265769,9883948
5938,6,6,2026-07-17,90774,3099,263,2736729,7516224
5939,6,1,2026-07-17,48573,826,139,3764271,22864024
5940,6,2,2026-07-17,52331,2145,163,6153311,44916340
5941,7,3,2026-07-17,71624,3818,600,4559647,32098973
5942,7,6,2026-07-17,22577,1463,133,6809259,30494669
5943,8,4,2026-07-17,40587,1741,278,3403259,14304683
5944,8,6,2026-07-17,97804,2328,127,4052873,13740490
5945,8,5,2026-07-17,42808,3007,450,2383054,12856969
5946,9,5,2026-07-17,69678,1369,89,3076075,24166395
5947,9,1,2026-07-17,83622,7421,798,2904994,17183457
5948,9,6,2026-07-17,101627,4695,767,6336675,47985810
5949,10,4,2026-07-17,22376,667,73,6910995,34766735
5950,10,6,2026-07-17,115815,5981,267,3353568,20177547
5951,1,1,2026-07-18,61482,2982,357,6937358,18210075
5952,1,2,2026-07-18,44469,1080,48,6807950,57284678
5953,1,4,2026-07-18,69332,1807,175,3323647,12244536
5954,2,3,2026-07-18,19834,1329,69,1165863,6387318
5955,2,6,2026-07-18,88488,6763,195,2673285,22087465
5956,3,5,2026-07-18,51293,2137,372,3349515,26936104
5957,3,2,2026-07-18,110043,3196,126,4982886,41048360
5958,3,3,2026-07-18,91974,2860,227,5819931,31438837
5959,4,4,2026-07-18,78464,6004,708,6663829,16970579
5960,4,5,2026-07-18,110320,7809,270,4517306,22605733
5961,4,1,2026-07-18,99049,1863,97,4273258,12959793
5962,5,6,2026-07-18,105395,2835,340,5157718,27030309
5963,5,4,2026-07-18,35344,1121,122,687770,4931736
5964,5,3,2026-07-18,85748,5669,333,875182,5696890
5965,6,1,2026-07-18,89702,5915,1045,580279,2733881
5966,6,5,2026-07-18,108554,7836,403,956650,2924486
5967,6,3,2026-07-18,53421,4171,199,1656969,8177777
5968,7,1,2026-07-18,97820,2860,367,2291157,15455432
5969,7,5,2026-07-18,79798,3790,378,657060,2371753
5970,8,6,2026-07-18,76217,4347,398,1722369,14057669
5971,8,2,2026-07-18,13229,753,89,4730974,20262407
5972,9,5,2026-07-18,106308,5204,440,6572423,51211143
5973,9,1,2026-07-18,115536,8703,1203,4860698,18934915
5974,9,4,2026-07-18,72174,4868,241,1863199,12962549
5975,10,4,2026-07-18,41450,1084,163,2874917,11927695
5976,10,3,2026-07-18,8930,306,37,1928433,13689898
5977,10,6,2026-07-18,105267,2893,286,3941443,19465961
5978,1,5,2026-07-19,94535,6331,607,2836318,11730321
5979,1,3,2026-07-19,79249,2191,179,4040179,26190494
5980,1,1,2026-07-19,45102,3830,234,5415875,20598521
5981,2,5,2026-07-19,111217,4396,656,3683757,16082230
5982,2,3,2026-07-19,23897,709,45,1580070,9890656
5983,2,2,2026-07-19,108840,8113,1147,4960033,40337251
5984,2,1,2026-07-19,110539,4767,679,5242147,25327987
5985,3,6,2026-07-19,20956,1353,143,1466898,8741584
5986,3,5,2026-07-19,108634,2818,356,5751978,36127411
5987,3,1,2026-07-19,89620,2261,184,4415831,14679217
5988,4,2,2026-07-19,32235,1040,138,6788906,27963833
5989,4,4,2026-07-19,55699,3657,110,4617458,23004371
5990,5,6,2026-07-19,69981,3681,103,2527136,18254366
5991,5,5,2026-07-19,47973,2821,366,3030926,19866741
5992,5,3,2026-07-19,63897,4133,513,5887522,47078581
5993,6,4,2026-07-19,78612,5170,148,3257502,14736759
5994,6,5,2026-07-19,116375,8158,1359,5645232,39469573
5995,6,6,2026-07-19,90414,4233,517,5347042,21836281
5996,7,2,2026-07-19,9773,416,15,3943953,18263618
5997,7,6,2026-07-19,37939,2844,137,815494,3466694
5998,7,4,2026-07-19,16505,1461,148,4016797,16068634
5999,8,1,2026-07-19,37710,1487,180,1077525,6389610
6000,8,3,2026-07-19,74164,3045,520,482050,3531883
6001,8,2,2026-07-19,58588,2522,91,2177354,9579471
6002,8,6,2026-07-19,116701,6541,182,1034763,6472905
6003,9,2,2026-07-19,98005,5605,890,4291243,33876173
6004,9,6,2026-07-19,58838,4016,211,4410153,28797016
6005,10,6,2026-07-19,32159,975,34,3673996,10079033
6006,10,1,2026-07-19,102515,7691,911,949448,6570247
6007,10,3,2026-07-19,69364,1265,98,1364595,8349729
6008,10,5,2026-07-19,74303,2603,243,5788782,41511599
6009,1,5,2026-07-20,86020,5152,378,1413214,7544427
6010,1,4,2026-07-20,97181,2771,328,3900512,11990544
6011,1,3,2026-07-20,19819,1489,81,4526182,33628565
6012,2,3,2026-07-20,87249,4475,613,6524448,44478905
6013,2,1,2026-07-20,21187,668,59,390928,2373727
6014,3,2,2026-07-20,57619,3240,301,3145015,23026094
6015,3,1,2026-07-20,31367,2406,90,4049802,15936945
6016,4,1,2026-07-20,37221,789,31,2665619,10645054
6017,4,3,2026-07-20,16401,466,41,3247673,15877420
6018,5,2,2026-07-20,31377,1415,233,3284690,14907616
6019,5,6,2026-07-20,7905,366,15,4105820,18292164
6020,6,2,2026-07-20,23198,1903,243,3698917,23208263
6021,6,4,2026-07-20,67006,4761,204,6373547,27944898
6022,6,5,2026-07-20,6011,93,16,6577416,49809142
6023,7,4,2026-07-20,60871,3556,252,937662,6690788
6024,7,5,2026-07-20,28308,601,62,3513436,18346600
6025,7,6,2026-07-20,95197,5703,853,2321050,10885382
6026,7,1,2026-07-20,109299,3177,471,6677361,44588548
6027,8,1,2026-07-20,40735,2229,306,6179264,27300177
6028,8,3,2026-07-20,15734,1263,109,4268485,31613240
6029,9,5,2026-07-20,24042,1912,254,2205909,5939196
6030,9,3,2026-07-20,40574,1146,148,3758328,26305503
6031,9,2,2026-07-20,107776,4319,728,3075938,21332532
6032,10,1,2026-07-20,14020,1110,138,843525,3743532
6033,10,2,2026-07-20,44948,2509,63,2951327,9123016
6034,10,6,2026-07-20,84533,2671,174,6798565,31886278
6035,10,5,2026-07-20,37481,1192,103,6708501,26355662
6036,1,4,2026-07-21,30363,1515,241,324311,1934785
6037,1,3,2026-07-21,75812,6252,244,6768194,57158231
6038,1,5,2026-07-21,35577,1736,159,5666926,36158150
6039,2,4,2026-07-21,113587,9938,627,815795,2584369
6040,2,1,2026-07-21,29108,1181,155,5521061,19421446
6041,3,2,2026-07-21,63861,4032,626,3438279,16449048
6042,3,6,2026-07-21,19213,942,110,3445524,9374791
6043,3,4,2026-07-21,84207,1859,320,2286042,18990686
6044,3,1,2026-07-21,106479,6091,151,6184146,18027628
6045,4,6,2026-07-21,99517,4202,638,1004326,7177628
6046,4,3,2026-07-21,84505,6141,308,6318611,40456551
6047,5,5,2026-07-21,42686,2700,66,5351268,36283343
6048,5,2,2026-07-21,38777,2683,72,3239246,21784720
6049,5,4,2026-07-21,110045,6846,1153,3277479,24476894
6050,6,3,2026-07-21,66221,1099,109,3506105,26962038
6051,6,5,2026-07-21,5879,342,28,403599,2144661
6052,6,2,2026-07-21,89938,3509,152,6350184,22820826
6053,6,4,2026-07-21,19504,1142,172,3744948,9948140
6054,7,6,2026-07-21,108237,7627,1323,1317379,7728638
6055,7,4,2026-07-21,72178,5742,133,1285998,3418616
6056,8,2,2026-07-21,90112,1811,116,5096365,12847574
6057,8,4,2026-07-21,77842,1560,147,710950,5498589
6058,8,1,2026-07-21,22817,1197,101,1710028,9686094
6059,8,3,2026-07-21,50183,4249,630,5895020,39154070
6060,9,4,2026-07-21,107877,2020,130,5238118,27682800
6061,9,6,2026-07-21,96443,4236,172,1143530,3580492
6062,9,5,2026-07-21,49020,2304,287,6467717,39449115
6063,10,3,2026-07-21,69337,3378,411,5288085,24706471
6064,10,4,2026-07-21,96142,7197,933,5273121,39045418
6065,10,1,2026-07-21,24568,436,69,1307693,10887337
6066,1,4,2026-07-22,109474,3960,415,5922204,36474076
6067,1,2,2026-07-22,51098,938,93,1187855,5994503
6068,1,6,2026-07-22,102911,3594,537,4703526,23500660
6069,2,2,2026-07-22,77220,1915,72,6398000,35059921
6070,2,3,2026-07-22,71793,3496,618,4486973,23362596
6071,2,1,2026-07-22,36294,1561,277,5525695,35917053
6072,3,6,2026-07-22,33332,1842,146,5370162,32071323
6073,3,5,2026-07-22,66561,4751,229,1512953,10799651
6074,3,3,2026-07-22,115408,2425,126,6147097,29381875
6075,4,4,2026-07-22,24490,1068,105,5143000,15605303
6076,4,5,2026-07-22,60080,5236,586,2068476,9757757
6077,4,1,2026-07-22,93898,1673,201,2357857,16712331
6078,5,5,2026-07-22,47065,2970,311,4625162,33703806
6079,5,2,2026-07-22,99856,7361,587,2274860,10183511
6080,5,1,2026-07-22,48448,1373,178,746804,2475288
6081,6,3,2026-07-22,67921,3587,137,4985293,17178629
6082,6,5,2026-07-22,82449,6520,745,2735907,19085828
6083,6,4,2026-07-22,21019,1027,114,1685817,12312973
6084,6,2,2026-07-22,23015,1344,44,5708883,30031808
6085,7,3,2026-07-22,79404,5068,657,3985762,18897015
6086,7,1,2026-07-22,104357,6607,190,3031806,25141605
6087,7,2,2026-07-22,95796,6180,840,6851290,51865568
6088,8,4,2026-07-22,31717,652,26,2827220,10658894
6089,8,3,2026-07-22,88982,3465,263,4518667,36375064
6090,9,1,2026-07-22,69874,2891,454,1480466,11695073
6091,9,3,2026-07-22,65218,1750,208,4624908,12523495
6092,10,4,2026-07-22,96990,7671,706,3255630,27512899
6093,10,5,2026-07-22,29438,2389,145,1973252,11760004
6094,1,5,2026-07-23,5624,424,44,3022213,7856050
6095,1,4,2026-07-23,80055,5758,325,5158763,32806110
6096,1,6,2026-07-23,40728,1423,52,6892182,46874581
6097,2,3,2026-07-23,117473,6050,845,4275724,17370792
6098,2,2,2026-07-23,30290,1246,192,1560419,4975228
6099,3,1,2026-07-23,109817,2232,239,5671851,35107146
6100,3,5,2026-07-23,85123,6982,834,1253149,4742877
6101,4,6,2026-07-23,37167,1588,278,2992403,11253898
6102,4,5,2026-07-23,45197,3378,547,950653,2951276
6103,5,6,2026-07-23,117078,3412,318,3618714,10202109
6104,5,4,2026-07-23,17125,1375,211,2701594,20395349
6105,5,1,2026-07-23,95061,2576,128,3104504,24685615
6106,6,4,2026-07-23,28313,2466,377,3166241,21385718
6107,6,2,2026-07-23,108946,4815,642,1722851,5796559
6108,6,1,2026-07-23,37762,2179,44,999274,6999410
6109,7,6,2026-07-23,35025,1250,101,820587,6572868
6110,7,3,2026-07-23,110046,6802,506,2474226,13196795
6111,8,6,2026-07-23,59672,1122,164,5087214,28757699
6112,8,1,2026-07-23,15091,284,31,6791025,31543104
6113,9,2,2026-07-23,14772,509,72,1016451,7055467
6114,9,3,2026-07-23,5059,422,19,5610894,17619129
6115,9,6,2026-07-23,49296,2215,180,649009,5148378
6116,10,4,2026-07-23,74308,5193,857,2563352,8282391
6117,10,3,2026-07-23,33617,2203,197,3317017,22837381
6118,10,1,2026-07-23,6616,168,12,5310366,38769630
6119,1,3,2026-07-24,96310,6927,492,1277883,6562528
6120,1,4,2026-07-24,85297,1912,152,4271535,24744257
6121,2,1,2026-07-24,110250,4167,202,1018436,7522819
6122,2,3,2026-07-24,118087,2799,363,5756033,24168672
6123,2,2,2026-07-24,79767,4683,548,4525989,14380960
6124,2,5,2026-07-24,19438,705,98,2115287,15639172
6125,3,6,2026-07-24,81085,1952,305,3757683,16641592
6126,3,4,2026-07-24,5749,476,72,6260964,16799244
6127,3,2,2026-07-24,64011,2409,64,733197,4557317
6128,4,6,2026-07-24,86037,7612,777,4666874,22615776
6129,4,3,2026-07-24,52708,3258,348,6096794,35085680
6130,4,5,2026-07-24,65732,1905,281,1345424,5359843
6131,4,2,2026-07-24,55539,2736,347,5389125,44244057
6132,5,3,2026-07-24,46072,1352,59,1253609,7344241
6133,5,6,2026-07-24,8334,682,24,817042,4578943
6134,5,1,2026-07-24,23008,720,55,4776331,33935904
6135,6,3,2026-07-24,76191,2575,346,403765,2771279
6136,6,2,2026-07-24,24339,1974,316,2412234,11740864
6137,7,4,2026-07-24,107283,2881,516,2926764,11652565
6138,7,1,2026-07-24,114449,10021,1613,1633167,6451743
6139,7,2,2026-07-24,60562,2911,76,4059678,21697035
6140,8,3,2026-07-24,86143,7227,373,5622408,45552369
6141,8,2,2026-07-24,91596,5427,573,5666961,38175342
6142,9,6,2026-07-24,44634,842,89,4487649,24326509
6143,9,4,2026-07-24,22575,465,42,3135696,11197159
6144,9,5,2026-07-24,43287,3385,95,2322509,17408041
6145,10,1,2026-07-24,95167,6232,926,5319295,36107951
6146,10,3,2026-07-24,69624,6091,262,6996447,36883255
6147,10,6,2026-07-24,23031,940,46,3205438,13578357
6148,10,4,2026-07-24,13484,644,96,4761477,28833906
6149,1,5,2026-07-25,68621,6166,551,6372664,52389765
6150,1,2,2026-07-25,98005,6713,758,2976491,19930274
6151,2,5,2026-07-25,110504,6226,916,4589005,27347482
6152,2,1,2026-07-25,54981,3497,612,5555952,19437344
6153,3,5,2026-07-25,67666,5504,759,633292,2625111
6154,3,4,2026-07-25,90290,7289,556,4130307,29488895
6155,3,1,2026-07-25,35275,738,87,3380428,20190889
6156,4,1,2026-07-25,94350,5509,275,978428,6266639
6157,4,4,2026-07-25,46779,1576,209,6339083,18016753
6158,5,4,2026-07-25,69961,3565,74,4985790,28964805
6159,5,1,2026-07-25,106492,8804,973,5824926,34758568
6160,6,4,2026-07-25,54530,2881,382,3777945,12283892
6161,6,2,2026-07-25,14265,468,79,3029275,24148521
6162,6,3,2026-07-25,51976,1064,154,2457590,14290074
6163,6,5,2026-07-25,101973,4275,597,1666364,13166522
6164,7,3,2026-07-25,112103,8795,441,589985,4103331
6165,7,6,2026-07-25,85259,1709,114,5180786,25804578
6166,7,1,2026-07-25,91435,6094,228,6571816,44188864
6167,7,4,2026-07-25,18041,305,26,2888912,13161158
6168,8,2,2026-07-25,104131,4338,506,3111648,21482345
6169,8,4,2026-07-25,38005,755,43,1494223,4996682
6170,8,6,2026-07-25,39185,982,155,4384114,33142448
6171,8,5,2026-07-25,108133,8189,1301,631671,5342851
6172,9,6,2026-07-25,33374,2085,223,1473797,8246965
6173,9,2,2026-07-25,62848,1240,182,4715159,34873533
6174,10,6,2026-07-25,117816,4481,407,6020950,45817351
6175,10,5,2026-07-25,46963,3794,655,1306676,3820245
6176,10,2,2026-07-25,26132,1256,88,5176668,26083519
6177,10,4,2026-07-25,104276,8263,1343,2124165,6206770
6178,1,5,2026-07-26,18782,1546,277,4526756,22255794
6179,1,2,2026-07-26,36553,695,61,6732789,30337782
6180,1,6,2026-07-26,81213,6630,846,521014,1386161
6181,2,1,2026-07-26,97403,4510,485,3422433,23243727
6182,2,5,2026-07-26,93802,1670,45,868095,4778688
6183,2,6,2026-07-26,44918,929,56,4863179,14703643
6184,2,4,2026-07-26,10969,275,17,3845501,11059995
6185,3,5,2026-07-26,108879,6796,335,838807,3514008
6186,3,4,2026-07-26,84505,4905,774,390135,1466028
6187,3,6,2026-07-26,21824,1903,123,5704169,24917674
6188,3,3,2026-07-26,69956,2391,324,2873514,12449821
6189,4,1,2026-07-26,52346,1045,28,474572,2024226
6190,4,4,2026-07-26,56786,860,18,2751956,8704851
6191,5,2,2026-07-26,53023,2123,295,5091780,22000404
6192,5,3,2026-07-26,11202,773,109,1530954,10116230
6193,6,6,2026-07-26,83223,7241,635,6108682,32287544
6194,6,2,2026-07-26,91105,1947,156,6852373,20286662
6195,7,5,2026-07-26,77577,6436,976,4419700,22280220
6196,7,6,2026-07-26,101410,4852,385,833244,3171681
6197,7,4,2026-07-26,67964,3388,109,6925607,26168398
6198,7,3,2026-07-26,75391,1605,281,2172391,13443504
6199,8,6,2026-07-26,71411,3623,94,3330351,10661967
6200,8,2,2026-07-26,38149,1485,205,3738399,30192642
6201,8,1,2026-07-26,110970,8564,1055,6930068,36296022
6202,8,5,2026-07-26,99921,3172,121,4960044,39149478
6203,9,4,2026-07-26,91156,4120,287,5981904,16392215
6204,9,5,2026-07-26,87100,5446,202,4363944,31983986
6205,10,3,2026-07-26,18899,1370,145,3028724,11904568
6206,10,5,2026-07-26,56288,3885,98,2639814,19702073
6207,10,2,2026-07-26,83767,2457,141,1832600,9508169
6208,10,6,2026-07-26,93378,5347,322,3744179,14480322
6209,1,4,2026-07-27,23385,2064,285,5625822,16586164
6210,1,6,2026-07-27,51545,1535,167,2641302,9549543
6211,1,1,2026-07-27,95018,7805,604,5743207,26358187
6212,2,2,2026-07-27,42016,3582,558,4076346,28750747
6213,2,3,2026-07-27,72652,4948,635,4125478,21897643
6214,2,5,2026-07-27,70973,5719,606,5230970,42176117
6215,3,6,2026-07-27,109734,2517,422,6509811,17786073
6216,3,2,2026-07-27,107187,2731,345,2625589,6905259
6217,4,3,2026-07-27,107536,3014,254,6072055,31341267
6218,4,4,2026-07-27,92643,4806,628,2644520,8115159
6219,4,1,2026-07-27,8012,692,122,4930107,24971683
6220,4,5,2026-07-27,68370,1445,125,2593625,8801749
6221,5,2,2026-07-27,112967,9719,968,6135989,24866507
6222,5,3,2026-07-27,76907,3544,117,431463,3614785
6223,5,5,2026-07-27,70808,3521,509,2237185,8843871
6224,6,4,2026-07-27,91456,3386,493,544513,2875837
6225,6,1,2026-07-27,22642,862,69,3849594,27470960
6226,6,3,2026-07-27,79225,7081,1132,5813568,45653093
6227,7,6,2026-07-27,106685,2056,303,2209076,12327877
6228,7,1,2026-07-27,18251,1372,124,5289553,41100369
6229,7,2,2026-07-27,70563,5998,670,2490448,12262118
6230,7,3,2026-07-27,80184,2170,205,2669864,20372233
6231,8,1,2026-07-27,12757,280,24,2719378,10796926
6232,8,2,2026-07-27,37435,796,49,3297024,21879178
6233,9,1,2026-07-27,26764,1332,153,4281481,12164616
6234,9,5,2026-07-27,37208,1315,216,4161227,17164524
6235,9,6,2026-07-27,100530,7863,602,3498853,25668956
6236,10,3,2026-07-27,32523,1414,99,5747592,37534784
6237,10,1,2026-07-27,31935,774,117,2462872,7771160
6238,10,6,2026-07-27,13711,322,49,526651,3339212
6239,1,4,2026-07-28,69068,1566,215,5749367,34486689
6240,1,1,2026-07-28,11915,879,68,1378731,4907203
6241,2,3,2026-07-28,118326,5536,932,5786030,48706784
6242,2,6,2026-07-28,37026,2633,206,1979117,11604015
6243,2,2,2026-07-28,92788,2338,336,1305954,4234113
6244,2,5,2026-07-28,58655,1357,175,5904223,41841368
6245,3,6,2026-07-28,101280,2595,380,1015306,5790930
6246,3,5,2026-07-28,116544,8977,631,3979145,28168893
6247,3,3,2026-07-28,46514,2565,114,4745691,15487631
6248,3,2,2026-07-28,89037,5508,163,1193104,4913523
6249,4,5,2026-07-28,109735,3222,164,4957023,23410179
6250,4,3,2026-07-28,35145,2703,275,6118879,22869464
6251,4,1,2026-07-28,92774,6518,785,5709305,20144534
6252,4,4,2026-07-28,72878,1258,30,4459385,19607530
6253,5,6,2026-07-28,81796,5436,884,4083806,30015040
6254,5,5,2026-07-28,52279,1800,263,2772041,22099856
6255,5,1,2026-07-28,51940,1483,196,4270840,23293348
6256,6,3,2026-07-28,79120,3504,515,2357574,6373803
6257,6,6,2026-07-28,60985,2206,62,3947039,10073848
6258,6,5,2026-07-28,79488,4364,444,1438474,6963721
6259,7,4,2026-07-28,110673,4689,249,4180880,25345149
6260,7,2,2026-07-28,107912,8789,1578,3249738,25735564
6261,7,6,2026-07-28,118422,4354,647,473624,2840255
6262,7,5,2026-07-28,23312,561,90,2432079,6435630
6263,8,3,2026-07-28,111145,9817,1344,5358768,27385358
6264,8,6,2026-07-28,17134,1228,36,5454768,41601367
6265,9,2,2026-07-28,66437,1151,126,3631442,29825741
6266,9,3,2026-07-28,52260,3403,554,1173697,7910681
6267,10,2,2026-07-28,106430,2049,84,792557,5068012
6268,10,1,2026-07-28,35295,2513,443,6817835,40954249
6269,10,4,2026-07-28,37312,2445,282,4755724,19269908
6270,1,2,2026-07-29,25354,1684,99,1061730,7663725
6271,1,4,2026-07-29,70454,4182,260,3774053,25872840
6272,1,3,2026-07-29,49056,4144,285,6160694,43067810
6273,2,6,2026-07-29,115457,5684,574,1272865,4505693
6274,2,5,2026-07-29,100045,2949,110,6252812,48424847
6275,2,3,2026-07-29,94267,6560,822,1505673,7734180
6276,3,5,2026-07-29,22396,1763,298,2647632,20951797
6277,3,2,2026-07-29,26155,810,141,3606271,27678064
6278,4,4,2026-07-29,18416,913,152,2570156,17381843
6279,4,6,2026-07-29,105459,6852,1209,2633416,18092636
6280,5,3,2026-07-29,15586,424,34,4533235,13494219
6281,5,6,2026-07-29,21091,1842,140,1439653,9709159
6282,5,1,2026-07-29,110468,2744,370,1658411,4522762
6283,6,3,2026-07-29,108958,9367,975,6324422,51760569
6284,6,6,2026-07-29,62980,4628,758,4413506,23784891
6285,6,5,2026-07-29,40770,1169,140,2970476,19888142
6286,6,1,2026-07-29,33445,2785,157,5658232,47917741
6287,7,2,2026-07-29,73161,6383,748,6757018,47144329
6288,7,6,2026-07-29,29524,619,107,1304063,3581460
6289,7,4,2026-07-29,23081,1002,98,6646739,23202464
6290,8,2,2026-07-29,119977,6921,1010,6927619,55827386
6291,8,3,2026-07-29,49992,1561,155,3329899,26358226
6292,8,4,2026-07-29,67443,2269,397,3287152,11797887
6293,9,5,2026-07-29,77890,3815,94,5067619,42714256
6294,9,6,2026-07-29,11781,597,31,2254032,11951860
6295,9,2,2026-07-29,116410,8989,507,1392018,8594047
6296,9,1,2026-07-29,30266,2472,158,1018358,7080094
6297,10,3,2026-07-29,95482,4682,777,3429943,21057185
6298,10,1,2026-07-29,113718,9340,226,1553070,7721630
6299,10,2,2026-07-29,98871,1620,189,4260000,14502999
6300,10,6,2026-07-29,8606,491,59,1016315,7854556
6301,1,5,2026-07-30,115791,8272,535,1809846,7188463
6302,1,6,2026-07-30,89302,6025,670,6779576,18486655
6303,2,2,2026-07-30,111543,4415,526,6841144,53785214
6304,2,1,2026-07-30,72645,5021,860,1264587,6653579
6305,3,5,2026-07-30,26934,801,120,4920431,27823309
6306,3,1,2026-07-30,12430,926,146,5375181,22565313
6307,3,2,2026-07-30,13786,687,15,6971419,48140930
6308,4,2,2026-07-30,11170,539,64,3850032,21027910
6309,4,1,2026-07-30,50816,2727,395,3022454,13734184
6310,5,3,2026-07-30,103704,2309,170,2788698,17322494
6311,5,1,2026-07-30,62375,1758,104,3758635,23424367
6312,5,6,2026-07-30,93756,4172,380,4508606,22883390
6313,5,4,2026-07-30,49448,1128,187,2716192,19293199
6314,6,1,2026-07-30,108970,9542,535,4942611,20375129
6315,6,3,2026-07-30,91786,3606,98,6077861,24648777
6316,7,2,2026-07-30,119916,5270,663,2782139,17050741
6317,7,1,2026-07-30,31370,2489,409,1194386,6036987
6318,7,4,2026-07-30,98698,7048,566,2450920,20371832
6319,8,5,2026-07-30,78877,4204,645,6142441,48465263
6320,8,6,2026-07-30,52173,2867,262,5505921,16254899
6321,8,4,2026-07-30,103492,2220,184,3963760,20795397
6322,9,4,2026-07-30,17012,898,107,5778757,34524503
6323,9,3,2026-07-30,75513,4593,324,4112740,21946639
6324,10,2,2026-07-30,80365,2487,385,3916833,27195397
6325,10,3,2026-07-30,51710,3396,392,1534969,12368493
6326,1,2,2026-07-31,40442,1942,129,4347275,27255662
6327,1,4,2026-07-31,31333,1384,42,4569473,34399069
6328,1,1,2026-07-31,53925,2402,270,3924797,31004367
6329,2,2,2026-07-31,100061,2694,464,3171332,22700035
6330,2,1,2026-07-31,20441,522,42,4358133,36788522
6331,2,6,2026-07-31,14485,384,22,525350,3055120
6332,2,3,2026-07-31,49749,2454,247,5132737,23577527
6333,3,1,2026-07-31,97489,3691,274,3557799,17020313
6334,3,3,2026-07-31,5905,345,50,307047,2380464
6335,3,2,2026-07-31,48731,4081,611,2085577,10310229
6336,3,6,2026-07-31,84396,1558,268,558588,2074097
6337,4,1,2026-07-31,49351,3161,126,4625021,20530763
6338,4,2,2026-07-31,100980,8605,539,6001347,36682520
6339,4,4,2026-07-31,117605,5678,767,4000975,29600023
6340,5,6,2026-07-31,110023,2009,54,4483563,18535652
6341,5,4,2026-07-31,54457,1222,78,2310022,9205722
6342,6,1,2026-07-31,101109,6000,820,5840475,31709137
6343,6,6,2026-07-31,45484,3724,243,3550747,20803528
6344,6,3,2026-07-31,15806,1019,124,3500896,13759114
6345,7,4,2026-07-31,51895,4250,566,2825396,21175480
6346,7,6,2026-07-31,101869,4011,704,4507668,23091703
6347,7,2,2026-07-31,20982,1138,75,4823253,33022878
6348,7,1,2026-07-31,45318,907,42,4543834,21216460
6349,8,6,2026-07-31,37858,876,120,4520419,24877761
6350,8,1,2026-07-31,27691,1284,171,6054999,35916562
6351,9,6,2026-07-31,22872,694,38,5209275,39105963
6352,9,2,2026-07-31,73701,6064,914,1635592,5292837
6353,10,1,2026-07-31,112767,2731,430,1462763,9465397
6354,10,6,2026-07-31,5880,215,13,4590406,18597593
6355,10,4,2026-07-31,107310,4435,410,6969519,37620526
6356,10,3,2026-07-31,52628,4065,514,1226630,8469302
6357,1,6,2026-08-01,5926,220,19,5241699,39454004
6358,1,4,2026-08-01,80593,1719,61,6051415,44857664
6359,1,5,2026-08-01,45647,1953,243,4423421,35492428
6360,2,4,2026-08-01,99316,4715,396,2411478,12983271
6361,2,6,2026-08-01,56648,1048,80,370637,2038801
6362,2,3,2026-08-01,101651,8602,1341,1471706,8854803
6363,2,2,2026-08-01,45743,1816,129,1852273,5415412
6364,3,1,2026-08-01,74365,1864,203,4390709,37217444
6365,3,3,2026-08-01,66344,2789,386,1489028,5211103
6366,3,4,2026-08-01,61508,1277,168,3335127,22192101
6367,4,5,2026-08-01,107712,7104,875,3922155,28281610
6368,4,2,2026-08-01,41127,723,58,4317746,14413308
6369,4,4,2026-08-01,59379,4724,420,5200257,14168298
6370,5,1,2026-08-01,37397,716,24,6140968,22350120
6371,5,3,2026-08-01,79274,6068,353,466247,3674504
6372,6,1,2026-08-01,39451,2569,215,2410506,13283346
6373,6,5,2026-08-01,47386,1930,192,3416625,11276838
6374,7,3,2026-08-01,18676,761,48,3756678,23109868
6375,7,2,2026-08-01,38154,1563,208,4689611,17664477
6376,7,4,2026-08-01,14549,1241,214,4881917,18054858
6377,8,4,2026-08-01,50756,4449,768,5481039,27910311
6378,8,1,2026-08-01,119919,4024,715,4851735,32857352
6379,8,2,2026-08-01,80388,3348,541,4806345,24628570
6380,8,6,2026-08-01,37812,760,94,1481673,6611409
6381,9,4,2026-08-01,85573,6096,1090,6800445,50550275
6382,9,1,2026-08-01,101333,4804,298,3861536,31300178
6383,9,5,2026-08-01,45176,2825,246,1710298,10349811
6384,9,3,2026-08-01,56555,4248,549,4802000,20186376
6385,10,5,2026-08-01,68602,5999,559,3941554,21238349
6386,10,3,2026-08-01,100274,7809,1263,707783,2153596
6387,10,1,2026-08-01,5514,136,24,4447774,32820752
6388,1,1,2026-08-02,102151,6712,270,375735,1362879
6389,1,5,2026-08-02,91561,4492,162,1378826,4474566
6390,1,3,2026-08-02,117781,8848,1078,5099384,14017156
6391,1,4,2026-08-02,40915,3372,461,3510243,12388108
6392,2,6,2026-08-02,95259,2735,70,3577312,16167626
6393,2,3,2026-08-02,58481,1829,268,5346801,20172547
6394,2,4,2026-08-02,93881,3892,402,2715490,9861745
6395,3,4,2026-08-02,47340,1564,166,2619578,6776746
6396,3,2,2026-08-02,12032,760,53,5293740,37269545
6397,4,1,2026-08-02,13033,333,21,2795827,10170544
6398,4,3,2026-08-02,50419,942,61,421489,2975628
6399,4,2,2026-08-02,102731,6165,850,2369904,19314636
6400,5,1,2026-08-02,23312,813,16,6907998,25651262
6401,5,5,2026-08-02,8152,677,14,4361902,13422251
6402,5,4,2026-08-02,78041,2188,281,6193871,41107222
6403,5,6,2026-08-02,21936,1573,154,5581465,35489276
6404,6,4,2026-08-02,38718,1860,56,1367649,7061005
6405,6,3,2026-08-02,67366,5795,428,2900339,16951024
6406,6,5,2026-08-02,18990,695,118,1807638,14379442
6407,7,4,2026-08-02,94566,3170,173,6775165,40397629
6408,7,1,2026-08-02,119027,2923,182,4181168,28209573
6409,7,3,2026-08-02,114087,2899,89,793830,6431947
6410,8,2,2026-08-02,113856,9000,1096,5076423,14230407
6411,8,3,2026-08-02,25656,1294,202,4826443,40226458
6412,9,3,2026-08-02,111477,5404,271,6212759,48505450
6413,9,5,2026-08-02,79051,1600,65,5363976,41234494
6414,9,2,2026-08-02,33973,1655,62,5337478,16854973
6415,9,4,2026-08-02,62881,2577,151,6145329,44400457
6416,10,4,2026-08-02,110125,3144,460,1051386,5286930
6417,10,1,2026-08-02,93256,2706,130,6224019,30183864
6418,10,3,2026-08-02,90648,6265,451,1045265,2900766
6419,1,3,2026-08-03,37923,3061,253,2733546,10950258
6420,1,6,2026-08-03,112965,3053,441,6963760,34891351
6421,1,2,2026-08-03,17177,583,26,6676578,55972934
6422,1,4,2026-08-03,97739,1520,44,5578542,18975279
6423,2,4,2026-08-03,46830,1254,127,5561333,30829947
6424,2,5,2026-08-03,63463,5339,379,4346696,13642285
6425,2,2,2026-08-03,83850,7018,351,6596571,31220237
6426,3,1,2026-08-03,82070,1498,44,3848344,14509174
6427,3,6,2026-08-03,23417,952,130,3857848,24583489
6428,4,4,2026-08-03,57754,2467,212,4321785,15101142
6429,4,3,2026-08-03,91254,3484,327,533286,2105399
6430,4,5,2026-08-03,40942,3081,375,2147333,7736546
6431,5,4,2026-08-03,117154,9347,613,6769501,19566211
6432,5,3,2026-08-03,43887,3122,429,3092541,9978159
6433,5,6,2026-08-03,45974,2396,168,6644283,19320978
6434,6,3,2026-08-03,79564,5219,404,5050634,23564158
6435,6,1,2026-08-03,81010,3696,540,405755,1116090
6436,6,4,2026-08-03,88960,7482,1249,2218190,14932931
6437,6,2,2026-08-03,63681,4508,200,5076212,38366239
6438,7,3,2026-08-03,23307,503,55,1843601,15347188
6439,7,5,2026-08-03,21761,858,117,3139640,14501241
6440,7,6,2026-08-03,82053,5131,791,1960609,10232329
6441,7,4,2026-08-03,22099,712,59,678106,2806066
6442,8,2,2026-08-03,33049,638,75,4258282,11827083
6443,8,4,2026-08-03,15155,478,46,1801039,10881922
6444,8,3,2026-08-03,23709,572,68,1980373,9248781
6445,9,3,2026-08-03,84444,2234,261,3397750,9165851
6446,9,2,2026-08-03,98886,8819,1117,2863659,16914473
6447,10,5,2026-08-03,8352,413,36,5722491,37228743
6448,10,3,2026-08-03,111166,4405,513,4878250,25889001
6449,1,6,2026-08-04,103503,5424,505,5531994,14628159
6450,1,3,2026-08-04,62449,3305,230,3649056,18557820
6451,2,4,2026-08-04,95155,5438,484,6040189,44803016
6452,2,5,2026-08-04,94129,8243,1000,2064641,11579008
6453,2,3,2026-08-04,71264,1917,247,3286185,26067765
6454,3,5,2026-08-04,48960,2861,210,5611764,28412596
6455,3,3,2026-08-04,79824,4051,200,3490378,20570167
6456,4,2,2026-08-04,47912,2328,349,4392312,17438733
6457,4,6,2026-08-04,44868,3088,497,4832341,35857061
6458,5,6,2026-08-04,100375,6639,629,1914278,13755511
6459,5,2,2026-08-04,94120,3112,379,3910655,19542033
6460,5,4,2026-08-04,18809,346,12,2802004,17083739
6461,5,1,2026-08-04,102471,4506,484,3474487,26824893
6462,6,2,2026-08-04,104319,7345,757,4676987,38512057
6463,6,5,2026-08-04,85750,7505,476,2402018,14710979
6464,6,4,2026-08-04,38399,3137,441,6005770,48711875
6465,7,6,2026-08-04,73175,6350,758,3017987,15097562
6466,7,5,2026-08-04,16361,527,35,694683,5279984
6467,7,3,2026-08-04,75809,2432,303,1151417,6639968
6468,7,1,2026-08-04,76362,1303,108,6517649,23748252
6469,8,4,2026-08-04,110447,2776,425,2007006,10965794
6470,8,5,2026-08-04,69727,4196,610,5598561,46571008
6471,8,1,2026-08-04,77225,5832,201,5949296,46166219
6472,9,1,2026-08-04,55535,1728,173,3379152,12105079
6473,9,6,2026-08-04,5773,358,20,1133879,5309813
6474,10,1,2026-08-04,36767,2795,232,6674170,44145628
6475,10,2,2026-08-04,93983,1878,268,5279872,30728216
6476,1,2,2026-08-05,10963,315,12,5289580,42268164
6477,1,4,2026-08-05,68426,1987,304,1834548,11437582
6478,2,1,2026-08-05,106355,5236,637,3645821,28890551
6479,2,2,2026-08-05,96421,6430,136,347841,2310209
6480,2,6,2026-08-05,91003,5336,958,6580387,19577275
6481,2,3,2026-08-05,65675,2838,212,2083127,15467160
6482,3,3,2026-08-05,74415,2447,437,6877993,52845067
6483,3,6,2026-08-05,106989,5464,435,910107,3982352
6484,4,4,2026-08-05,20108,472,83,791424,6242321
6485,4,3,2026-08-05,95433,5385,117,4348616,14540856
6486,4,6,2026-08-05,29428,2441,378,746515,2074955
6487,4,5,2026-08-05,36118,2320,318,4659346,11918708
6488,5,6,2026-08-05,98506,5673,216,2018785,7078642
6489,5,2,2026-08-05,54864,3563,78,3442858,26395449
6490,5,3,2026-08-05,119089,8129,394,6154359,18195233
6491,5,4,2026-08-05,35596,904,124,3238556,11728150
6492,6,4,2026-08-05,24340,1561,41,1675948,5077363
6493,6,2,2026-08-05,19641,440,41,3205162,21965872
6494,6,3,2026-08-05,26708,1460,240,2104432,7375595
6495,7,4,2026-08-05,103212,7411,623,4540748,14371014
6496,7,1,2026-08-05,110277,5235,877,6966137,52078972
6497,7,5,2026-08-05,75387,3457,144,5314732,13511940
6498,8,1,2026-08-05,71479,3200,195,1720065,8761772
6499,8,3,2026-08-05,35652,2619,123,642220,3974539
6500,8,2,2026-08-05,44173,939,121,3135422,11765026
6501,9,3,2026-08-05,52318,3892,126,4678063,19582705
6502,9,1,2026-08-05,14733,288,21,4052716,17970194
6503,10,1,2026-08-05,70772,2759,296,3763324,30387039
6504,10,5,2026-08-05,63534,1249,181,4529600,18132080
6505,10,3,2026-08-05,64255,3903,108,358194,2097152
6506,1,2,2026-08-06,40730,2626,401,3149966,25522862
6507,1,1,2026-08-06,35447,1387,187,365250,1097672
6508,1,4,2026-08-06,26419,1271,117,5290743,44396768
6509,1,6,2026-08-06,36768,3115,130,1872010,11022857
6510,2,6,2026-08-06,35966,891,69,1054898,7393188
6511,2,5,2026-08-06,13285,1022,62,3883425,30571668
6512,3,5,2026-08-06,85996,5137,401,1799632,7769179
6513,3,1,2026-08-06,57589,2223,67,4234791,26798693
6514,3,6,2026-08-06,114041,4047,696,951290,6482176
6515,4,1,2026-08-06,75879,3139,470,3990427,23545282
6516,4,4,2026-08-06,71874,4076,702,5591158,36030444
6517,4,3,2026-08-06,26433,2169,315,2435877,18212451
6518,5,6,2026-08-06,45357,2839,303,973185,7921922
6519,5,5,2026-08-06,76094,6749,697,5144834,14789570
6520,5,1,2026-08-06,21291,478,67,2601622,19318803
6521,6,6,2026-08-06,109297,7338,692,3790440,29992672
6522,6,4,2026-08-06,81607,6490,264,5035321,24646059
6523,6,5,2026-08-06,8799,195,5,1585793,11482549
6524,7,4,2026-08-06,14843,1260,122,4214973,29716800
6525,7,3,2026-08-06,10258,253,11,2024997,11807176
6526,7,5,2026-08-06,37975,2574,195,2229404,9657782
6527,8,2,2026-08-06,22823,894,44,1547960,4420837
6528,8,4,2026-08-06,51309,3217,395,1831643,10426979
6529,8,5,2026-08-06,73699,4223,404,2277366,10622922
6530,8,3,2026-08-06,70802,3711,655,1737784,10802751
6531,9,2,2026-08-06,96827,4884,632,433347,1508244
6532,9,3,2026-08-06,38414,662,99,2335734,13902188
6533,10,6,2026-08-06,98568,5961,623,6723918,32306713
6534,10,4,2026-08-06,74955,2732,113,4116082,16426343
6535,10,2,2026-08-06,78038,2531,343,3595872,26164953
6536,1,2,2026-08-07,77492,5422,469,4108208,20259903
6537,1,6,2026-08-07,108420,9523,911,3097519,25832866
6538,1,1,2026-08-07,118576,3786,217,2915046,22940609
6539,2,6,2026-08-07,116686,2663,233,2362282,9735007
6540,2,2,2026-08-07,12746,302,39,1417300,4324461
6541,2,1,2026-08-07,57213,3817,232,6080046,51131333
6542,3,4,2026-08-07,57579,1603,254,4969139,24932856
6543,3,2,2026-08-07,33462,991,92,2676596,11122937
6544,4,3,2026-08-07,31658,1118,74,1535626,4613506
6545,4,1,2026-08-07,18795,940,58,5130693,20983816
6546,4,6,2026-08-07,79400,3170,388,1698385,12044700
6547,5,6,2026-08-07,74661,5143,250,5546738,39435379
6548,5,5,2026-08-07,54619,1792,67,3379353,9960866
6549,6,1,2026-08-07,103622,5371,632,2411205,15585462
6550,6,6,2026-08-07,42784,1213,139,4503600,38029223
6551,6,4,2026-08-07,27744,942,128,3011270,11402011
6552,6,2,2026-08-07,86496,5308,855,3442852,24403078
6553,7,1,2026-08-07,13015,648,96,2490186,11732520
6554,7,3,2026-08-07,90316,1864,195,2631690,14160181
6555,7,2,2026-08-07,79558,2252,292,2268037,6333039
6556,7,6,2026-08-07,66018,5014,547,2481670,11032738
6557,8,1,2026-08-07,99924,5269,223,3693208,30942263
6558,8,6,2026-08-07,36275,2564,270,6008904,44798502
6559,9,2,2026-08-07,102619,1904,287,895687,7188333
6560,9,3,2026-08-07,87824,4055,357,6477214,45085787
6561,9,6,2026-08-07,56020,1320,31,5290659,33119172
6562,10,6,2026-08-07,45568,2758,443,1533420,11184578
6563,10,4,2026-08-07,109307,2163,359,5314049,43758604
6564,1,1,2026-08-08,60671,1262,181,3972286,11921416
6565,1,4,2026-08-08,81193,1272,47,1681519,7416384
6566,1,3,2026-08-08,23191,1612,81,3783913,10461004
6567,1,6,2026-08-08,38334,2764,138,4331546,15118589
6568,2,5,2026-08-08,22519,528,25,4948833,23985331
6569,2,4,2026-08-08,15478,538,71,4896923,20920344
6570,2,2,2026-08-08,53749,954,89,3613747,25575064
6571,2,3,2026-08-08,85987,5188,632,4097175,22663645
6572,3,2,2026-08-08,89847,1802,60,2562293,8502942
6573,3,1,2026-08-08,56413,904,86,4396472,15464499
6574,3,5,2026-08-08,97478,7632,1272,868157,5912511
6575,4,5,2026-08-08,73002,4952,767,6506459,39649358
6576,4,3,2026-08-08,118657,7116,662,3015128,19472265
6577,4,2,2026-08-08,96426,4605,751,4408552,29598867
6578,5,5,2026-08-08,49566,1912,184,4236177,27367671
6579,5,2,2026-08-08,83750,5284,823,2053013,9936000
6580,5,6,2026-08-08,61957,1003,70,5549042,17192208
6581,5,1,2026-08-08,53361,3148,367,6421698,41971682
6582,6,3,2026-08-08,106171,3828,595,5079833,14396495
6583,6,1,2026-08-08,35983,1460,218,6524973,17307489
6584,7,5,2026-08-08,105597,5952,509,5607681,46448317
6585,7,3,2026-08-08,60775,4178,654,3816032,14382144
6586,8,6,2026-08-08,7240,600,43,986922,7187941
6587,8,4,2026-08-08,16412,316,31,1386581,6706225
6588,8,5,2026-08-08,91938,2322,161,5797895,24433915
6589,9,5,2026-08-08,119877,8856,1388,3196019,19158749
6590,9,1,2026-08-08,12980,683,121,5388057,33940529
6591,10,4,2026-08-08,49088,1316,84,2348263,12501628
6592,10,3,2026-08-08,64396,4654,796,3075386,8390895
6593,10,2,2026-08-08,63623,4403,382,6019385,48511531
6594,1,4,2026-08-09,119751,9517,1043,6587131,48042690
6595,1,2,2026-08-09,51218,3562,498,3070405,9077011
6596,1,6,2026-08-09,27352,2345,398,6545069,37993183
6597,2,4,2026-08-09,15786,1017,151,6783205,23872707
6598,2,6,2026-08-09,25682,2026,231,5622875,44683150
6599,2,1,2026-08-09,86417,3070,398,3891202,17380178
6600,3,2,2026-08-09,57089,2981,383,5205664,42692966
6601,3,5,2026-08-09,78890,4831,206,2179639,14142894
6602,4,3,2026-08-09,5120,99,6,1052258,4792963
6603,4,1,2026-08-09,98650,2087,84,1503783,7502529
6604,4,4,2026-08-09,101966,3975,644,2157037,16227258
6605,5,3,2026-08-09,84727,6804,544,2377503,10704128
6606,5,1,2026-08-09,85612,3109,97,1397573,9556739
6607,5,2,2026-08-09,103020,2840,179,4587602,21217671
6608,5,6,2026-08-09,7938,355,21,2510073,19605838
6609,6,1,2026-08-09,83488,4371,434,4065004,13672796
6610,6,5,2026-08-09,28535,1820,299,5360279,42124336
6611,7,6,2026-08-09,95641,5075,334,6271836,51596455
6612,7,2,2026-08-09,13645,696,103,3526191,9836726
6613,8,2,2026-08-09,13015,687,54,2660314,8036870
6614,8,6,2026-08-09,90210,3392,295,3906139,11036128
6615,9,6,2026-08-09,87635,5290,274,2166617,11542337
6616,9,1,2026-08-09,77525,4304,589,6039095,48017022
6617,10,5,2026-08-09,59460,3057,538,3766135,20683705
6618,10,2,2026-08-09,64989,4791,444,3789977,17253523
6619,1,4,2026-08-10,50690,1896,225,787986,2953500
6620,1,3,2026-08-10,71094,1657,120,6136875,24551855
6621,1,5,2026-08-10,51953,3785,512,1204951,9531711
6622,2,4,2026-08-10,31780,1845,146,2271652,16890894
6623,2,5,2026-08-10,75432,4629,648,1911792,12707461
6624,3,6,2026-08-10,31971,1355,188,885801,3869140
6625,3,1,2026-08-10,90829,4904,362,6888965,18400089
6626,4,2,2026-08-10,37820,616,25,6974328,35119348
6627,4,4,2026-08-10,55529,2665,359,2982896,18772713
6628,5,6,2026-08-10,45069,3430,330,1618576,5089085
6629,5,3,2026-08-10,60058,5221,574,2352553,16252761
6630,6,6,2026-08-10,96391,7798,1268,4105170,16402162
6631,6,2,2026-08-10,27841,1635,46,5054541,22559169
6632,6,4,2026-08-10,67650,5673,426,5892653,15918786
6633,7,6,2026-08-10,71485,4396,407,6745893,21384073
6634,7,3,2026-08-10,54052,3025,320,4752016,40003343
6635,8,5,2026-08-10,51954,4487,365,6383657,28744847
6636,8,1,2026-08-10,81333,1630,216,5198752,21615324
6637,8,3,2026-08-10,114603,8737,1092,2759589,23430623
6638,8,4,2026-08-10,61696,2088,149,2298640,17120267
6639,9,1,2026-08-10,14509,1271,59,1610392,13478593
6640,9,3,2026-08-10,116911,8219,658,4815964,22600689
6641,10,4,2026-08-10,70812,4184,593,5325751,35282891
6642,10,1,2026-08-10,105204,1933,314,2827161,13441745
6643,10,5,2026-08-10,10700,761,90,6620180,25627111
6644,1,2,2026-08-11,102373,2519,253,533697,1517713
6645,1,3,2026-08-11,95595,3653,117,4356376,34423447
6646,1,1,2026-08-11,9253,713,70,2563663,17192746
6647,2,1,2026-08-11,59212,1322,166,405502,2830064
6648,2,2,2026-08-11,81992,5030,745,6555854,19843369
6649,2,6,2026-08-11,40152,1656,118,1788868,9707783
6650,3,6,2026-08-11,118928,2903,318,3652193,19865429
6651,3,2,2026-08-11,70814,2859,98,3278432,21573167
6652,3,5,2026-08-11,60430,5018,414,4562170,13328006
6653,4,6,2026-08-11,95776,3771,579,5981965,29900257
6654,4,4,2026-08-11,117670,5483,600,5184410,40692015
6655,4,1,2026-08-11,10655,611,53,6560157,25807000
6656,5,4,2026-08-11,79537,6458,453,6135136,30552510
6657,5,1,2026-08-11,118196,9808,539,5224216,23536802
6658,5,3,2026-08-11,29625,860,53,3415949,27623542
6659,6,2,2026-08-11,57964,1162,47,1519068,9642184
6660,6,3,2026-08-11,61315,5074,467,6499816,51035824
6661,6,4,2026-08-11,78143,6092,803,3553376,21243514
6662,6,5,2026-08-11,77541,2932,284,6622194,49425828
6663,7,5,2026-08-11,79927,3745,209,3215079,11163455
6664,7,4,2026-08-11,87178,1640,218,3560493,21093147
6665,7,2,2026-08-11,113891,10158,496,3215415,23736906
6666,7,1,2026-08-11,100915,2108,126,2271831,5738523
6667,8,2,2026-08-11,41905,1902,317,6726940,17220218
6668,8,4,2026-08-11,68944,3053,536,6617844,40604655
6669,9,5,2026-08-11,94413,6030,927,3343561,21746994
6670,9,4,2026-08-11,34651,2630,54,6911203,23494189
6671,9,2,2026-08-11,30250,481,24,3799548,20223852
6672,9,6,2026-08-11,89039,6256,615,3434935,16657914
6673,10,3,2026-08-11,5244,393,63,6255368,16964610
6674,10,2,2026-08-11,117085,8293,787,454905,1732282
6675,10,6,2026-08-11,21706,827,85,6251283,32299975
6676,10,1,2026-08-11,118360,7942,642,6575934,47759815
6677,1,6,2026-08-12,108159,4392,378,1272540,7432570
6678,1,2,2026-08-12,95505,6824,150,2337046,17548475
6679,2,1,2026-08-12,92319,8204,1432,5847523,16973278
6680,2,4,2026-08-12,48888,1466,181,5875285,45520105
6681,2,3,2026-08-12,98083,2228,278,1672201,9222355
6682,2,5,2026-08-12,15302,765,112,551826,4059913
6683,3,6,2026-08-12,60561,2656,150,5760410,39287448
6684,3,4,2026-08-12,85829,3242,155,917717,5873631
6685,4,4,2026-08-12,81220,4357,321,1914762,7096700
6686,4,3,2026-08-12,94636,4906,136,1751502,11397125
6687,5,3,2026-08-12,52346,1643,199,1960402,12738237
6688,5,1,2026-08-12,19110,1232,55,2404982,16685372
6689,5,2,2026-08-12,21533,1688,154,6076922,27225425
6690,5,4,2026-08-12,64195,4961,561,3171450,8831275
6691,6,2,2026-08-12,70709,3472,103,6924369,20096968
6692,6,1,2026-08-12,96882,7688,643,1573078,6613585
6693,6,3,2026-08-12,116976,7216,1062,5363636,15734193
6694,6,6,2026-08-12,51601,1393,189,4539029,17828185
6695,7,2,2026-08-12,20834,744,70,4466216,22250400
6696,7,1,2026-08-12,80280,1741,146,1012178,5009529
6697,7,5,2026-08-12,51143,2456,378,1454826,8072631
6698,7,6,2026-08-12,26826,2331,308,6598786,31808618
6699,8,6,2026-08-12,78866,5124,121,1399245,8222437
6700,8,3,2026-08-12,78649,6228,702,2787244,10140749
6701,8,5,2026-08-12,116733,8270,504,2983011,15655170
6702,8,4,2026-08-12,114268,8645,739,3614237,10701558
6703,9,5,2026-08-12,115656,5524,663,438041,3137101
6704,9,6,2026-08-12,9451,642,72,1058363,7074772
6705,10,3,2026-08-12,29577,757,40,6146574,39381326
6706,10,4,2026-08-12,102156,7541,590,6648437,40202542
6707,10,5,2026-08-12,29676,1298,29,1281654,7657934
6708,10,6,2026-08-12,42326,910,110,557454,2781924
6709,1,5,2026-08-13,92995,2997,76,4754794,25943751
6710,1,3,2026-08-13,10451,936,84,306015,1993273
6711,2,2,2026-08-13,77165,6596,237,859448,2963084
6712,2,6,2026-08-13,104398,8714,1035,3622039,27580244
6713,3,2,2026-08-13,7287,218,19,2776636,19842031
6714,3,4,2026-08-13,70966,2255,368,3333297,16743699
6715,3,6,2026-08-13,5125,253,9,5575818,37241539
6716,4,4,2026-08-13,110582,4039,637,1925600,11618530
6717,4,3,2026-08-13,69109,3515,248,3580729,26541094
6718,4,6,2026-08-13,31375,1884,60,2407701,16504354
6719,5,5,2026-08-13,40461,3604,587,5784492,32948928
6720,5,3,2026-08-13,102814,8998,1214,720086,5062434
6721,6,5,2026-08-13,116389,3149,169,1092887,3627937
6722,6,4,2026-08-13,82305,6177,541,3819634,12477519
6723,6,1,2026-08-13,40667,3612,521,708555,4689588
6724,6,6,2026-08-13,78865,3121,88,418525,3179323
6725,7,4,2026-08-13,84743,6276,897,409019,1122884
6726,7,1,2026-08-13,14219,1190,151,592948,3085978
6727,7,3,2026-08-13,73033,3869,275,3592430,18487246
6728,8,2,2026-08-13,36983,2897,407,2245965,16668850
6729,8,3,2026-08-13,88391,7752,842,2617725,8187738
6730,8,4,2026-08-13,19065,1107,78,5125465,24437081
6731,8,6,2026-08-13,13871,752,32,1987182,16402876
6732,9,3,2026-08-13,90818,6763,324,5586993,16239063
6733,9,2,2026-08-13,16349,1430,161,651059,2394538
6734,9,6,2026-08-13,51317,3083,485,420800,2510888
6735,10,6,2026-08-13,42052,829,40,5037189,26147465
6736,10,5,2026-08-13,86901,6115,699,6412761,42320685
6737,1,2,2026-08-14,76072,5190,667,4228051,20443190
6738,1,5,2026-08-14,61387,1087,131,1686793,12734039
6739,2,5,2026-08-14,107380,9253,643,5733013,21640488
6740,2,3,2026-08-14,85202,6505,619,2127604,12132701
6741,2,1,2026-08-14,42587,1565,206,1930950,5074697
6742,2,4,2026-08-14,18096,964,82,1651236,10969963
6743,3,6,2026-08-14,6117,174,24,2333028,12968827
6744,3,2,2026-08-14,5578,281,21,2891386,16930344
6745,3,4,2026-08-14,77211,3044,169,1184490,3513285
6746,3,3,2026-08-14,66591,3542,102,3971808,29690257
6747,4,4,2026-08-14,82714,2088,277,5877526,34395850
6748,4,6,2026-08-14,84531,2122,53,2209824,6307838
6749,4,1,2026-08-14,25458,1395,247,4023795,17775269
6750,5,3,2026-08-14,70992,4388,725,2298393,15117572
6751,5,1,2026-08-14,6695,205,4,3973423,21586891
6752,5,6,2026-08-14,68199,1589,253,1723946,7064266
6753,6,4,2026-08-14,49774,3548,335,1888323,15183196
6754,6,2,2026-08-14,41936,2441,210,2470666,16524014
6755,6,6,2026-08-14,17418,1168,81,2219980,11578628
6756,6,5,2026-08-14,105337,2983,271,2820343,23508606
6757,7,6,2026-08-14,117206,4598,621,5791980,43797808
6758,7,5,2026-08-14,84107,4878,135,1243734,9201432
6759,7,2,2026-08-14,52880,4554,646,1164242,8631233
6760,8,6,2026-08-14,37722,2793,298,3188356,9397380
6761,8,4,2026-08-14,65286,3074,423,4447708,37623701
6762,8,5,2026-08-14,90066,3838,482,6599058,50772852
6763,9,1,2026-08-14,101368,3113,95,5189657,19928471
6764,9,5,2026-08-14,61874,2429,72,6670327,36081181
6765,9,2,2026-08-14,71734,6203,175,5547956,23829421
6766,9,3,2026-08-14,102720,8474,680,6072625,23964213
6767,10,5,2026-08-14,24756,824,98,3316254,11044585
6768,10,6,2026-08-14,105834,4135,118,947016,4167584
6769,1,6,2026-08-15,57747,1699,181,5667335,21055161
6770,1,4,2026-08-15,26782,2333,418,6499060,50323110
6771,1,2,2026-08-15,24050,1197,96,5879200,33229287
6772,2,4,2026-08-15,65646,5704,343,3806158,26034251
6773,2,2,2026-08-15,28575,2470,443,5606594,29806658
6774,2,6,2026-08-15,32409,2150,161,2641337,14045317
6775,2,3,2026-08-15,104277,5035,801,1855422,9238607
6776,3,5,2026-08-15,21102,1577,70,6372546,37798551
6777,3,2,2026-08-15,41768,909,133,1773886,14366623
6778,4,2,2026-08-15,29304,1205,156,2403073,18516274
6779,4,6,2026-08-15,17424,1452,112,3166605,14909459
6780,4,1,2026-08-15,13444,1051,124,2970073,17026339
6781,4,5,2026-08-15,74446,6073,1011,1017546,4139044
6782,5,1,2026-08-15,50502,2281,55,1629706,9013118
6783,5,2,2026-08-15,61504,3112,224,2839773,21941424
6784,6,3,2026-08-15,80965,6153,661,3490215,16270464
6785,6,4,2026-08-15,18141,852,125,5200736,35275301
6786,7,2,2026-08-15,107165,7548,593,4699900,23532200
6787,7,1,2026-08-15,116468,6463,1067,2931747,14118144
6788,7,6,2026-08-15,86934,2675,241,723950,4786276
6789,7,5,2026-08-15,73662,5657,966,1766655,6652167
6790,8,2,2026-08-15,73244,4383,544,2728332,13287963
6791,8,3,2026-08-15,119703,7760,643,954597,4658198
6792,8,4,2026-08-15,36992,600,65,3550123,9767390
6793,8,1,2026-08-15,66484,1783,148,1577156,8808253
6794,9,2,2026-08-15,96881,7924,553,711893,3981902
6795,9,6,2026-08-15,111160,4034,652,4491030,18807203
6796,10,6,2026-08-15,61768,4665,272,5769354,38909599
6797,10,1,2026-08-15,117518,10552,269,1097062,3144594
6798,1,1,2026-08-16,105742,4562,221,6606032,55005561
6799,1,4,2026-08-16,73702,2620,403,2867141,8412831
6800,1,5,2026-08-16,103321,1570,191,4106035,25424275
6801,1,6,2026-08-16,116874,10091,447,5122922,23626772
6802,2,6,2026-08-16,72036,2767,244,605220,2902573
6803,2,1,2026-08-16,106467,4907,132,5835007,42258815
6804,3,4,2026-08-16,43822,2033,46,1171608,6037513
6805,3,1,2026-08-16,85279,5501,285,5620076,35100507
6806,4,4,2026-08-16,14514,1267,109,5555349,30274645
6807,4,2,2026-08-16,76348,2793,496,2152614,16338813
6808,4,3,2026-08-16,24333,2024,179,769580,5963560
6809,4,5,2026-08-16,94560,3360,549,6794350,38381222
6810,5,3,2026-08-16,102325,3486,535,4166435,12322595
6811,5,6,2026-08-16,13869,876,19,4192773,29499079
6812,6,5,2026-08-16,36966,2387,57,3202935,20281509
6813,6,3,2026-08-16,103176,1783,157,4028791,12351127
6814,6,1,2026-08-16,75895,3072,518,5811803,21475791
6815,6,4,2026-08-16,20998,1101,36,4117501,24496932
6816,7,3,2026-08-16,27374,1566,231,4933894,32909081
6817,7,6,2026-08-16,43365,3101,349,1613774,4090464
6818,7,1,2026-08-16,107629,3066,531,4904290,14385997
6819,8,2,2026-08-16,19504,1528,243,4893125,12338076
6820,8,1,2026-08-16,111869,3003,351,1694560,7633969
6821,8,3,2026-08-16,10962,864,122,4303265,29778674
6822,8,5,2026-08-16,98382,2478,346,5334364,15363672
6823,9,3,2026-08-16,112260,9802,1372,3364985,9337715
6824,9,2,2026-08-16,104046,2874,172,3633911,26834626
6825,9,1,2026-08-16,108327,9531,1046,4543195,37534499
6826,9,4,2026-08-16,43756,811,134,5997293,45211938
6827,10,6,2026-08-16,38671,1190,134,2531513,8673366
6828,10,4,2026-08-16,100858,5765,444,4700203,12290778
6829,10,3,2026-08-16,34460,3063,317,5673454,22852451
6830,1,3,2026-08-17,58931,3780,577,5255847,33601140
6831,1,5,2026-08-17,72546,2825,65,780047,5478810
6832,2,6,2026-08-17,91611,2101,238,2942017,9436550
6833,2,5,2026-08-17,21417,1785,168,1729380,5410600
6834,2,4,2026-08-17,85516,1616,97,2457177,13079852
6835,3,2,2026-08-17,14400,725,70,2409100,18368568
6836,3,5,2026-08-17,6295,108,14,3290914,16016574
6837,3,1,2026-08-17,94076,7688,999,4745603,23143204
6838,3,3,2026-08-17,93369,7937,1116,4316992,18401732
6839,4,5,2026-08-17,54419,4675,424,2138127,10396745
6840,4,4,2026-08-17,100631,1947,129,6968339,37070035
6841,4,6,2026-08-17,18570,484,52,4856953,12188196
6842,5,5,2026-08-17,70676,4449,342,1413661,10239291
6843,5,6,2026-08-17,93916,8058,967,339821,1473741
6844,5,2,2026-08-17,81135,2720,213,3673510,9585242
6845,6,5,2026-08-17,62823,2702,352,3911789,19607506
6846,6,3,2026-08-17,42967,3696,627,2120566,13780787
6847,6,4,2026-08-17,17929,843,70,4689253,13678481
6848,7,2,2026-08-17,37570,1516,148,2545059,8756001
6849,7,3,2026-08-17,113785,9209,943,6640662,41037024
6850,7,1,2026-08-17,6497,199,23,3302250,13017391
6851,8,2,2026-08-17,73408,4698,831,1878786,6735527
6852,8,4,2026-08-17,110617,6295,597,2285917,9696125
6853,8,1,2026-08-17,118387,2043,68,5495914,40439375
6854,9,6,2026-08-17,48128,1704,167,5936827,45811939
6855,9,3,2026-08-17,63920,5063,131,6682481,40300586
6856,9,4,2026-08-17,85734,1542,273,4148869,23665383
6857,10,3,2026-08-17,80361,4094,377,5413686,26038076
6858,10,6,2026-08-17,107209,9081,1145,6787036,44950571
6859,10,4,2026-08-17,7783,317,16,3667739,21084396
6860,10,2,2026-08-17,116269,8103,287,729315,4093887
6861,1,1,2026-08-18,93398,4881,787,3901351,24381091
6862,1,3,2026-08-18,41426,3387,84,6284513,50096652
6863,1,6,2026-08-18,110528,2520,326,5838461,42375262
6864,1,5,2026-08-18,64810,4188,621,5982695,40762813
6865,2,5,2026-08-18,71361,3546,202,2374058,10325292
6866,2,1,2026-08-18,14193,339,21,3083454,15842546
6867,2,4,2026-08-18,77867,6524,568,1225904,9985399
6868,2,2,2026-08-18,55467,2195,211,1640608,9507816
6869,3,5,2026-08-18,115233,8384,1294,1694575,12873647
6870,3,2,2026-08-18,104370,5966,731,4779751,26543616
6871,4,2,2026-08-18,57996,982,102,1138194,7755945
6872,4,3,2026-08-18,50570,3327,364,3107956,24099112
6873,4,1,2026-08-18,30336,1513,85,6223676,45238688
6874,4,5,2026-08-18,33115,1628,141,1340008,7608128
6875,5,5,2026-08-18,7857,408,16,6602999,41159935
6876,5,4,2026-08-18,38482,1313,175,1100928,4542319
6877,5,6,2026-08-18,45032,683,20,6459208,26678928
6878,6,3,2026-08-18,24529,806,127,1332111,3737233
6879,6,4,2026-08-18,60418,2321,334,4029012,28655889
6880,6,1,2026-08-18,84595,4354,494,4696088,32607313
6881,7,6,2026-08-18,70968,4586,334,6944023,30088622
6882,7,5,2026-08-18,64434,5431,753,2469487,20914915
6883,8,4,2026-08-18,20061,1500,184,5304289,28551096
6884,8,5,2026-08-18,30546,2319,197,2998639,25340679
6885,8,2,2026-08-18,63373,4433,348,4170854,31356029
6886,8,6,2026-08-18,97044,8576,1086,6398842,25341496
6887,9,4,2026-08-18,47285,1374,156,6137279,20604387
6888,9,1,2026-08-18,89876,6160,177,3908479,26027388
6889,9,5,2026-08-18,69954,3460,378,1936110,13142880
6890,9,3,2026-08-18,5265,382,14,2728298,22018237
6891,10,1,2026-08-18,50900,2202,323,692095,2949087
6892,10,3,2026-08-18,31342,2586,220,3628983,27508905
6893,10,6,2026-08-18,65928,2730,264,305014,1563779
6894,10,4,2026-08-18,25414,2061,231,6227596,43032012
6895,1,1,2026-08-19,32917,2323,167,3742976,28970917
6896,1,4,2026-08-19,104755,3893,700,4146337,14278761
6897,1,5,2026-08-19,99463,6023,143,2767168,10415496
6898,2,6,2026-08-19,58372,2897,120,1708866,12968783
6899,2,1,2026-08-19,62462,1099,151,2917336,11609387
6900,2,4,2026-08-19,14419,644,114,2247285,13365329
6901,2,3,2026-08-19,46755,2490,446,2587650,20221813
6902,3,3,2026-08-19,12101,931,75,4220777,35593711
6903,3,4,2026-08-19,72157,1935,240,6021478,22429923
6904,4,1,2026-08-19,98064,7321,557,5862683,43259845
6905,4,4,2026-08-19,56494,4704,272,547562,3673828
6906,4,6,2026-08-19,119143,10639,598,1433016,4912914
6907,4,2,2026-08-19,106030,6934,1043,6274476,31948112
6908,5,4,2026-08-19,42550,2731,196,6473038,40841952
6909,5,6,2026-08-19,41400,1107,194,1255624,8349443
6910,5,3,2026-08-19,58985,5210,335,3109680,11947332
6911,6,5,2026-08-19,14604,729,92,3367655,19613637
6912,6,4,2026-08-19,13884,457,79,568621,4674876
6913,7,2,2026-08-19,34304,1487,221,4980190,35076713
6914,7,6,2026-08-19,90657,5168,348,3087102,23131509
6915,7,1,2026-08-19,22482,1026,72,553104,2844505
6916,8,3,2026-08-19,52732,4603,207,3432990,9326429
6917,8,6,2026-08-19,57229,3140,509,2539225,10755554
6918,8,4,2026-08-19,21607,1575,118,5950819,35824371
6919,8,1,2026-08-19,114755,9044,1191,5243629,26764076
6920,9,3,2026-08-19,57054,3409,545,2367868,10375640
6921,9,5,2026-08-19,8270,145,17,3107886,20179728
6922,10,3,2026-08-19,68251,5120,881,6635828,34376346
6923,10,1,2026-08-19,52609,1087,123,4281417,33245065
6924,1,5,2026-08-20,13770,1069,50,1959984,8041244
6925,1,3,2026-08-20,118810,4020,638,4745629,30268543
6926,1,2,2026-08-20,92692,1850,331,3849307,25506688
6927,2,2,2026-08-20,59640,4308,359,6031459,28711204
6928,2,3,2026-08-20,46922,1227,161,3919941,27910481
6929,3,2,2026-08-20,21712,1704,249,6790941,35298721
6930,3,6,2026-08-20,102184,6717,236,320225,1006552
6931,4,6,2026-08-20,99442,4793,567,4789952,19805577
6932,4,1,2026-08-20,106501,8307,965,5822186,23326132
6933,4,2,2026-08-20,63646,4620,793,4945638,32127644
6934,4,3,2026-08-20,118315,7523,1135,1301481,9574974
6935,5,5,2026-08-20,103838,8768,525,6405465,16559601
6936,5,1,2026-08-20,116631,1907,195,5272514,32416218
6937,5,4,2026-08-20,6562,260,32,4560305,12544500
6938,6,3,2026-08-20,30243,945,126,511075,2320023
6939,6,1,2026-08-20,9368,528,73,6129060,41863169
6940,7,3,2026-08-20,98087,3099,536,4647087,31711484
6941,7,4,2026-08-20,91152,4321,640,5251786,14328021
6942,8,1,2026-08-20,13976,311,41,5068048,21897840
6943,8,2,2026-08-20,7888,644,111,929869,3221605
6944,9,4,2026-08-20,106682,3666,369,1550174,10438741
6945,9,6,2026-08-20,99907,6947,768,1895059,9246436
6946,9,5,2026-08-20,25800,486,73,2543752,15851044
6947,10,3,2026-08-20,14810,1163,95,5154696,17483763
6948,10,5,2026-08-20,37072,1179,160,2478660,17277555
6949,10,6,2026-08-20,53423,2473,321,4456020,30267977
6950,10,4,2026-08-20,119255,2861,249,3273114,17824763
6951,1,6,2026-08-21,42409,3753,449,781005,3373346
6952,1,1,2026-08-21,70707,4082,573,2738582,17514523
6953,1,2,2026-08-21,57158,2017,53,3534808,11894656
6954,1,5,2026-08-21,99910,6792,748,3009201,10954037
6955,2,2,2026-08-21,8010,403,17,2575123,20240655
6956,2,6,2026-08-21,77428,6489,530,1088740,8711144
6957,3,1,2026-08-21,111790,8717,1261,4410480,17676200
6958,3,2,2026-08-21,76314,3416,343,411745,2728624
6959,3,3,2026-08-21,117098,6182,693,2919695,22794274
6960,4,5,2026-08-21,53364,1886,283,2642549,19931149
6961,4,2,2026-08-21,93516,5884,602,3260090,19194076
6962,5,1,2026-08-21,61802,3763,299,5444101,20017236
6963,5,5,2026-08-21,53556,3471,401,1491783,12249380
6964,5,2,2026-08-21,62093,4136,174,3775551,21646121
6965,5,6,2026-08-21,15866,1197,113,2235217,17735663
6966,6,5,2026-08-21,85350,6014,797,3188931,26441058
6967,6,2,2026-08-21,88201,7872,1209,6578025,47193910
6968,7,2,2026-08-21,72360,1181,186,4470258,13339224
6969,7,6,2026-08-21,8504,395,43,3343845,25765267
6970,8,2,2026-08-21,91578,6582,433,4115401,15800090
6971,8,4,2026-08-21,52809,3433,221,5690002,23848200
6972,9,5,2026-08-21,9017,637,31,2299285,15901248
6973,9,1,2026-08-21,21213,1633,145,5861477,40974586
6974,10,5,2026-08-21,60316,3798,659,2455935,13075804
6975,10,1,2026-08-21,89659,5613,786,6276299,50588889
6976,10,4,2026-08-21,15416,996,29,312891,1817216
6977,1,3,2026-08-22,27730,1235,181,5688933,32868055
6978,1,2,2026-08-22,66443,4542,661,6616077,30266928
6979,1,4,2026-08-22,34057,992,167,2669792,8956624
6980,1,6,2026-08-22,47533,1467,82,5467091,17921292
6981,2,2,2026-08-22,67507,3296,161,4126780,16562933
6982,2,3,2026-08-22,63445,4160,115,1194651,7705756
6983,2,4,2026-08-22,73310,3989,299,1082107,3353281
6984,3,5,2026-08-22,9567,306,24,4756404,18463207
6985,3,3,2026-08-22,113410,5071,722,4403592,25329991
6986,3,4,2026-08-22,71256,5735,276,6874745,17839187
6987,4,6,2026-08-22,95185,5895,952,6774815,39718539
6988,4,3,2026-08-22,53300,3451,506,2909472,15078174
6989,4,4,2026-08-22,67233,1290,104,6185133,50798975
6990,4,2,2026-08-22,113710,3790,433,4714291,21412300
6991,5,6,2026-08-22,24688,2204,373,2904550,14359555
6992,5,1,2026-08-22,116696,5423,685,5714059,30542816
6993,6,4,2026-08-22,73857,4788,148,6689722,39583351
6994,6,6,2026-08-22,108205,5149,694,6560353,52594666
6995,6,5,2026-08-22,119440,3805,425,5487517,37380308
6996,7,3,2026-08-22,13472,318,34,6577384,33737804
6997,7,5,2026-08-22,35101,3034,221,5587881,15701690
6998,7,2,2026-08-22,86103,3104,168,4388739,26006279
6999,7,6,2026-08-22,23040,1038,53,6859369,41159490
7000,8,3,2026-08-22,93993,4686,158,4315549,25132598
7001,8,5,2026-08-22,87793,2328,368,1433681,3759042
7002,8,4,2026-08-22,77108,5309,210,6918563,18548319
7003,9,3,2026-08-22,59554,3556,295,2982146,8990692
7004,9,2,2026-08-22,69021,2709,201,2425321,18680415
7005,9,4,2026-08-22,105560,7558,202,6166026,30122461
7006,9,6,2026-08-22,17865,1115,162,417609,2707275
7007,10,1,2026-08-22,87727,7501,767,4357967,34433453
7008,10,3,2026-08-22,40769,1090,52,5948783,46988507
7009,1,6,2026-08-23,60514,2494,312,5493862,23538264
7010,1,5,2026-08-23,72669,2171,59,3196848,10197312
7011,1,4,2026-08-23,21291,1255,56,3084073,8893466
7012,2,2,2026-08-23,47932,1553,138,3430112,22477795
7013,2,3,2026-08-23,94108,4828,439,2402946,19029418
7014,2,6,2026-08-23,108155,8280,679,6751172,30439944
7015,2,1,2026-08-23,116962,5983,165,5883590,17165924
7016,3,6,2026-08-23,83546,1830,36,4304579,12698823
7017,3,5,2026-08-23,94879,5890,935,550367,4531406
7018,3,4,2026-08-23,59124,1265,158,5135371,31212680
7019,4,3,2026-08-23,97796,8650,1009,4473635,33530565
7020,4,4,2026-08-23,40776,2062,303,6591290,20041572
7021,4,5,2026-08-23,20690,1475,69,6742841,26172879
7022,5,4,2026-08-23,107581,9598,269,1588821,7292035
7023,5,5,2026-08-23,30850,1357,241,5105176,24148960
7024,5,2,2026-08-23,23927,1944,140,4037034,27717795
7025,6,4,2026-08-23,100590,1588,278,6669222,20419154
7026,6,2,2026-08-23,12259,791,38,6076168,23356693
7027,6,3,2026-08-23,83038,3098,290,3538061,14534980
7028,7,4,2026-08-23,54660,1181,138,5660412,40936385
7029,7,1,2026-08-23,31818,2043,259,2284200,7181297
7030,7,2,2026-08-23,80118,3574,563,4002709,18022096
7031,7,3,2026-08-23,96492,3604,200,6692568,18267358
7032,8,1,2026-08-23,56543,4616,388,438494,1258471
7033,8,5,2026-08-23,56624,1702,73,1290864,9365545
7034,8,3,2026-08-23,12053,505,16,2472454,7019095
7035,9,4,2026-08-23,19168,417,57,3352997,23775721
7036,9,1,2026-08-23,103794,3078,520,6419238,34397585
7037,9,3,2026-08-23,87810,7860,950,5369672,26814508
7038,9,6,2026-08-23,25983,1330,160,1668922,11836879
7039,10,3,2026-08-23,65399,3280,97,3324445,14259195
7040,10,5,2026-08-23,82689,4866,697,4277905,12983572
7041,10,4,2026-08-23,28874,1934,323,3522740,21678605
7042,10,2,2026-08-23,83816,7106,512,6203928,35949019
7043,1,1,2026-08-24,80219,2691,387,1179706,4450875
7044,1,6,2026-08-24,21867,969,108,4250741,31422433
7045,1,2,2026-08-24,60141,991,30,3945343,27803099
7046,2,3,2026-08-24,68180,1450,60,5396315,45571634
7047,2,1,2026-08-24,73983,2585,341,5720277,27151068
7048,2,6,2026-08-24,99690,5909,871,6615684,19912154
7049,2,2,2026-08-24,62112,4036,666,3118543,18236771
7050,3,2,2026-08-24,95796,4085,658,6094878,35233106
7051,3,6,2026-08-24,77924,4034,97,3967324,14559110
7052,4,2,2026-08-24,34202,2558,197,1505607,8670801
7053,4,6,2026-08-24,62518,3409,339,3442073,23602976
7054,4,5,2026-08-24,30413,1256,207,5743521,28485821
7055,4,3,2026-08-24,68494,5872,503,5871619,25593312
7056,5,4,2026-08-24,93590,3930,99,6041568,20573613
7057,5,3,2026-08-24,73147,2443,345,1330991,11303126
7058,5,6,2026-08-24,51323,3564,99,4882955,13646424
7059,5,2,2026-08-24,75758,3864,326,2904654,21532051
7060,6,1,2026-08-24,90263,1435,150,1213287,3044198
7061,6,3,2026-08-24,89115,5053,651,3827134,20738822
7062,6,6,2026-08-24,69464,5229,322,4490514,22953041
7063,7,2,2026-08-24,30409,2349,342,2780320,13434428
7064,7,4,2026-08-24,48318,1602,88,2819506,20874019
7065,7,5,2026-08-24,63023,2252,251,2219907,8195444
7066,7,6,2026-08-24,67850,3954,623,1610442,11690653
7067,8,4,2026-08-24,14734,602,29,4367831,18524056
7068,8,2,2026-08-24,77012,6273,626,2718430,22893689
7069,8,1,2026-08-24,11590,454,21,5335567,22616158
7070,8,3,2026-08-24,46876,3896,80,4269808,14019426
7071,9,1,2026-08-24,118285,9839,1084,1674435,10165552
7072,9,5,2026-08-24,40347,1680,191,4082396,15992611
7073,9,4,2026-08-24,58698,2543,283,6600470,45865992
7074,10,5,2026-08-24,62551,4463,435,6345638,24691354
7075,10,1,2026-08-24,62126,2631,311,5715216,32418519
7076,10,6,2026-08-24,50884,2762,411,4544343,31742453
7077,1,6,2026-08-25,20265,675,99,5434449,31037878
7078,1,3,2026-08-25,39399,1370,201,5340939,43241499
7079,1,5,2026-08-25,13456,1129,66,5035260,22259862
7080,1,2,2026-08-25,49426,2516,242,4354822,18142221
7081,2,6,2026-08-25,23560,746,47,4117673,21272941
7082,2,2,2026-08-25,55264,4569,144,5508009,16459587
7083,2,1,2026-08-25,76864,5510,844,4234885,19025901
7084,3,5,2026-08-25,21624,1509,226,639658,4052555
7085,3,6,2026-08-25,8731,732,52,403140,1781126
7086,3,2,2026-08-25,50964,3590,323,3485859,15451093
7087,4,3,2026-08-25,100598,5788,645,2625733,11336603
7088,4,1,2026-08-25,29235,1075,43,5817254,40350250
7089,4,6,2026-08-25,66518,1512,62,5417618,21159903
7090,5,4,2026-08-25,36030,1086,174,1933673,15006644
7091,5,3,2026-08-25,53290,3247,310,5210009,33986330
7092,6,5,2026-08-25,111240,2973,147,6204958,19981387
7093,6,4,2026-08-25,57866,4844,504,4998796,27157333
7094,7,3,2026-08-25,108123,5482,276,3864515,15401273
7095,7,4,2026-08-25,82068,6967,647,5174153,32842197
7096,7,2,2026-08-25,72563,5032,799,3528109,17539958
7097,7,6,2026-08-25,79608,4176,463,4482478,24740897
7098,8,3,2026-08-25,94930,5999,386,3351774,21687848
7099,8,1,2026-08-25,63155,4283,497,1617666,13217831
7100,8,5,2026-08-25,100595,8974,1289,528190,3495356
7101,9,4,2026-08-25,35319,2412,314,1537866,7579478
7102,9,5,2026-08-25,24361,1185,53,2729752,13143391
7103,10,3,2026-08-25,44883,2931,404,3868136,21271851
7104,10,5,2026-08-25,13871,685,48,5199397,30192241
7105,1,4,2026-08-26,46383,2621,352,5251882,37914101
7106,1,2,2026-08-26,116076,6555,834,4544809,29666414
7107,1,3,2026-08-26,44866,697,50,2945963,20883594
7108,1,6,2026-08-26,95529,5377,109,1942461,13499959
7109,2,5,2026-08-26,62328,3373,537,3411820,9209938
7110,2,4,2026-08-26,64433,4546,799,3229307,9663466
7111,2,2,2026-08-26,29888,2358,201,3784693,19644849
7112,3,2,2026-08-26,18992,737,79,4937144,25670255
7113,3,5,2026-08-26,8682,669,32,4667892,37908971
7114,4,4,2026-08-26,111721,6340,284,2722507,22790495
7115,4,5,2026-08-26,100033,5803,404,2168099,11575053
7116,5,2,2026-08-26,95241,2801,71,4739101,22424828
7117,5,1,2026-08-26,33278,582,63,6033347,48435528
7118,5,4,2026-08-26,31763,2805,246,6700163,37489710
7119,6,4,2026-08-26,26218,784,65,3118338,20269978
7120,6,6,2026-08-26,11019,937,89,3415473,28943037
7121,7,5,2026-08-26,107847,3587,596,6933321,30942477
7122,7,3,2026-08-26,18170,1377,97,6549932,46133060
7123,7,4,2026-08-26,92698,7566,734,5827587,19143807
7124,8,3,2026-08-26,28440,1126,171,6581061,37506522
7125,8,1,2026-08-26,85589,6017,648,516350,3237047
7126,9,3,2026-08-26,24824,765,74,2749146,19344176
7127,9,5,2026-08-26,107784,5437,238,4715720,12391407
7128,9,4,2026-08-26,42765,3660,82,2701309,8141428
7129,10,4,2026-08-26,81002,2701,229,415572,2342987
7130,10,3,2026-08-26,20582,969,124,1261171,3803620
7131,1,3,2026-08-27,35272,2243,50,2610999,13427594
7132,1,4,2026-08-27,90774,3787,101,2916317,13165103
7133,1,5,2026-08-27,44435,779,95,5225463,17383411
7134,1,1,2026-08-27,87076,4424,375,5087204,31733079
7135,2,6,2026-08-27,45654,2763,191,2330010,10466874
7136,2,4,2026-08-27,90082,3704,486,5748204,42803186
7137,3,6,2026-08-27,108351,6951,373,2124811,10455556
7138,3,2,2026-08-27,68863,1756,81,3343554,14882976
7139,4,6,2026-08-27,73678,5136,296,842084,6058025
7140,4,1,2026-08-27,106291,3960,486,1843317,7490887
7141,4,4,2026-08-27,89790,5630,818,5590461,41809999
7142,4,5,2026-08-27,58342,2631,156,5395815,14629714
7143,5,6,2026-08-27,39059,1631,187,6256373,36240903
7144,5,1,2026-08-27,40812,2759,440,6375641,36983963
7145,6,6,2026-08-27,26720,2088,76,385946,2556718
7146,6,4,2026-08-27,54345,1261,113,5036450,30104360
7147,6,5,2026-08-27,63696,1962,195,416699,3422953
7148,6,3,2026-08-27,70678,6194,1003,3708168,30612714
7149,7,1,2026-08-27,117450,7282,488,5356134,16879809
7150,7,2,2026-08-27,28675,1611,126,1148490,5496826
7151,7,6,2026-08-27,47665,1648,140,1587355,7489386
7152,7,4,2026-08-27,35360,826,130,2137406,10751627
7153,8,4,2026-08-27,82791,4350,361,6761550,52074643
7154,8,6,2026-08-27,108105,7750,1254,3275064,26420884
7155,9,6,2026-08-27,41712,1763,191,5592121,32906353
7156,9,5,2026-08-27,71271,4366,402,4211165,33362780
7157,9,3,2026-08-27,90462,2852,403,6792837,37199039
7158,9,2,2026-08-27,60614,1076,69,3509938,28525043
7159,10,3,2026-08-27,63693,1373,119,609471,4625266
7160,10,6,2026-08-27,39405,2855,226,3908278,15896588
7161,1,6,2026-08-28,83590,6914,596,5300191,22339450
7162,1,5,2026-08-28,53380,1829,229,5109665,37244190
7163,1,2,2026-08-28,20008,1553,262,4183147,24455637
7164,2,5,2026-08-28,113591,5355,125,1888388,13905158
7165,2,6,2026-08-28,110902,3263,193,3589818,29025277
7166,2,4,2026-08-28,101461,2775,454,4286455,27950705
7167,3,6,2026-08-28,41872,2700,106,3962115,16122548
7168,3,4,2026-08-28,104994,8611,176,1729057,8838910
7169,4,2,2026-08-28,30071,1088,78,3164597,15229066
7170,4,3,2026-08-28,78005,2325,350,3909134,26657302
7171,5,2,2026-08-28,38532,3291,520,3320614,15168780
7172,5,5,2026-08-28,115423,1808,229,2591519,20935324
7173,6,3,2026-08-28,5868,249,40,4522136,28632700
7174,6,2,2026-08-28,71919,5958,736,4708982,37841212
7175,6,4,2026-08-28,96373,1541,69,902477,3075444
7176,6,5,2026-08-28,29660,902,22,5869692,21166020
7177,7,2,2026-08-28,107631,3618,307,1628397,8480385
7178,7,4,2026-08-28,36960,983,84,4065019,21068752
7179,7,1,2026-08-28,99503,4698,313,5454017,24621934
7180,7,3,2026-08-28,71402,5320,838,5170711,32613497
7181,8,4,2026-08-28,88907,6043,848,5195338,34372213
7182,8,5,2026-08-28,80389,2951,345,1926404,13916711
7183,8,6,2026-08-28,31378,1452,109,4451561,15321821
7184,9,4,2026-08-28,111821,6738,1079,6060833,27164681
7185,9,6,2026-08-28,57997,3693,604,5720442,31510344
7186,9,3,2026-08-28,105041,3046,154,3628872,11759918
7187,9,5,2026-08-28,98475,6730,356,1200123,6483041
7188,10,1,2026-08-28,10404,870,94,4779614,18304244
7189,10,3,2026-08-28,31175,705,50,5876300,47882328
7190,10,2,2026-08-28,100431,2228,50,3638775,17891453
7191,10,4,2026-08-28,75851,5790,261,3851524,12752518
7192,1,1,2026-08-29,34108,1792,275,6487462,51813396
7193,1,5,2026-08-29,89469,7202,1244,903666,2857474
7194,2,6,2026-08-29,76326,6348,492,2364185,9599877
7195,2,2,2026-08-29,16349,1300,146,1008499,2651275
7196,2,4,2026-08-29,54490,3984,87,3825220,28980598
7197,3,6,2026-08-29,51296,998,83,1484039,7364377
7198,3,4,2026-08-29,90592,2545,109,4447804,25855833
7199,4,2,2026-08-29,88666,6529,1168,1528233,11787185
7200,4,6,2026-08-29,60870,5303,190,6944402,49708695
7201,4,3,2026-08-29,49217,897,77,845761,2420629
7202,4,1,2026-08-29,42891,750,53,4327098,32739306
7203,5,4,2026-08-29,97942,5987,621,611806,3601082
7204,5,1,2026-08-29,85188,4329,331,3845460,21864703
7205,5,6,2026-08-29,59840,5083,142,4774474,18078750
7206,5,5,2026-08-29,77396,1700,140,5950711,48183701
7207,6,3,2026-08-29,63002,5451,519,1943871,5488522
7208,6,1,2026-08-29,94902,8353,277,2653621,18645847
7209,7,1,2026-08-29,25323,429,12,6930967,48056477
7210,7,2,2026-08-29,56269,1591,234,4346461,11055796
7211,7,6,2026-08-29,28235,2509,425,4430866,18665016
7212,7,3,2026-08-29,113176,4467,556,5531985,31203791
7213,8,5,2026-08-29,35282,974,55,1283180,10058267
7214,8,6,2026-08-29,27821,735,106,2038229,7210284
7215,8,2,2026-08-29,80352,3938,506,6766398,30231201
7216,8,1,2026-08-29,9872,231,26,5970463,23839633
7217,9,3,2026-08-29,35765,2255,227,3670696,26518833
7218,9,4,2026-08-29,52317,3139,291,737147,2096875
7219,9,6,2026-08-29,111691,6945,1061,1757098,12156787
7220,9,2,2026-08-29,40336,2884,157,3748480,31569473
7221,10,2,2026-08-29,88692,5651,699,2650007,19847162
7222,10,4,2026-08-29,49064,2738,291,3327198,9090419
7223,10,3,2026-08-29,119622,8448,1179,562972,3491797
7224,10,6,2026-08-29,12105,845,32,6923175,23323229
7225,1,1,2026-08-30,97617,5127,334,2057227,8061984
7226,1,2,2026-08-30,110668,7946,1014,5171151,25975448
7227,1,3,2026-08-30,7409,175,5,3703304,9946946
7228,1,4,2026-08-30,86013,5658,1008,2051550,9152487
7229,2,4,2026-08-30,27826,2106,171,6059413,35764360
7230,2,2,2026-08-30,15126,1349,187,1394318,9848343
7231,3,2,2026-08-30,54694,1208,34,4911507,40375589
7232,3,6,2026-08-30,29943,685,20,1019030,6773071
7233,3,1,2026-08-30,20869,1255,141,2954455,15631025
7234,4,3,2026-08-30,84131,5463,609,541938,3156505
7235,4,1,2026-08-30,83383,6854,149,6650890,49105222
7236,4,6,2026-08-30,59141,4308,636,2252451,14249288
7237,4,5,2026-08-30,25617,1926,345,3360177,20458790
7238,5,4,2026-08-30,36277,1527,94,2311656,14824559
7239,5,6,2026-08-30,8687,228,11,4722945,34006608
7240,6,4,2026-08-30,57016,2626,364,482050,1692568
7241,6,1,2026-08-30,81168,2237,113,4039232,20768932
7242,6,5,2026-08-30,42689,900,61,667797,3140816
7243,7,4,2026-08-30,30119,793,106,6023291,37611049
7244,7,3,2026-08-30,86020,6754,668,6946964,45614721
7245,8,2,2026-08-30,46406,2530,432,4684214,29260782
7246,8,4,2026-08-30,115619,9751,1122,6291164,20081876
7247,8,1,2026-08-30,111911,7794,1230,1127399,6047486
7248,9,3,2026-08-30,17270,345,15,2506995,8012499
7249,9,1,2026-08-30,43372,2933,293,3355641,26244526
7250,10,4,2026-08-30,93184,7933,721,6516563,34666667
7251,10,2,2026-08-30,115304,9380,583,5109728,40101816
7252,10,1,2026-08-30,5071,335,28,2994223,13059579
7253,1,6,2026-08-31,67336,4748,98,2432101,6188818
7254,1,1,2026-08-31,21023,1339,197,4434917,21819356
7255,1,3,2026-08-31,16709,828,67,2030539,12998510
7256,2,1,2026-08-31,93093,2274,123,2159390,16503163
7257,2,6,2026-08-31,92119,7961,963,5752402,17413024
7258,3,1,2026-08-31,46667,2345,189,3839073,15575769
7259,3,2,2026-08-31,9017,178,5,6797763,51748083
7260,4,3,2026-08-31,99738,1924,313,3971587,23105629
7261,4,6,2026-08-31,24471,1930,61,3832826,29591017
7262,4,2,2026-08-31,31971,1129,146,2841386,23476563
7263,4,4,2026-08-31,97715,8697,270,1324287,5324790
7264,5,3,2026-08-31,62212,1607,266,4730605,15966416
7265,5,6,2026-08-31,34992,3024,90,3868755,30436789
7266,5,4,2026-08-31,43515,1064,33,964664,4858409
7267,6,3,2026-08-31,72963,5508,939,3216773,9929465
7268,6,4,2026-08-31,96972,3912,171,2641073,21171103
7269,6,1,2026-08-31,60387,2676,116,6621361,36228639
7270,6,5,2026-08-31,60664,2079,104,2259751,6985561
7271,7,3,2026-08-31,6251,295,42,5715469,42461161
7272,7,5,2026-08-31,18552,412,66,4291342,35971738
7273,7,6,2026-08-31,90624,2067,115,5956418,25276681
7274,8,6,2026-08-31,104210,6905,1183,4857714,29591879
7275,8,2,2026-08-31,94645,1742,169,3892298,23196600
7276,8,1,2026-08-31,94718,6744,623,3451943,9738201
7277,9,5,2026-08-31,18956,1273,91,2634633,16683430
7278,9,2,2026-08-31,69022,2621,261,2297477,9430656
7279,9,1,2026-08-31,34215,1465,182,5778013,44140046
7280,9,6,2026-08-31,66446,2235,316,4308207,11660463
7281,10,4,2026-08-31,114589,9893,1522,941755,6116289
7282,10,5,2026-08-31,115327,7805,1151,2982424,8328981
7283,10,3,2026-08-31,5537,413,22,455535,1364618
7284,10,1,2026-08-31,102993,2437,176,3637224,21248855
7285,1,4,2026-09-01,86284,3614,398,3047691,20863145
7286,1,3,2026-09-01,91140,7779,196,3236857,17474353
7287,1,1,2026-09-01,79778,2113,65,2538930,13155403
7288,1,5,2026-09-01,25095,1111,112,3627997,29669605
7289,2,5,2026-09-01,15087,708,86,1058207,6434916
7290,2,6,2026-09-01,117962,4152,622,6348687,43438028
7291,2,2,2026-09-01,88395,6823,998,1788992,12412100
7292,2,4,2026-09-01,72213,4582,745,517514,2879000
7293,3,6,2026-09-01,109734,3303,468,1559071,12878175
7294,3,1,2026-09-01,112699,2685,456,3087007,18880303
7295,3,4,2026-09-01,77667,2030,308,1643775,6177312
7296,3,3,2026-09-01,15657,452,37,4480623,14884719
7297,4,6,2026-09-01,73039,5759,983,3898031,12628522
7298,4,2,2026-09-01,27919,1861,245,2491151,7601930
7299,5,2,2026-09-01,29723,766,53,4426337,17241197
7300,5,4,2026-09-01,69235,5519,269,6879680,21377842
7301,5,5,2026-09-01,45569,3152,69,2419219,8735351
7302,6,5,2026-09-01,39197,917,113,4119703,11918438
7303,6,2,2026-09-01,97918,5995,257,722905,6047249
7304,6,4,2026-09-01,91836,3645,403,5862392,48397157
7305,7,2,2026-09-01,52040,3470,479,4891904,26661749
7306,7,1,2026-09-01,84664,6354,844,2176845,10606213
7307,7,3,2026-09-01,93002,6861,673,4161546,25010171
7308,8,2,2026-09-01,60348,5254,764,899303,2937085
7309,8,6,2026-09-01,24475,523,37,1155448,7462147
7310,8,1,2026-09-01,88445,1815,226,725511,2279140
7311,9,3,2026-09-01,105262,6918,335,2482160,12237133
7312,9,2,2026-09-01,80598,2894,301,6811206,50232864
7313,9,6,2026-09-01,98253,6865,251,2071080,6910372
7314,10,2,2026-09-01,9375,532,77,4693303,32926591
7315,10,6,2026-09-01,97257,7732,741,6743590,47484057
7316,10,5,2026-09-01,99311,5776,307,1179350,4707152
7317,10,1,2026-09-01,6564,582,102,5013197,38941803
7318,1,2,2026-09-02,34516,2976,112,6512631,37925386
7319,1,4,2026-09-02,23423,1011,28,354724,2200574
7320,1,6,2026-09-02,111130,6634,606,3423719,10751356
7321,1,1,2026-09-02,35393,728,66,4858842,20939551
7322,2,5,2026-09-02,5408,161,19,5752788,29488940
7323,2,6,2026-09-02,102049,7683,822,1102940,4235281
7324,2,2,2026-09-02,32376,1567,199,5122299,20998843
7325,2,3,2026-09-02,27157,1031,81,2888610,7761813
7326,3,1,2026-09-02,35492,2976,212,4558942,25588003
7327,3,6,2026-09-02,116942,3547,220,6369519,19788224
7328,3,3,2026-09-02,21294,1563,38,4959083,36532344
7329,4,6,2026-09-02,110640,9380,1281,4787421,20020969
7330,4,2,2026-09-02,68077,4041,438,1692258,13993573
7331,4,3,2026-09-02,72560,3734,286,4196480,12257521
7332,4,1,2026-09-02,53640,2519,169,2993810,23368217
7333,5,2,2026-09-02,63490,4627,374,3790438,24965260
7334,5,1,2026-09-02,69673,1363,221,6156126,30223718
7335,6,1,2026-09-02,80113,5940,184,3913384,26148335
7336,6,6,2026-09-02,18677,1665,190,3126620,21765588
7337,7,5,2026-09-02,69235,2105,80,1896460,7649943
7338,7,2,2026-09-02,12480,402,39,947383,7896607
7339,8,2,2026-09-02,80004,4986,268,3774298,11644221
7340,8,4,2026-09-02,75576,4425,710,422202,1782019
7341,9,5,2026-09-02,67497,1740,61,1831020,13675435
7342,9,2,2026-09-02,63820,5618,380,2804454,14273533
7343,9,1,2026-09-02,40391,3428,202,3321456,25822556
7344,10,1,2026-09-02,114376,2868,360,501976,2264781
7345,10,4,2026-09-02,33684,1476,245,4000695,24986861
7346,10,3,2026-09-02,20682,510,76,1633006,12964682
7347,1,6,2026-09-03,76923,5842,1023,490371,3718305
7348,1,1,2026-09-03,46127,3097,409,393734,3158675
7349,1,3,2026-09-03,75400,1689,197,6923865,57491286
7350,1,2,2026-09-03,59317,3290,487,6570140,26795150
7351,2,4,2026-09-03,102532,6898,732,966412,7196126
7352,2,3,2026-09-03,63623,2211,396,581993,4841249
7353,2,6,2026-09-03,39118,749,129,3333009,26414444
7354,3,6,2026-09-03,68484,5123,332,5030978,36335651
7355,3,3,2026-09-03,11357,270,22,4481003,32681542
7356,3,4,2026-09-03,83829,5886,757,597250,4806986
7357,4,1,2026-09-03,38750,3092,100,579082,2660700
7358,4,2,2026-09-03,87463,4846,397,4316088,11284969
7359,5,3,2026-09-03,61805,2592,267,346618,2896908
7360,5,6,2026-09-03,6776,122,8,488731,2080690
7361,6,3,2026-09-03,86693,4304,449,2070470,8849489
7362,6,6,2026-09-03,75187,5693,433,3330649,16445841
7363,6,5,2026-09-03,41969,3756,406,5375204,18016687
7364,7,4,2026-09-03,46452,2241,66,1914103,10876059
7365,7,6,2026-09-03,96315,4843,353,963705,2924903
7366,7,2,2026-09-03,71472,1673,212,1195628,8675140
7367,8,3,2026-09-03,12848,729,28,5049161,22617245
7368,8,2,2026-09-03,7948,302,11,480642,2468171
7369,8,6,2026-09-03,114862,9731,304,4471311,18065602
7370,9,4,2026-09-03,117296,8500,1151,3548733,27568565
7371,9,3,2026-09-03,112290,8171,1228,5549955,15202531
7372,9,6,2026-09-03,34976,2562,115,2376221,7674809
7373,9,2,2026-09-03,65105,2939,86,3338534,14501707
7374,10,1,2026-09-03,43341,1553,178,2672771,12542892
7375,10,4,2026-09-03,89362,4725,776,1810061,7254310
7376,10,3,2026-09-03,45410,967,122,2212017,7988305
7377,1,1,2026-09-04,118239,5710,230,6556896,43256455
7378,1,2,2026-09-04,41575,3016,510,5297066,39209541
7379,2,5,2026-09-04,103063,7088,1252,1074410,7311909
7380,2,4,2026-09-04,39885,3336,226,4748248,37781493
7381,3,3,2026-09-04,91579,3499,260,6681553,51338426
7382,3,1,2026-09-04,38432,3162,181,6973622,41703909
7383,3,5,2026-09-04,89457,6365,697,4520624,24709679
7384,3,6,2026-09-04,7396,468,45,2346022,12599337
7385,4,6,2026-09-04,116896,6769,1137,4098062,23304799
7386,4,4,2026-09-04,47156,1585,248,3241138,10271455
7387,4,5,2026-09-04,18056,1428,132,3852193,12561153
7388,4,2,2026-09-04,75546,4372,301,3950865,29000882
7389,5,4,2026-09-04,95711,5818,664,5344810,19446339
7390,5,6,2026-09-04,52812,1440,222,1358471,6187929
7391,5,1,2026-09-04,91221,5806,311,4060818,20756345
7392,6,4,2026-09-04,103569,8213,582,1279587,3399795
7393,6,1,2026-09-04,54121,4244,380,6895412,26032542
7394,6,3,2026-09-04,101165,6003,764,3786890,20485637
7395,6,2,2026-09-04,91713,3459,222,4035722,21650881
7396,7,1,2026-09-04,51587,3888,603,4226458,34521035
7397,7,3,2026-09-04,12262,307,24,6590349,17198374
7398,7,6,2026-09-04,16213,680,118,2447881,15192069
7399,8,6,2026-09-04,95698,5906,626,4144423,30558715
7400,8,5,2026-09-04,22325,954,170,2115878,11518139
7401,9,6,2026-09-04,51784,2084,153,5912850,38001734
7402,9,5,2026-09-04,56167,4811,819,5946465,29494482
7403,9,3,2026-09-04,36722,2831,369,1841357,4639012
7404,10,1,2026-09-04,33287,2447,317,1646778,8765017
7405,10,5,2026-09-04,101171,5084,531,6228857,41565952
7406,10,3,2026-09-04,23731,1201,133,5939253,32933508
7407,1,4,2026-09-05,101387,8223,1457,3681305,9707986
7408,1,1,2026-09-05,58706,4953,741,4832416,12983137
7409,1,3,2026-09-05,88390,2568,242,6015526,46625389
7410,1,5,2026-09-05,39629,2202,270,6761526,41247992
7411,2,2,2026-09-05,12422,1081,125,3639531,26611550
7412,2,3,2026-09-05,61669,2566,247,6850909,36324935
7413,2,1,2026-09-05,73878,2526,162,1190626,5977478
7414,3,5,2026-09-05,56064,1652,212,5181682,23328125
7415,3,1,2026-09-05,117004,9094,866,1756261,8006168
7416,3,6,2026-09-05,28059,1145,41,5387170,15858463
7417,4,5,2026-09-05,67961,4204,179,748545,4019307
7418,4,4,2026-09-05,11039,183,5,2109916,14822763
7419,4,1,2026-09-05,103242,3932,542,454205,1520912
7420,5,3,2026-09-05,113947,10146,1135,6307158,22412751
7421,5,2,2026-09-05,107241,3850,250,4932195,12442374
7422,5,5,2026-09-05,96318,4185,470,3256633,25876422
7423,6,1,2026-09-05,116024,4355,714,630732,2512624
7424,6,6,2026-09-05,19021,1059,114,5329414,42283996
7425,6,2,2026-09-05,39493,1879,144,3226604,9922869
7426,6,3,2026-09-05,15762,1008,24,1881804,14035243
7427,7,6,2026-09-05,55432,4921,633,5721585,34203556
7428,7,1,2026-09-05,25209,788,135,2733376,20397959
7429,7,3,2026-09-05,78088,5128,694,3296803,25659699
7430,7,4,2026-09-05,93596,6639,1192,1633936,9279787
7431,8,4,2026-09-05,99307,5059,349,4912836,30850171
7432,8,2,2026-09-05,47533,904,53,6432324,23001113
7433,8,6,2026-09-05,63792,3228,135,6951243,20686390
7434,9,5,2026-09-05,57563,1547,42,3068295,14160187
7435,9,2,2026-09-05,25701,1203,142,1522135,6343535
7436,9,1,2026-09-05,115349,7393,508,6792995,45633434
7437,10,6,2026-09-05,23819,1062,116,4170227,29499256
7438,10,4,2026-09-05,68886,4077,238,4579871,35622791
7439,1,5,2026-09-06,117070,6379,572,1690341,9362042
7440,1,3,2026-09-06,67931,2328,340,3517449,28195663
7441,1,1,2026-09-06,15939,301,6,3482636,23437299
7442,1,4,2026-09-06,117319,8660,1000,5504533,45374891
7443,2,3,2026-09-06,18150,1284,125,923345,5996500
7444,2,2,2026-09-06,11579,295,19,2513523,7452490
7445,2,6,2026-09-06,6042,299,10,879328,2908735
7446,3,2,2026-09-06,12370,1102,53,3356917,17210297
7447,3,6,2026-09-06,18066,665,55,3299804,14542569
7448,3,4,2026-09-06,15347,900,71,829322,5365989
7449,4,1,2026-09-06,71998,2711,225,2189517,18011735
7450,4,3,2026-09-06,17009,1291,124,6125097,17015084
7451,5,6,2026-09-06,79347,2324,383,4083358,19015232
7452,5,1,2026-09-06,8639,649,116,357141,1289033
7453,5,4,2026-09-06,18586,1262,166,4035487,15248733
7454,5,2,2026-09-06,32928,1076,124,5615175,36239166
7455,6,1,2026-09-06,91576,7425,492,1741202,8675345
7456,6,6,2026-09-06,15059,1160,204,5472252,41682372
7457,7,6,2026-09-06,7038,624,54,2050837,11577608
7458,7,3,2026-09-06,48861,1722,225,3876534,31241882
7459,8,2,2026-09-06,117089,2502,430,2393387,10885959
7460,8,3,2026-09-06,99616,1803,115,4250705,12755355
7461,9,6,2026-09-06,49428,936,152,6560921,25945424
7462,9,1,2026-09-06,14181,965,107,3051278,18818703
7463,9,5,2026-09-06,111522,6918,202,1567537,8451397
7464,9,2,2026-09-06,83698,6154,909,6195369,47546009
7465,10,4,2026-09-06,59675,1117,80,4514646,34113014
7466,10,5,2026-09-06,48553,2097,148,3235488,8248486
7467,10,6,2026-09-06,40830,1130,78,2488914,17528751
7468,1,5,2026-09-07,104204,2419,330,4427417,20034316
7469,1,3,2026-09-07,38797,3142,434,1636810,8989127
7470,1,4,2026-09-07,70404,1633,62,5012358,29314528
7471,2,4,2026-09-07,53377,4661,108,934502,5518359
7472,2,1,2026-09-07,92970,6872,500,4411333,12141009
7473,3,4,2026-09-07,101733,5710,891,3035517,23754476
7474,3,6,2026-09-07,39426,1392,92,2808181,22288031
7475,4,6,2026-09-07,105368,2726,230,6935169,43517740
7476,4,2,2026-09-07,74472,4126,544,665970,1923844
7477,4,3,2026-09-07,112366,2729,245,4593271,29615374
7478,5,4,2026-09-07,38038,3074,527,4026598,11105366
7479,5,5,2026-09-07,23740,809,69,5026476,32630388
7480,6,3,2026-09-07,119569,9922,207,3505721,22635713
7481,6,2,2026-09-07,15301,733,15,3900169,22267034
7482,7,2,2026-09-07,80599,4064,518,2192732,13322624
7483,7,4,2026-09-07,90269,6680,551,6484070,20286290
7484,7,3,2026-09-07,11209,431,16,4150286,29884420
7485,8,1,2026-09-07,61678,989,128,4134889,18967478
7486,8,6,2026-09-07,19533,1333,141,350051,886562
7487,8,4,2026-09-07,63822,5325,578,1801723,9984108
7488,9,3,2026-09-07,18454,1009,89,4353315,23478785
7489,9,4,2026-09-07,10995,522,51,6071856,18543679
7490,9,5,2026-09-07,100174,2699,411,4940860,34874267
7491,10,5,2026-09-07,31909,504,61,6973562,23753831
7492,10,1,2026-09-07,52497,1411,243,6552213,30672627
7493,10,3,2026-09-07,68606,3780,194,4191198,33401966
7494,1,6,2026-09-08,27357,1819,49,5274516,31668111
7495,1,1,2026-09-08,40075,3030,394,5568465,43264406
7496,1,5,2026-09-08,56259,3337,519,4825649,12911215
7497,2,6,2026-09-08,49858,3572,527,810263,4612585
7498,2,2,2026-09-08,59387,1318,29,4992189,28646689
7499,3,3,2026-09-08,112977,7271,1066,3684230,28552663
7500,3,4,2026-09-08,27072,1863,256,3640487,24790330
7501,4,1,2026-09-08,49177,3020,488,5523989,17310266
7502,4,2,2026-09-08,21154,938,153,6618945,19600898
7503,4,3,2026-09-08,97442,4482,794,3704679,28732602
7504,5,5,2026-09-08,55562,4400,126,6847714,31899875
7505,5,4,2026-09-08,117948,5092,499,1510420,11111115
7506,5,2,2026-09-08,86111,2248,162,2614482,12177004
7507,6,1,2026-09-08,85285,4088,605,4184651,31034557
7508,6,4,2026-09-08,112787,9800,1214,4987937,27374329
7509,6,3,2026-09-08,17700,1350,142,1978472,12496020
7510,6,6,2026-09-08,42684,3495,491,726926,4607497
7511,7,4,2026-09-08,72538,2650,460,2320371,17657791
7512,7,3,2026-09-08,103991,7869,866,529180,3724794
7513,7,5,2026-09-08,41261,1951,109,2927145,22009932
7514,8,4,2026-09-08,55307,1974,311,6031446,23943977
7515,8,1,2026-09-08,53885,3329,69,2671066,14169660
7516,8,6,2026-09-08,85032,7509,913,2941413,20547121
7517,8,5,2026-09-08,112667,3739,232,423784,1381082
7518,9,5,2026-09-08,116248,5714,354,1252796,10632134
7519,9,6,2026-09-08,5574,370,52,2989737,23998001
7520,9,1,2026-09-08,109212,2047,320,5527646,31908416
7521,9,4,2026-09-08,47961,4012,291,4344960,16330556
7522,10,5,2026-09-08,68532,2608,211,4582562,15982417
7523,10,1,2026-09-08,47664,3517,320,3189660,13997512
7524,10,3,2026-09-08,29088,465,60,4798342,22381244
7525,10,6,2026-09-08,46890,3665,600,1282023,4655259
7526,1,3,2026-09-09,15567,340,30,4579404,24471877
7527,1,4,2026-09-09,104715,9269,697,6336055,29580897
7528,2,5,2026-09-09,119981,6574,412,4602365,12182815
7529,2,1,2026-09-09,103128,2263,150,1366825,3598022
7530,3,1,2026-09-09,10467,924,127,3434670,9982775
7531,3,4,2026-09-09,61075,3575,594,2085439,7919697
7532,3,3,2026-09-09,106146,2818,239,5542605,18691855
7533,3,5,2026-09-09,106489,4653,518,5198239,21267920
7534,4,5,2026-09-09,114755,6986,186,1565452,10247936
7535,4,4,2026-09-09,28352,2234,260,3449703,28882848
7536,5,4,2026-09-09,111325,2048,67,2830587,21163244
7537,5,2,2026-09-09,116103,2813,271,5414903,41001152
7538,5,6,2026-09-09,85694,1841,226,4789601,40380117
7539,6,5,2026-09-09,61394,2713,178,1891261,9615313
7540,6,2,2026-09-09,32205,2820,214,6116172,22444839
7541,7,3,2026-09-09,60143,3391,131,566150,3977138
7542,7,6,2026-09-09,81501,3176,118,2762444,13228916
7543,7,5,2026-09-09,35501,2635,444,1204199,6869544
7544,7,2,2026-09-09,85919,4836,467,3746471,26923392
7545,8,6,2026-09-09,21872,653,42,2063210,8137417
7546,8,1,2026-09-09,34100,2280,237,6666120,26237187
7547,9,5,2026-09-09,47519,809,110,5827781,19938930
7548,9,4,2026-09-09,7117,244,5,2903275,11528769
7549,9,1,2026-09-09,114450,6405,574,3483764,17671212
7550,9,6,2026-09-09,44742,2239,335,5772033,19722987
7551,10,6,2026-09-09,65831,2540,348,5383286,26974513
7552,10,2,2026-09-09,60918,1839,184,3294089,12290091
7553,1,2,2026-09-10,115511,6538,680,1535087,5691310
7554,1,5,2026-09-10,116993,2133,199,1083224,6664248
7555,1,1,2026-09-10,81125,4514,303,4494179,12593836
7556,2,4,2026-09-10,95753,8058,339,326683,1921111
7557,2,3,2026-09-10,91537,5666,835,3773127,28437954
7558,2,1,2026-09-10,57922,2868,486,6051192,21440594
7559,2,5,2026-09-10,90054,5742,922,4867118,39835431
7560,3,1,2026-09-10,106585,8667,726,6949596,38397851
7561,3,6,2026-09-10,73626,1453,239,4379746,26400936
7562,3,4,2026-09-10,45839,3186,147,1741651,10041993
7563,4,4,2026-09-10,60350,3376,108,4071407,24756991
7564,4,3,2026-09-10,25549,1592,57,5426667,33416678
7565,4,1,2026-09-10,64813,5801,527,2119856,6868052
7566,5,1,2026-09-10,78238,5427,644,3200327,24995151
7567,5,5,2026-09-10,38879,1333,139,4125657,23953078
7568,5,2,2026-09-10,10836,929,137,2579404,20336758
7569,5,4,2026-09-10,74990,2512,152,6976626,30766334
7570,6,6,2026-09-10,55710,1085,39,889251,5797736
7571,6,4,2026-09-10,71106,4734,414,3844165,26855975
7572,6,2,2026-09-10,59397,2216,157,5668447,34776166
7573,7,4,2026-09-10,8184,448,60,372261,2811011
7574,7,3,2026-09-10,32741,1584,75,5688968,40708254
7575,7,2,2026-09-10,97541,8207,480,1196871,3902205
7576,7,5,2026-09-10,101331,8183,852,4464873,11781669
7577,8,3,2026-09-10,68781,3819,465,2270776,14284181
7578,8,6,2026-09-10,62620,1879,60,1701639,14189003
7579,9,4,2026-09-10,55816,4948,312,5284514,32308107
7580,9,3,2026-09-10,99713,3380,173,1232907,6757172
7581,10,2,2026-09-10,110801,1986,246,5472927,29365297
7582,10,4,2026-09-10,61977,1556,162,417725,3354133
7583,10,6,2026-09-10,62741,3392,455,3663609,14721845
7584,10,3,2026-09-10,6776,489,35,4066659,17347614
7585,1,2,2026-09-11,71977,4654,720,3176828,19971964
7586,1,1,2026-09-11,46431,3840,484,2822442,9591035
7587,1,4,2026-09-11,48791,2789,244,4111927,14585587
7588,2,5,2026-09-11,12186,1091,50,6328194,31768426
7589,2,6,2026-09-11,85726,3030,270,496888,1537052
7590,3,1,2026-09-11,62447,4296,723,4973279,24582558
7591,3,2,2026-09-11,75457,4106,731,5468624,18099787
7592,3,5,2026-09-11,31593,2450,310,5382011,30399873
7593,4,2,2026-09-11,89790,7280,638,4502634,31238573
7594,4,3,2026-09-11,29473,1686,274,1028773,2944732
7595,5,4,2026-09-11,40217,2537,71,2918556,10812161
7596,5,3,2026-09-11,90435,7637,1015,6776206,40506359
7597,5,6,2026-09-11,58794,1524,87,3367147,8500034
7598,6,1,2026-09-11,24483,1876,161,2693845,20559730
7599,6,6,2026-09-11,88453,6819,775,3940148,11634524
7600,6,5,2026-09-11,84281,6214,687,1001183,2541131
7601,7,1,2026-09-11,114383,7429,1186,2891288,13123299
7602,7,4,2026-09-11,45761,3897,232,758678,2334085
7603,7,5,2026-09-11,73016,5855,917,1392977,8952869
7604,7,2,2026-09-11,118925,6162,417,6671290,42728920
7605,8,1,2026-09-11,28710,2199,89,5880219,38507766
7606,8,3,2026-09-11,79791,4227,688,6058933,48979811
7607,9,1,2026-09-11,106414,9244,418,3753306,31719669
7608,9,4,2026-09-11,53957,4131,678,5077734,39706747
7609,10,6,2026-09-11,12748,790,101,3689134,25846232
7610,10,4,2026-09-11,13614,1086,163,1081873,4089906
7611,1,1,2026-09-12,9394,810,68,1777600,6019255
7612,1,2,2026-09-12,65081,5827,963,2457844,9760580
7613,1,3,2026-09-12,114058,6632,457,5932714,29564994
7614,2,4,2026-09-12,12978,1019,179,2686122,14758963
7615,2,3,2026-09-12,69270,4529,281,985296,8351182
7616,3,2,2026-09-12,54022,3651,585,1912675,13010574
7617,3,5,2026-09-12,77015,4259,424,3312770,20198070
7618,4,4,2026-09-12,39121,2710,346,3010758,10483171
7619,4,3,2026-09-12,108463,9472,1307,1681513,11898724
7620,4,2,2026-09-12,11518,868,31,2596630,17841980
7621,4,1,2026-09-12,7683,639,37,1423225,8708105
7622,5,4,2026-09-12,89327,6528,367,6807094,46324761
7623,5,3,2026-09-12,24068,1431,99,5996747,31418727
7624,5,5,2026-09-12,61175,5270,877,6115221,38900876
7625,6,6,2026-09-12,117298,9659,1650,1386146,5642956
7626,6,1,2026-09-12,88421,6396,864,5503923,29638402
7627,6,3,2026-09-12,108166,8662,1197,4577640,17241844
7628,7,1,2026-09-12,58748,2866,469,5828977,45010124
7629,7,5,2026-09-12,7855,136,15,4989536,21202789
7630,7,6,2026-09-12,27772,1694,78,5080822,20251053
7631,8,6,2026-09-12,20873,514,20,3282115,18168223
7632,8,3,2026-09-12,84225,4231,609,6729911,24090435
7633,8,2,2026-09-12,72596,4312,87,5696006,26670781
7634,9,5,2026-09-12,105534,8299,868,2489781,9639358
7635,9,6,2026-09-12,93938,8369,1362,3238345,26773182
7636,9,1,2026-09-12,90282,2352,337,2706032,10086604
7637,9,2,2026-09-12,39765,1417,190,4220819,28071235
7638,10,1,2026-09-12,101173,3333,241,5739742,24421206
7639,10,4,2026-09-12,47294,4018,427,6871788,44219494
7640,10,2,2026-09-12,40321,3196,380,6527926,34829775
7641,10,6,2026-09-12,95566,6653,264,4687637,16318734
7642,1,1,2026-09-13,45444,2854,100,5836539,32481468
7643,1,6,2026-09-13,46856,1602,228,4944150,27347681
7644,1,2,2026-09-13,33496,2429,295,4122937,11589972
7645,1,4,2026-09-13,12633,539,13,510874,3182896
7646,2,6,2026-09-13,55440,3612,179,3694569,13211158
7647,2,1,2026-09-13,38471,2636,421,1995821,6546315
7648,2,4,2026-09-13,48871,2393,49,6750794,36968658
7649,2,5,2026-09-13,73848,1398,193,636324,3428246
7650,3,6,2026-09-13,72779,3814,481,1668032,11179505
7651,3,2,2026-09-13,90428,2650,302,3946176,29654788
7652,3,4,2026-09-13,30580,1350,200,4655187,20032436
7653,3,3,2026-09-13,41321,1449,229,5217641,30116662
7654,4,5,2026-09-13,64293,5656,918,1588591,8997536
7655,4,3,2026-09-13,57398,4341,602,449776,1395948
7656,5,1,2026-09-13,26750,1367,89,4858331,36374550
7657,5,3,2026-09-13,69766,6057,471,3080762,21280198
7658,5,5,2026-09-13,30305,2639,82,5732456,29670184
7659,6,1,2026-09-13,89036,3330,330,3512189,27321855
7660,6,2,2026-09-13,85774,6637,928,4198952,20057382
7661,7,1,2026-09-13,110089,1819,48,4483500,25421729
7662,7,2,2026-09-13,45329,2933,420,3292854,25772607
7663,7,6,2026-09-13,112699,6100,1015,4192860,11901042
7664,7,4,2026-09-13,5655,233,28,3031224,11712130
7665,8,1,2026-09-13,85486,5771,420,2109974,16505769
7666,8,4,2026-09-13,114403,9415,1674,2046456,7210948
7667,8,2,2026-09-13,77913,3901,437,6034992,21162236
7668,8,6,2026-09-13,119162,10058,1002,5966698,45079985
7669,9,2,2026-09-13,72582,4770,458,1931037,5857005
7670,9,6,2026-09-13,102892,8347,385,2482274,17519683
7671,9,4,2026-09-13,32054,1776,73,5805692,15429934
7672,10,4,2026-09-13,101063,2251,355,2814789,11277663
7673,10,5,2026-09-13,84784,2973,431,1265040,7669040
7674,10,2,2026-09-13,78988,3409,215,5991940,35640859
7675,1,4,2026-09-14,31543,1781,37,5120927,41925692
7676,1,2,2026-09-14,98922,7631,1088,4047658,32978371
7677,1,3,2026-09-14,14759,1155,106,2216951,14398171
7678,1,6,2026-09-14,59267,3235,67,4030401,11497736
7679,2,1,2026-09-14,16622,1055,41,556002,4518179
7680,2,5,2026-09-14,16750,1071,95,1395385,11837476
7681,2,2,2026-09-14,67503,2810,103,2630548,19655531
7682,2,4,2026-09-14,53927,2484,427,947366,5888299
7683,3,6,2026-09-14,109359,1718,59,3092518,8744259
7684,3,4,2026-09-14,40431,1317,235,6748329,20157654
7685,3,5,2026-09-14,29296,1301,103,4105088,19585131
7686,4,4,2026-09-14,115645,7306,1045,3611903,16891139
7687,4,3,2026-09-14,65028,5278,717,5232077,33261908
7688,4,6,2026-09-14,67874,5977,199,792063,3584381
7689,5,5,2026-09-14,108844,7774,1059,2324195,9208406
7690,5,3,2026-09-14,85210,6284,1021,3875435,27378170
7691,5,1,2026-09-14,29355,698,92,5639079,14890304
7692,6,1,2026-09-14,33875,2667,436,2143211,16113009
7693,6,4,2026-09-14,108615,1732,91,2785861,9721241
7694,6,3,2026-09-14,83172,1248,122,4730738,13822322
7695,7,2,2026-09-14,13180,1121,166,3469480,10993372
7696,7,5,2026-09-14,118725,2281,86,723467,3683159
7697,7,6,2026-09-14,20958,938,26,3936169,29852636
7698,8,1,2026-09-14,40283,961,89,5116067,32429277
7699,8,3,2026-09-14,94266,4731,555,5960070,22149948
7700,8,6,2026-09-14,82912,4820,316,4017532,10821933
7701,9,4,2026-09-14,85725,3987,123,1547547,5257708
7702,9,1,2026-09-14,118091,10009,550,4604324,30007249
7703,9,6,2026-09-14,69236,3848,268,4235022,22081029
7704,9,2,2026-09-14,78817,4369,720,1584552,6394920
7705,10,4,2026-09-14,86490,3913,410,3585889,20537635
7706,10,3,2026-09-14,61466,5514,504,2427649,19478436
7707,1,6,2026-09-15,6600,530,90,5080503,34436550
7708,1,2,2026-09-15,13493,1112,68,3092984,18689223
7709,2,1,2026-09-15,116676,8410,1434,3526630,18387729
7710,2,6,2026-09-15,24842,1726,58,3047518,14601109
7711,2,2,2026-09-15,105233,7354,1284,2623840,6839249
7712,3,5,2026-09-15,43505,3107,263,5409720,34380737
7713,3,2,2026-09-15,114120,8523,1279,5674686,22357440
7714,4,4,2026-09-15,12331,710,90,1706522,11064169
7715,4,3,2026-09-15,107579,3361,124,5082006,25155314
7716,5,4,2026-09-15,16245,1213,47,5783310,43248003
7717,5,5,2026-09-15,13222,559,57,925461,6251467
7718,6,5,2026-09-15,41145,3402,391,2848994,14510647
7719,6,1,2026-09-15,45013,1625,100,6759122,30975029
7720,6,6,2026-09-15,110566,6188,449,5373833,37958120
7721,7,3,2026-09-15,79007,6438,1158,6199900,38785592
7722,7,2,2026-09-15,14521,895,116,3940781,28521948
7723,7,4,2026-09-15,75111,4487,104,4498773,34025756
7724,7,6,2026-09-15,60830,5279,147,3846251,28697611
7725,8,1,2026-09-15,61216,5034,444,6360892,30738599
7726,8,3,2026-09-15,18477,938,88,1576010,11838290
7727,8,5,2026-09-15,41478,1129,22,4232493,11854865
7728,8,6,2026-09-15,8905,362,37,3191045,18591753
7729,9,6,2026-09-15,86667,5508,537,6039192,36455292
7730,9,1,2026-09-15,97042,3801,370,2689676,22837477
7731,9,3,2026-09-15,9388,303,15,3366037,9717750
7732,10,4,2026-09-15,82264,4679,419,6785868,23166855
7733,10,1,2026-09-15,45647,2775,336,4227934,21207610
7734,10,6,2026-09-15,89576,7791,916,5247567,43510688
7735,10,2,2026-09-15,50381,4019,679,1819593,15416366
7736,1,5,2026-09-16,9967,211,8,3684933,14350722
7737,1,6,2026-09-16,39387,3344,513,1515702,7818597
7738,2,6,2026-09-16,74665,2953,203,5995808,20940646
7739,2,4,2026-09-16,71342,1992,236,6537240,30479630
7740,2,1,2026-09-16,53592,1864,244,2448053,14025509
7741,3,1,2026-09-16,73496,4594,178,2928566,18706868
7742,3,2,2026-09-16,49416,2510,291,6832014,21165051
7743,4,1,2026-09-16,53288,4020,240,2017839,10741590
7744,4,2,2026-09-16,6825,360,19,4452122,17600483
7745,4,3,2026-09-16,65666,2559,119,2982492,10134271
7746,5,2,2026-09-16,37914,2555,90,2015607,11919552
7747,5,6,2026-09-16,109553,7741,1135,3927661,17499206
7748,5,3,2026-09-16,62301,1709,35,1954889,15285039
7749,5,1,2026-09-16,53992,886,77,2472888,18893146
7750,6,3,2026-09-16,44953,3310,156,2754556,7575037
7751,6,5,2026-09-16,117449,7740,351,3479639,12607050
7752,6,1,2026-09-16,101294,4157,376,1807430,10770910
7753,7,6,2026-09-16,119904,8567,1034,3329977,25686119
7754,7,4,2026-09-16,65690,4552,368,4692078,13433065
7755,7,1,2026-09-16,51145,2832,431,1439868,7211421
7756,7,2,2026-09-16,104055,3143,418,993695,8279227
7757,8,3,2026-09-16,16056,686,107,5634404,45902120
7758,8,1,2026-09-16,102945,1732,249,2822796,20047116
7759,8,5,2026-09-16,113715,9419,618,4023101,21567024
7760,9,4,2026-09-16,32727,2297,78,3987471,33596829
7761,9,5,2026-09-16,82050,4536,96,560253,4297336
7762,9,6,2026-09-16,95478,8386,614,4543607,16383640
7763,10,5,2026-09-16,24665,1581,228,5827792,44951497
7764,10,1,2026-09-16,56163,4216,306,6070798,42413765
7765,10,2,2026-09-16,115760,3431,422,6944618,49015101
7766,10,3,2026-09-16,40367,3047,222,1629866,10199018
7767,1,2,2026-09-17,6576,365,58,2023965,14591889
7768,1,6,2026-09-17,106136,4838,295,2555089,18651874
7769,1,5,2026-09-17,22237,1314,170,3543405,11452793
7770,2,1,2026-09-17,93837,7617,610,6414392,32682203
7771,2,4,2026-09-17,82676,6184,323,5323305,21708218
7772,2,6,2026-09-17,14730,261,21,4739928,17528662
7773,2,3,2026-09-17,99429,2624,111,3497182,11800257
7774,3,5,2026-09-17,95966,2774,280,6181241,33824922
7775,3,4,2026-09-17,109695,2515,73,3835875,24570968
7776,3,1,2026-09-17,88096,1403,112,3093867,19825648
7777,3,2,2026-09-17,90263,6469,1074,2950619,18468790
7778,4,5,2026-09-17,23372,726,34,4735040,27358071
7779,4,4,2026-09-17,81340,5338,809,5982115,49635140
7780,4,3,2026-09-17,76883,6282,889,4653618,37768241
7781,4,1,2026-09-17,104945,1818,56,330413,1738745
7782,5,5,2026-09-17,97273,4379,258,3772849,21007345
7783,5,2,2026-09-17,71531,4560,807,5856152,32405206
7784,5,6,2026-09-17,39219,2888,183,4393424,14524592
7785,6,2,2026-09-17,61561,4888,656,4446916,37627502
7786,6,6,2026-09-17,116893,5406,855,6854342,56320288
7787,7,6,2026-09-17,14951,991,99,2853741,11122770
7788,7,5,2026-09-17,43933,2960,81,5259956,44184902
7789,8,4,2026-09-17,98843,7317,353,4958395,16011528
7790,8,3,2026-09-17,104515,9098,277,4709131,35739342
7791,8,6,2026-09-17,66934,2405,112,1067524,7238244
7792,8,5,2026-09-17,95767,7834,288,1637891,13573437
7793,9,5,2026-09-17,55809,867,25,6054907,22857689
7794,9,4,2026-09-17,22423,457,47,4056167,29282715
7795,9,3,2026-09-17,7223,275,36,1479070,8081017
7796,10,5,2026-09-17,119411,2501,177,1698861,4493581
7797,10,6,2026-09-17,33658,566,35,3496520,15959579
7798,10,1,2026-09-17,118441,5805,930,1050200,6111542
7799,1,1,2026-09-18,17696,1505,34,882539,4640480
7800,1,6,2026-09-18,91351,7117,1005,840524,3238551
7801,1,3,2026-09-18,118697,7453,335,4856848,31152098
7802,1,5,2026-09-18,14851,462,42,568342,2023162
7803,2,6,2026-09-18,45859,704,111,6638158,27637919
7804,2,5,2026-09-18,85757,3778,598,2281561,16873890
7805,2,1,2026-09-18,9699,826,81,4418197,15199997
7806,2,3,2026-09-18,87938,6219,487,6139378,41612844
7807,3,1,2026-09-18,94810,7732,588,2321465,19183533
7808,3,4,2026-09-18,52503,894,154,6258067,22685252
7809,3,2,2026-09-18,22307,879,27,2919839,22069596
7810,3,3,2026-09-18,80522,2851,485,4371407,17334907
7811,4,6,2026-09-18,18172,554,69,545939,3302981
7812,4,1,2026-09-18,63081,1906,301,5219842,39198048
7813,4,3,2026-09-18,113400,8444,565,301011,1615391
7814,5,6,2026-09-18,49298,2836,365,3780208,17103943
7815,5,2,2026-09-18,35998,2061,114,3520313,13559283
7816,6,3,2026-09-18,34004,2053,234,4530965,11855711
7817,6,4,2026-09-18,6528,111,12,1155400,5604949
7818,6,6,2026-09-18,94347,4084,317,1076137,7296434
7819,6,1,2026-09-18,61429,3314,410,2548063,12352937
7820,7,1,2026-09-18,80700,2757,334,3405197,26231885
7821,7,2,2026-09-18,52284,2787,356,6327719,51909966
7822,8,6,2026-09-18,12687,283,10,5715726,45663758
7823,8,3,2026-09-18,7786,198,9,1096266,5209251
7824,8,2,2026-09-18,50620,1158,119,5366711,13641078
7825,9,1,2026-09-18,105353,4338,403,3181870,10245322
7826,9,5,2026-09-18,102383,5976,273,4171148,22269602
7827,9,6,2026-09-18,51441,3867,250,1089735,8513426
7828,9,2,2026-09-18,89869,2423,104,5646675,44862050
7829,10,3,2026-09-18,60702,3359,466,5638999,32980198
7830,10,2,2026-09-18,104436,6571,956,1681332,4305803
7831,10,4,2026-09-18,5458,187,32,4961631,41551067
7832,10,5,2026-09-18,15529,1269,193,3516641,25312671
7833,1,2,2026-09-19,54361,3881,132,2745028,19794862
7834,1,3,2026-09-19,99710,8703,1372,4234385,13507627
7835,1,4,2026-09-19,81289,6923,1177,3127932,11908966
7836,2,3,2026-09-19,51547,832,91,727174,2034955
7837,2,5,2026-09-19,87330,5352,122,3877985,26422242
7838,2,6,2026-09-19,50887,1927,98,2943545,14860051
7839,3,2,2026-09-19,82791,2820,242,1078765,2943007
7840,3,4,2026-09-19,107671,6542,722,1637868,6660267
7841,3,6,2026-09-19,12430,787,30,6253946,31792794
7842,4,4,2026-09-19,114581,3421,71,2779686,8822930
7843,4,1,2026-09-19,12765,942,20,1755092,8210377
7844,4,2,2026-09-19,48991,1921,319,5842705,37688453
7845,5,3,2026-09-19,63996,2981,533,4880092,13024913
7846,5,1,2026-09-19,80497,3298,554,4425403,20887272
7847,6,1,2026-09-19,63868,3899,296,4908405,20168499
7848,6,6,2026-09-19,26590,1503,137,5446954,20289883
7849,6,4,2026-09-19,103978,8171,1134,5487825,34482784
7850,6,5,2026-09-19,18542,314,52,6702576,52519786
7851,7,2,2026-09-19,91633,8079,722,1215100,4033776
7852,7,5,2026-09-19,12983,955,163,2689844,12961771
7853,7,4,2026-09-19,99483,4542,775,4322416,20558025
7854,7,3,2026-09-19,65756,3723,286,1722482,7725957
7855,8,5,2026-09-19,51267,991,127,5742287,44224723
7856,8,3,2026-09-19,45069,1513,268,5111643,30578332
7857,9,3,2026-09-19,7046,571,64,1731363,9674594
7858,9,4,2026-09-19,20703,323,33,5573439,25134431
7859,10,3,2026-09-19,74299,4882,217,6033430,27158751
7860,10,2,2026-09-19,6468,216,36,5941999,45837436
7861,1,4,2026-09-20,104949,9166,1446,5021092,36402584
7862,1,3,2026-09-20,74349,1312,99,4746661,36252615
7863,1,1,2026-09-20,111079,6704,1206,658242,5003432
7864,1,5,2026-09-20,49415,1463,256,4401913,16797183
7865,2,6,2026-09-20,34488,2617,147,4723263,20012724
7866,2,5,2026-09-20,18710,1315,160,4191628,30391340
7867,3,2,2026-09-20,7277,288,44,1151860,6878720
7868,3,1,2026-09-20,9588,576,101,2759853,22987747
7869,3,5,2026-09-20,104551,3971,674,2626551,6952463
7870,3,3,2026-09-20,62212,3691,657,1276072,10001551
7871,4,5,2026-09-20,109658,5214,277,5698206,24679679
7872,4,4,2026-09-20,20262,1476,248,2962779,20652534
7873,5,4,2026-09-20,84728,3269,543,5542307,19292738
7874,5,6,2026-09-20,54431,1551,132,1676276,11391937
7875,5,5,2026-09-20,33631,926,57,2215638,12040140
7876,6,2,2026-09-20,15334,886,157,3038585,15054438
7877,6,5,2026-09-20,105242,4113,612,1216115,9781847
7878,7,1,2026-09-20,30060,498,45,4648347,29801779
7879,7,2,2026-09-20,35235,925,103,4553149,23511309
7880,7,3,2026-09-20,111254,7469,251,5610534,39224502
7881,8,3,2026-09-20,81416,1851,271,1643372,10820370
7882,8,1,2026-09-20,29390,2349,207,2315908,11923729
7883,9,6,2026-09-20,75007,1379,75,931202,5264261
7884,9,2,2026-09-20,39444,1161,37,3189524,24421949
7885,9,4,2026-09-20,68117,4678,695,6588197,38667620
7886,9,1,2026-09-20,59270,1441,53,2707112,14259977
7887,10,1,2026-09-20,31866,1088,115,6936596,48560839
7888,10,4,2026-09-20,101073,4122,162,3014746,24390625
7889,1,3,2026-09-21,13416,857,123,4593757,26197056
7890,1,4,2026-09-21,82654,2331,196,4271323,27005560
7891,1,2,2026-09-21,7468,119,18,4684583,36671216
7892,2,2,2026-09-21,10943,266,28,3369461,18004832
7893,2,5,2026-09-21,101442,9094,333,3433332,27163977
7894,2,6,2026-09-21,6281,338,59,5986006,43417812
7895,3,1,2026-09-21,103442,8920,363,2685156,21986120
7896,3,5,2026-09-21,110700,7601,827,6857782,24158853
7897,3,6,2026-09-21,13598,680,42,3466978,9374381
7898,4,4,2026-09-21,15248,528,27,1085918,6078617
7899,4,2,2026-09-21,29901,1460,60,1572587,9493447
7900,4,6,2026-09-21,31400,1695,303,2862961,12986898
7901,4,1,2026-09-21,90188,2903,418,5687067,32120232
7902,5,2,2026-09-21,15604,704,69,2439696,14598618
7903,5,3,2026-09-21,100073,5083,557,3715188,21659168
7904,5,1,2026-09-21,17551,531,30,6407407,34282076
7905,5,5,2026-09-21,22235,1814,83,4388458,32294601
7906,6,1,2026-09-21,50266,4139,519,1855274,8701721
7907,6,5,2026-09-21,71041,3915,99,1767220,5355093
7908,6,6,2026-09-21,57104,2940,250,5766549,22669060
7909,6,2,2026-09-21,71015,2721,452,4272516,30144125
7910,7,4,2026-09-21,71964,3740,432,420554,2242588
7911,7,1,2026-09-21,59216,4944,641,4752287,26388843
7912,7,2,2026-09-21,5498,222,5,5229650,15837770
7913,8,5,2026-09-21,74610,3977,234,5413551,34117390
7914,8,1,2026-09-21,83870,5334,387,5620077,33180639
7915,8,2,2026-09-21,104199,9343,1348,1602437,13289412
7916,9,4,2026-09-21,17636,626,69,2396544,14526389
7917,9,5,2026-09-21,37123,2860,250,4633409,31853421
7918,10,2,2026-09-21,62497,1722,117,4592278,22896838
7919,10,1,2026-09-21,117697,7760,578,5937382,44463429
7920,1,2,2026-09-22,112164,7529,750,546277,1577160
7921,1,1,2026-09-22,80497,2894,285,1010114,4203794
7922,2,2,2026-09-22,5114,174,15,1629271,4436325
7923,2,5,2026-09-22,78641,2368,206,2690486,15580587
7924,3,5,2026-09-22,29355,911,83,5723573,47797348
7925,3,3,2026-09-22,60801,4116,398,2156946,15784327
7926,3,4,2026-09-22,22030,1648,154,3716072,9855035
7927,4,2,2026-09-22,88967,1776,103,4975237,29423881
7928,4,5,2026-09-22,81300,1519,117,4280542,18195150
7929,4,3,2026-09-22,96493,4435,478,5705753,21772157
7930,5,4,2026-09-22,67341,4754,728,3793735,27263060
7931,5,2,2026-09-22,117804,6248,478,3174388,17113485
7932,5,5,2026-09-22,68132,4672,758,3338283,19619592
7933,6,5,2026-09-22,35633,1640,173,6013823,48549185
7934,6,3,2026-09-22,72247,6025,305,2746429,12008288
7935,6,6,2026-09-22,119842,6881,320,6663457,41425440
7936,6,4,2026-09-22,54457,970,39,2539581,11291906
7937,7,3,2026-09-22,70081,4417,198,4321404,31857702
7938,7,4,2026-09-22,27683,1698,248,5230105,30503790
7939,8,4,2026-09-22,99802,1522,87,6346244,31516773
7940,8,1,2026-09-22,105146,2853,190,2168927,16276085
7941,9,6,2026-09-22,69336,2368,284,3966184,24454202
7942,9,1,2026-09-22,112739,6332,136,6433339,30570817
7943,9,3,2026-09-22,46814,3716,83,3766203,26966741
7944,9,5,2026-09-22,18326,1119,128,325846,2508934
7945,10,6,2026-09-22,108639,3313,108,1372945,8560162
7946,10,5,2026-09-22,9230,253,24,3379810,20374567
7947,10,2,2026-09-22,28804,1207,32,3685088,17470564
7948,10,3,2026-09-22,52768,2235,214,4674048,22286608
7949,1,2,2026-09-23,94848,7871,781,6576483,46212012
7950,1,5,2026-09-23,107788,4372,128,3130181,26432479
7951,1,1,2026-09-23,67763,2084,280,6701473,55217415
7952,1,4,2026-09-23,42204,999,111,355612,2550757
7953,2,4,2026-09-23,110392,7236,222,3176223,11631557
7954,2,6,2026-09-23,15392,739,62,6112578,21315433
7955,2,1,2026-09-23,43256,2899,232,4184114,28093322
7956,2,2,2026-09-23,16980,904,60,2230580,15736481
7957,3,5,2026-09-23,65053,2597,381,2505006,12172307
7958,3,4,2026-09-23,7189,315,15,6799677,57777681
7959,3,3,2026-09-23,59777,992,50,4703103,27180654
7960,4,3,2026-09-23,57462,2487,69,6207293,44620283
7961,4,5,2026-09-23,100143,7607,292,4211211,29675521
7962,4,4,2026-09-23,72833,4129,273,2725365,17269408
7963,4,6,2026-09-23,30292,1406,78,2865290,16213692
7964,5,3,2026-09-23,110119,7789,306,5029126,39121626
7965,5,1,2026-09-23,118584,5782,167,1681735,5800293
7966,5,2,2026-09-23,102309,8393,447,484716,2958688
7967,6,3,2026-09-23,94981,2588,379,2604165,22035927
7968,6,6,2026-09-23,98451,3865,591,5389022,33223227
7969,6,2,2026-09-23,9004,756,72,3174259,15574348
7970,6,1,2026-09-23,107451,8477,1194,4369427,14361082
7971,7,1,2026-09-23,88969,2734,238,4047571,31089839
7972,7,4,2026-09-23,30963,1491,47,6012730,28390538
7973,8,3,2026-09-23,35951,1614,149,3484697,29552387
7974,8,1,2026-09-23,84456,3555,401,6114984,38906976
7975,9,2,2026-09-23,55204,2813,266,5243854,26376884
7976,9,6,2026-09-23,46105,1827,168,1292120,9502696
7977,9,3,2026-09-23,8946,696,47,2514358,16393855
7978,9,4,2026-09-23,26395,1461,175,6069262,25290506
7979,10,2,2026-09-23,54423,4246,388,5093450,21254872
7980,10,5,2026-09-23,20870,681,55,4384449,18051727
7981,10,6,2026-09-23,76552,4139,639,5369529,45324218
7982,1,5,2026-09-24,72923,3412,376,960350,8087501
7983,1,1,2026-09-24,43930,1061,138,3014151,18098509
7984,1,4,2026-09-24,102764,7127,853,5416252,15261008
7985,2,3,2026-09-24,41547,1203,34,1455172,6801192
7986,2,6,2026-09-24,40742,1661,73,5003662,24877150
7987,2,4,2026-09-24,12983,780,47,5746132,19988821
7988,3,3,2026-09-24,46629,4127,658,2360981,14557115
7989,3,1,2026-09-24,38102,1662,35,4065092,23483344
7990,3,4,2026-09-24,78249,6693,167,2935248,14627604
7991,4,5,2026-09-24,90481,5745,606,4329121,22746525
7992,4,1,2026-09-24,99316,4988,123,1905491,11345895
7993,4,6,2026-09-24,93125,5755,886,5338452,33458945
7994,4,3,2026-09-24,47245,2103,361,5433473,43913186
7995,5,6,2026-09-24,111754,3728,529,4319837,30956991
7996,5,3,2026-09-24,13788,743,36,3709012,25542893
7997,5,4,2026-09-24,101314,7334,765,887216,4367343
7998,6,2,2026-09-24,56423,1724,181,2328282,5965300
7999,6,5,2026-09-24,30936,794,117,1389056,5998329
8000,7,5,2026-09-24,84959,2885,240,2622010,15475444
8001,7,4,2026-09-24,64311,1110,77,3606347,15441146
8002,7,3,2026-09-24,110232,3707,226,5024010,32148823
8003,7,1,2026-09-24,42652,969,36,4201352,20089788
8004,8,5,2026-09-24,116128,2406,116,4754663,29452558
8005,8,1,2026-09-24,38379,3217,148,376770,3015191
8006,9,5,2026-09-24,37256,2957,211,2722926,17148735
8007,9,2,2026-09-24,57348,3116,370,5321994,14564021
8008,9,1,2026-09-24,15437,927,148,1878263,5703992
8009,9,6,2026-09-24,46436,1159,78,2584921,20302101
8010,10,3,2026-09-24,47867,2563,160,1519631,8013040
8011,10,4,2026-09-24,72799,3370,523,5766468,42468669
8012,1,4,2026-09-25,110424,3656,212,3057550,15640398
8013,1,5,2026-09-25,115288,7051,1161,467128,1430380
8014,1,2,2026-09-25,40094,1372,97,3602915,29828298
8015,2,4,2026-09-25,80403,6278,1043,6770384,31712448
8016,2,2,2026-09-25,100860,4647,141,2093532,6211256
8017,3,1,2026-09-25,92604,2643,225,1479048,5578528
8018,3,4,2026-09-25,88170,7929,627,3336708,13976323
8019,3,2,2026-09-25,103011,2036,307,816361,3120367
8020,4,3,2026-09-25,27744,1322,90,734527,2171817
8021,4,4,2026-09-25,83904,7195,1011,5481242,19388856
8022,4,5,2026-09-25,71864,5918,226,2817223,18531372
8023,4,6,2026-09-25,113443,4542,244,5673933,23109328
8024,5,3,2026-09-25,21432,1654,174,3847007,28224035
8025,5,4,2026-09-25,89740,1361,178,4588115,13800800
8026,6,5,2026-09-25,98271,4824,353,912233,3620819
8027,6,3,2026-09-25,105230,3609,97,5942683,24598276
8028,7,5,2026-09-25,7419,319,51,1462292,9533061
8029,7,3,2026-09-25,11788,847,107,2944659,20945520
8030,8,6,2026-09-25,22188,431,51,5852186,36658120
8031,8,3,2026-09-25,61460,1422,170,6862055,46882338
8032,8,1,2026-09-25,106095,6301,346,3987876,13691201
8033,9,1,2026-09-25,20575,795,50,2895232,11197026
8034,9,2,2026-09-25,105115,6274,376,6662336,21761019
8035,10,6,2026-09-25,38315,2507,74,1683358,12082742
8036,10,3,2026-09-25,100858,7217,268,3277290,26560888
8037,1,4,2026-09-26,70078,2328,374,3171167,20952667
8038,1,5,2026-09-26,81261,1383,36,6667004,27530731
8039,2,6,2026-09-26,86625,2332,191,510622,4014325
8040,2,2,2026-09-26,94306,3991,532,6229567,28513672
8041,2,5,2026-09-26,100004,8945,1350,4536160,19547221
8042,2,3,2026-09-26,70251,3010,443,6450823,51894784
8043,3,6,2026-09-26,36843,2217,318,2040810,5979248
8044,3,2,2026-09-26,80805,5345,174,4825624,26673658
8045,3,5,2026-09-26,51332,3703,398,4752294,38145634
8046,3,3,2026-09-26,107919,8747,1490,426884,2805958
8047,4,3,2026-09-26,118910,9189,539,4038784,22659975
8048,4,4,2026-09-26,6588,435,13,5354221,31454585
8049,4,2,2026-09-26,111643,4700,577,6733018,44319983
8050,4,6,2026-09-26,43326,1963,288,6103458,42037268
8051,5,3,2026-09-26,25626,1670,214,3464090,21969193
8052,5,6,2026-09-26,5464,449,74,4053978,12552884
8053,5,4,2026-09-26,75030,5667,573,3292056,18509394
8054,6,1,2026-09-26,92101,2294,224,5861738,46527882
8055,6,5,2026-09-26,10982,372,54,5210860,41516297
8056,6,6,2026-09-26,65648,5814,309,475067,2991366
8057,7,5,2026-09-26,69871,2044,95,1550283,6646424
8058,7,3,2026-09-26,109127,3727,608,2555830,6589400
8059,7,4,2026-09-26,67608,2208,79,4358293,13006189
8060,8,6,2026-09-26,13856,395,55,6652816,32501553
8061,8,5,2026-09-26,28567,1736,304,904100,6247192
8062,8,1,2026-09-26,86052,6489,392,1351304,10620224
8063,8,4,2026-09-26,15820,1398,201,3590905,17920961
8064,9,3,2026-09-26,8826,455,50,3207221,11538630
8065,9,4,2026-09-26,49780,2315,96,6180466,41677922
8066,9,1,2026-09-26,76264,2562,442,6691087,46882287
8067,10,6,2026-09-26,14861,1043,34,4703108,17999915
8068,10,1,2026-09-26,16872,671,119,692174,1977187
8069,1,3,2026-09-27,119855,5191,681,2068278,16952446
8070,1,1,2026-09-27,77068,3339,495,1544595,9016289
8071,1,4,2026-09-27,91958,3001,251,1476879,5573089
8072,2,4,2026-09-27,67153,1589,128,6933105,33699961
8073,2,3,2026-09-27,61368,3011,370,4422530,35147274
8074,2,5,2026-09-27,74253,4074,484,907332,3660014
8075,3,1,2026-09-27,26094,1969,47,5842377,23622386
8076,3,6,2026-09-27,86350,6540,1001,6339748,17617675
8077,3,5,2026-09-27,18727,1201,111,6464366,29536150
8078,3,2,2026-09-27,56210,1987,242,5987533,30364998
8079,4,5,2026-09-27,104135,4410,506,2189731,16058034
8080,4,3,2026-09-27,34480,1547,145,6408837,28334750
8081,4,4,2026-09-27,82210,5859,980,6744225,36656370
8082,5,1,2026-09-27,113084,9682,1013,4829294,32826588
8083,5,6,2026-09-27,57719,2227,121,660570,3783930
8084,5,2,2026-09-27,42881,1658,89,2519324,19554645
8085,5,3,2026-09-27,8251,286,43,1760433,4676138
8086,6,1,2026-09-27,25173,1118,159,3231935,14625501
8087,6,6,2026-09-27,63546,2608,391,6808038,42185239
8088,6,5,2026-09-27,110505,4066,544,3860016,14532628
8089,7,3,2026-09-27,18644,938,141,5623876,20886698
8090,7,1,2026-09-27,30225,2363,179,1674506,5087799
8091,8,4,2026-09-27,94804,3186,78,6731308,53455297
8092,8,2,2026-09-27,107599,9248,1543,4942169,40028556
8093,9,6,2026-09-27,15364,354,50,4512067,11840512
8094,9,1,2026-09-27,44917,3038,173,3637053,30512827
8095,9,4,2026-09-27,94314,7278,686,4357636,14211221
8096,9,3,2026-09-27,18097,452,16,3694610,20686838
8097,10,5,2026-09-27,17419,1521,237,4107389,34894081
8098,10,6,2026-09-27,61218,5391,895,1379575,4154569
8099,1,4,2026-09-28,31473,2426,223,909780,2342656
8100,1,6,2026-09-28,105247,1630,135,3742688,21168184
8101,2,3,2026-09-28,18218,670,108,3235323,25071163
8102,2,4,2026-09-28,115088,4409,475,3115915,11368674
8103,2,6,2026-09-28,66159,2440,121,1746149,7691874
8104,3,4,2026-09-28,99037,5068,712,6008571,44930686
8105,3,5,2026-09-28,54011,1168,140,3535874,9561143
8106,3,6,2026-09-28,100046,2709,343,2390057,15390826
8107,4,1,2026-09-28,99961,1626,192,6276740,40038630
8108,4,6,2026-09-28,13096,863,127,943206,4345238
8109,4,3,2026-09-28,105615,2357,277,3487496,23960388
8110,4,4,2026-09-28,87728,6167,262,786158,5033770
8111,5,4,2026-09-28,99074,5877,188,1067262,4982393
8112,5,2,2026-09-28,89206,5410,718,6060441,40049513
8113,5,3,2026-09-28,117523,3789,563,4537292,32402501
8114,6,4,2026-09-28,104190,9283,1398,6033494,50281879
8115,6,2,2026-09-28,106491,1735,86,6466552,45806851
8116,7,3,2026-09-28,57114,1086,165,1919111,5105358
8117,7,4,2026-09-28,80456,4436,338,1003361,6354713
8118,8,3,2026-09-28,40928,3117,164,2394456,10608373
8119,8,2,2026-09-28,74133,1452,260,4681381,25713170
8120,9,6,2026-09-28,24001,890,117,1089333,7323577
8121,9,2,2026-09-28,65786,2899,101,4802842,26149732
8122,9,3,2026-09-28,43041,1424,169,2699557,14843938
8123,9,5,2026-09-28,22102,1330,69,3578598,20289238
8124,10,3,2026-09-28,84172,5803,708,5196439,39447274
8125,10,5,2026-09-28,18663,868,40,6252195,37734455
8126,10,4,2026-09-28,77939,2993,186,6923830,23722357
8127,10,1,2026-09-28,23331,1116,184,2172714,6762504
8128,1,3,2026-09-29,17606,436,62,5000976,39853860
8129,1,5,2026-09-29,56557,5017,279,358890,1448706
8130,2,5,2026-09-29,118657,8385,518,4222608,21332418
8131,2,4,2026-09-29,98719,2829,404,2844693,13954961
8132,3,4,2026-09-29,59030,3509,107,3409712,10000349
8133,3,5,2026-09-29,18672,626,81,1504459,9438822
8134,3,3,2026-09-29,43937,1738,213,544655,3687398
8135,3,1,2026-09-29,114315,4519,542,3273317,24004739
8136,4,3,2026-09-29,68530,3166,221,4155643,23296295
8137,4,6,2026-09-29,20077,641,81,1297768,4636669
8138,4,1,2026-09-29,62109,1148,121,2270257,8352379
8139,5,3,2026-09-29,119516,8796,1470,3339258,10888607
8140,5,5,2026-09-29,113279,9799,1382,4802593,15426800
8141,5,2,2026-09-29,119380,1929,96,3358395,24655839
8142,5,6,2026-09-29,45529,1051,92,3259889,14240562
8143,6,3,2026-09-29,18526,1173,132,1216150,3278275
8144,6,1,2026-09-29,18083,668,96,2165521,12796139
8145,7,6,2026-09-29,71380,5457,314,2928842,16456181
8146,7,1,2026-09-29,41927,2390,390,368737,2413458
8147,7,2,2026-09-29,22651,1118,35,4011471,33607615
8148,7,3,2026-09-29,96397,2205,157,5728894,31574288
8149,8,2,2026-09-29,114191,6771,873,2663776,10997309
8150,8,5,2026-09-29,79700,6635,400,4713757,11840722
8151,8,1,2026-09-29,30205,518,76,6647536,38071500
8152,9,2,2026-09-29,39265,3027,353,6707590,32426959
8153,9,6,2026-09-29,77856,5540,139,6126182,36084868
8154,9,1,2026-09-29,65893,3067,219,3789379,24023650
8155,9,5,2026-09-29,77757,3806,154,419582,3387195
8156,10,5,2026-09-29,46975,2183,389,666985,5619539
8157,10,4,2026-09-29,77669,1212,136,515793,3360269
8158,1,5,2026-09-30,72037,1153,152,300426,751898
8159,1,6,2026-09-30,30574,1504,67,3632736,27941553
8160,2,4,2026-09-30,104058,9354,202,891569,2557452
8161,2,2,2026-09-30,117552,6545,1072,3857623,22862663
8162,2,5,2026-09-30,27289,2332,123,6235813,37676188
8163,2,1,2026-09-30,54605,4688,387,1246641,5856304
8164,3,3,2026-09-30,80816,7225,213,321880,2423867
8165,3,1,2026-09-30,93993,7717,715,1424836,8859492
8166,4,6,2026-09-30,45403,3571,604,5854970,34261156
8167,4,5,2026-09-30,33398,1332,190,2294065,9951902
8168,5,6,2026-09-30,31244,1779,255,5641821,41863495
8169,5,4,2026-09-30,68875,4364,275,3016271,13895612
8170,6,1,2026-09-30,23454,1708,238,2311245,10762865
8171,6,5,2026-09-30,116303,6319,478,1545782,12139596
8172,7,2,2026-09-30,33252,2113,318,1117437,8743848
8173,7,3,2026-09-30,15701,1015,24,2994248,24732942
8174,7,4,2026-09-30,77756,4013,213,6156930,38896230
8175,7,5,2026-09-30,81941,3744,237,5208900,31819651
8176,8,6,2026-09-30,44014,873,82,3049333,19098898
8177,8,5,2026-09-30,25555,1633,81,5297919,38062865
8178,9,5,2026-09-30,116517,4048,431,895868,5262817
8179,9,1,2026-09-30,85737,7448,712,1656747,9244546
8180,9,3,2026-09-30,49195,3627,247,6496467,35093110
8181,9,2,2026-09-30,81926,2810,434,5134497,39599808
8182,10,2,2026-09-30,50428,3536,546,4437677,28581819
8183,10,5,2026-09-30,7805,601,65,5853284,15423545
8184,10,4,2026-09-30,64877,4876,160,4475327,18847157
8185,1,6,2026-10-01,63505,2483,108,5474996,17920132
8186,1,3,2026-10-01,50068,4485,738,6670187,31627810
8187,2,4,2026-10-01,95121,5330,468,5331421,36645600
8188,2,5,2026-10-01,5188,118,15,5015454,15885534
8189,2,1,2026-10-01,107288,3307,519,2591755,17422586
8190,2,3,2026-10-01,43456,2674,473,2694471,19422642
8191,3,1,2026-10-01,20216,1170,30,5759948,29898940
8192,3,6,2026-10-01,23216,884,55,3864904,10836047
8193,3,2,2026-10-01,52125,3943,377,4365043,34419402
8194,3,4,2026-10-01,114790,4194,405,2723008,14291630
8195,4,1,2026-10-01,32869,1314,54,4801305,29380682
8196,4,5,2026-10-01,85998,1899,276,776359,2113032
8197,5,4,2026-10-01,65319,2485,355,975297,5392748
8198,5,2,2026-10-01,112475,3915,563,682185,4480414
8199,5,3,2026-10-01,25563,756,53,5028417,26954311
8200,5,6,2026-10-01,50120,2468,134,6819257,50849737
8201,6,6,2026-10-01,50117,4350,337,3296661,15106202
8202,6,2,2026-10-01,48497,2578,281,3522683,27338867
8203,6,4,2026-10-01,52197,878,151,6693838,32177889
8204,6,5,2026-10-01,70662,3587,168,3662626,15966409
8205,7,4,2026-10-01,11720,223,16,2491051,12284011
8206,7,1,2026-10-01,39736,1611,96,2696744,13937697
8207,7,2,2026-10-01,71809,2957,335,5630413,35246741
8208,7,5,2026-10-01,71679,2613,242,2704549,20039511
8209,8,6,2026-10-01,48114,3126,255,6718550,24690361
8210,8,3,2026-10-01,10291,484,80,5742192,18004216
8211,8,5,2026-10-01,13607,737,84,5738605,18499861
8212,8,1,2026-10-01,75099,4759,746,3353217,21560282
8213,9,3,2026-10-01,26434,749,77,1165640,7566202
8214,9,5,2026-10-01,37263,3030,374,2722721,8057462
8215,9,6,2026-10-01,92521,5652,879,4175688,28448143
8216,10,5,2026-10-01,117820,2721,356,4003457,26754371
8217,10,1,2026-10-01,65395,2425,365,3479439,9775873
8218,1,5,2026-10-02,118517,7049,515,1602334,8221472
8219,1,6,2026-10-02,38855,1233,106,6756330,27888944
8220,1,1,2026-10-02,38147,3429,181,5634026,24421244
8221,2,4,2026-10-02,98759,5226,172,5600369,38776131
8222,2,5,2026-10-02,96830,8151,1030,4153777,19932297
8223,2,2,2026-10-02,100312,3885,496,4827053,20551112
8224,3,5,2026-10-02,88162,3425,466,6123798,31734442
8225,3,4,2026-10-02,78975,5544,678,532347,4076311
8226,4,6,2026-10-02,22585,2020,46,2972234,19858911
8227,4,1,2026-10-02,69237,2592,109,5569869,47176226
8228,5,3,2026-10-02,104944,9197,834,5108565,22610407
8229,5,6,2026-10-02,79092,6352,222,1730844,8644810
8230,5,5,2026-10-02,16857,540,53,2328126,12120528
8231,5,4,2026-10-02,32486,753,77,6086352,24044841
8232,6,3,2026-10-02,35925,2599,463,3049636,18291735
8233,6,1,2026-10-02,27600,831,124,6113611,34223944
8234,6,2,2026-10-02,103191,2949,222,4493819,13325811
8235,6,6,2026-10-02,18320,1327,237,6167432,32634208
8236,7,3,2026-10-02,107669,3900,156,3753208,13913031
8237,7,1,2026-10-02,69987,4728,210,1135791,6006098
8238,8,1,2026-10-02,54851,834,100,4365081,21071210
8239,8,2,2026-10-02,113844,4241,225,2647425,17415664
8240,8,6,2026-10-02,5269,150,26,6568892,31216485
8241,8,4,2026-10-02,32270,1078,84,2629785,7739507
8242,9,6,2026-10-02,9945,754,54,1093880,5097393
8243,9,2,2026-10-02,99641,8039,506,5667273,46695199
8244,9,4,2026-10-02,34853,2998,469,1099596,5881833
8245,10,2,2026-10-02,39503,2755,405,2917163,16674228
8246,10,4,2026-10-02,27213,1201,145,6601226,22115887
8247,10,3,2026-10-02,99689,8909,653,5795695,30853362
8248,10,1,2026-10-02,119982,3315,85,2980636,24040628
8249,1,2,2026-10-03,15074,1312,234,5440603,14156589
8250,1,1,2026-10-03,39909,1692,177,5369366,17779192
8251,1,4,2026-10-03,52682,4131,191,2547792,7156804
8252,2,1,2026-10-03,78716,5872,1038,5875306,22636339
8253,2,3,2026-10-03,48839,2073,160,2312102,12843063
8254,2,4,2026-10-03,82341,4661,485,1590507,9287389
8255,3,5,2026-10-03,106962,5124,536,3567769,21332020
8256,3,6,2026-10-03,10549,192,14,3316313,18007534
8257,4,2,2026-10-03,5432,269,47,1355065,6689056
8258,4,5,2026-10-03,55897,842,107,384229,1661364
8259,5,3,2026-10-03,64635,4883,109,3759246,24722478
8260,5,1,2026-10-03,56338,2311,165,5293346,37540271
8261,5,5,2026-10-03,88077,7704,202,3636352,16139760
8262,6,5,2026-10-03,26470,797,52,653419,2621742
8263,6,4,2026-10-03,7378,144,8,837490,4978813
8264,6,2,2026-10-03,118692,2111,187,5028691,26732487
8265,7,6,2026-10-03,55043,3958,294,958791,6779270
8266,7,2,2026-10-03,109460,8233,1277,6329232,21404889
8267,8,2,2026-10-03,57152,1323,199,2114438,7286968
8268,8,5,2026-10-03,58891,3883,646,6677476,21526085
8269,9,6,2026-10-03,88363,3231,235,1443909,4871540
8270,9,2,2026-10-03,101763,6064,287,2312074,6090363
8271,10,6,2026-10-03,106449,7204,161,1109579,4043404
8272,10,2,2026-10-03,63666,3468,404,4868211,31428021
8273,1,3,2026-10-04,48635,953,108,4396220,25951092
8274,1,2,2026-10-04,98604,8371,616,6666387,23137660
8275,2,4,2026-10-04,58850,1693,109,6478331,43262280
8276,2,1,2026-10-04,41018,1870,183,3452864,14554720
8277,2,6,2026-10-04,105613,5840,1019,5300291,40861018
8278,3,5,2026-10-04,54278,1095,70,4929061,17918690
8279,3,3,2026-10-04,89140,4445,513,3589266,14270573
8280,3,2,2026-10-04,36127,1562,63,1874444,14919417
8281,4,3,2026-10-04,26478,1234,121,6849145,25251709
8282,4,4,2026-10-04,29512,1743,116,5318213,34627230
8283,4,5,2026-10-04,79997,4024,370,4115835,15117028
8284,4,6,2026-10-04,100195,7073,923,1929444,15779122
8285,5,1,2026-10-04,61646,1692,77,1860895,15723935
8286,5,3,2026-10-04,74478,5888,303,6345841,45805604
8287,6,5,2026-10-04,28147,1946,106,5344804,45250972
8288,6,3,2026-10-04,55434,1432,184,6771063,40527629
8289,7,3,2026-10-04,44229,910,63,1645553,5945629
8290,7,1,2026-10-04,25295,856,67,4014267,26301901
8291,7,5,2026-10-04,73472,4768,587,2149822,12795078
8292,7,2,2026-10-04,34713,2876,378,3223033,8726792
8293,8,2,2026-10-04,30770,1944,181,1247383,5756033
8294,8,5,2026-10-04,30788,2445,265,6401936,49992930
8295,8,6,2026-10-04,118224,3850,517,4047860,22468805
8296,9,3,2026-10-04,110726,9352,219,2332637,16502630
8297,9,5,2026-10-04,80930,5092,320,5009304,27016725
8298,9,1,2026-10-04,79761,3263,330,1853280,8473533
8299,9,6,2026-10-04,67521,1666,81,6156445,40542904
8300,10,1,2026-10-04,5587,318,50,887527,5187879
8301,10,4,2026-10-04,84036,6387,641,2799612,13614215
8302,1,3,2026-10-05,27044,1913,68,4894543,19566793
8303,1,4,2026-10-05,53068,4593,371,3345548,9193695
8304,1,6,2026-10-05,88627,6454,719,5874832,44239138
8305,2,6,2026-10-05,48639,3716,477,3395251,24843366
8306,2,1,2026-10-05,88249,5744,357,5550432,17316352
8307,2,2,2026-10-05,19492,1382,41,6595099,51082237
8308,3,6,2026-10-05,90635,3421,107,3846877,24844217
8309,3,4,2026-10-05,63418,2953,363,519531,3748785
8310,3,2,2026-10-05,79659,6138,1055,6498916,28455203
8311,4,3,2026-10-05,37552,1127,170,1730470,13061942
8312,4,4,2026-10-05,115413,8358,1183,6299098,21639268
8313,4,1,2026-10-05,61383,2394,373,6444683,24808977
8314,5,6,2026-10-05,33921,1267,37,5884725,46690009
8315,5,1,2026-10-05,115247,8353,1279,4313576,12626589
8316,5,3,2026-10-05,24576,2008,268,1894374,13770746
8317,6,5,2026-10-05,48928,3213,545,4775292,19028346
8318,6,1,2026-10-05,8953,550,89,3363154,13266368
8319,7,6,2026-10-05,26434,2362,109,6770409,33250221
8320,7,2,2026-10-05,81868,3955,356,4188475,12022724
8321,8,6,2026-10-05,41937,1142,98,2252502,6131496
8322,8,4,2026-10-05,91382,6422,601,965480,6668807
8323,8,3,2026-10-05,100910,2037,52,1434198,6118221
8324,9,5,2026-10-05,56344,3405,230,1380824,4320198
8325,9,1,2026-10-05,101847,5417,374,5219181,33493937
8326,9,3,2026-10-05,8344,300,34,758394,4889642
8327,10,1,2026-10-05,30210,2011,275,2761539,22106375
8328,10,4,2026-10-05,27673,2488,162,5341129,20018586
8329,10,2,2026-10-05,98446,8547,566,2522143,7600707
8330,10,3,2026-10-05,14618,283,7,2602649,17204414
8331,1,1,2026-10-06,109951,4519,658,2120553,6423129
8332,1,6,2026-10-06,100412,5438,505,2954972,8077063
8333,2,1,2026-10-06,111149,4649,179,1273210,5206504
8334,2,4,2026-10-06,34877,1427,44,3681764,9668744
8335,2,5,2026-10-06,51029,1226,165,4140535,22130223
8336,3,2,2026-10-06,75763,3342,122,3109797,10053936
8337,3,1,2026-10-06,15390,1278,114,6380967,33980534
8338,3,3,2026-10-06,17611,602,84,5470208,20003721
8339,3,5,2026-10-06,19662,347,12,3838831,31789015
8340,4,6,2026-10-06,96424,7761,387,2964196,13595515
8341,4,3,2026-10-06,20923,1646,42,1978294,10871866
8342,5,2,2026-10-06,5903,282,20,567103,3274703
8343,5,6,2026-10-06,45131,1763,239,1783099,7674184
8344,6,5,2026-10-06,62272,4293,109,5414615,27457960
8345,6,6,2026-10-06,82723,2037,290,2231359,16457159
8346,7,1,2026-10-06,81325,5705,673,2292730,16491234
8347,7,6,2026-10-06,114202,9177,1627,6784749,45668691
8348,7,5,2026-10-06,40243,2935,70,5291906,32634878
8349,8,1,2026-10-06,19496,1745,198,5851292,39231934
8350,8,2,2026-10-06,108868,6882,706,4053603,30992720
8351,8,4,2026-10-06,45095,3155,232,5258984,40396218
8352,8,3,2026-10-06,38671,2385,353,2520367,15917470
8353,9,6,2026-10-06,24483,1111,68,1757197,9445322
8354,9,3,2026-10-06,74801,6377,569,5293046,40361574
8355,9,1,2026-10-06,115080,5500,355,824723,6410043
8356,10,3,2026-10-06,105392,2933,359,1438085,9625150
8357,10,1,2026-10-06,66384,1734,109,461313,3190240
8358,1,4,2026-10-07,91929,4036,376,859094,2207385
8359,1,6,2026-10-07,5399,287,46,2409265,19909753
8360,1,2,2026-10-07,70970,4309,239,3307404,9920448
8361,2,2,2026-10-07,64559,3758,108,1812388,11836706
8362,2,6,2026-10-07,108737,5156,172,6259915,30199398
8363,2,1,2026-10-07,26492,429,39,1566927,9460764
8364,2,5,2026-10-07,47649,3336,429,3499046,22276570
8365,3,1,2026-10-07,81864,3826,144,1033462,7859618
8366,3,5,2026-10-07,7608,430,8,2307969,14421826
8367,3,4,2026-10-07,102292,5891,738,5933867,48518944
8368,4,4,2026-10-07,104275,4786,688,3801573,14716493
8369,4,6,2026-10-07,110421,3368,507,5295645,33834017
8370,4,2,2026-10-07,50408,922,76,3692375,23470971
8371,5,4,2026-10-07,51428,847,104,5740896,15623893
8372,5,1,2026-10-07,113983,9587,1232,747440,4327971
8373,5,3,2026-10-07,10642,491,58,3325830,9271537
8374,6,5,2026-10-07,53597,4386,739,2914136,21272931
8375,6,6,2026-10-07,81682,4741,313,866478,6555200
8376,6,1,2026-10-07,39242,1210,36,704098,3330955
8377,6,2,2026-10-07,96641,2754,335,5202029,32045135
8378,7,4,2026-10-07,17086,1001,142,4534177,14315990
8379,7,6,2026-10-07,45697,2780,294,3764975,20556366
8380,8,5,2026-10-07,22554,1755,61,4011519,16746083
8381,8,1,2026-10-07,114251,9902,346,1297404,9212798
8382,8,2,2026-10-07,62075,2974,236,6114144,51853834
8383,9,3,2026-10-07,113229,5891,722,1969970,13645712
8384,9,2,2026-10-07,18790,750,68,5707500,46447220
8385,10,2,2026-10-07,47236,894,94,4988794,24255390
8386,10,5,2026-10-07,30930,2660,78,3860968,21135760
8387,1,4,2026-10-08,66863,5774,903,6776187,49251013
8388,1,6,2026-10-08,14831,1210,72,5848160,39137813
8389,1,3,2026-10-08,69723,2533,293,1446132,7923087
8390,1,2,2026-10-08,72911,1665,48,4877583,13504023
8391,2,1,2026-10-08,16665,1320,50,2389418,15063072
8392,2,2,2026-10-08,110146,8801,884,2307673,9328761
8393,2,4,2026-10-08,17692,1343,113,5310341,35112821
8394,2,3,2026-10-08,8222,479,36,6208046,34898731
8395,3,1,2026-10-08,16058,918,91,3623922,14729017
8396,3,4,2026-10-08,39846,3274,90,2173889,15661697
8397,3,5,2026-10-08,42870,3037,403,3644360,24800348
8398,4,6,2026-10-08,95369,2638,249,4023791,13251960
8399,4,2,2026-10-08,18717,306,19,5737338,41593713
8400,4,5,2026-10-08,9928,275,22,6555101,49791985
8401,5,6,2026-10-08,99506,3963,169,1063525,7172140
8402,5,3,2026-10-08,82037,3181,338,3661390,28995848
8403,5,4,2026-10-08,119497,10557,1184,2122156,16125975
8404,5,2,2026-10-08,92644,5454,963,3255115,11852387
8405,6,1,2026-10-08,35576,1977,215,3744526,11254365
8406,6,5,2026-10-08,88754,3353,203,6439772,43768584
8407,6,6,2026-10-08,34437,2246,320,2244875,10700097
8408,6,4,2026-10-08,89424,5673,676,819567,4567071
8409,7,3,2026-10-08,84016,3188,263,2112558,6608349
8410,7,2,2026-10-08,98759,3094,188,6259942,37149974
8411,7,4,2026-10-08,6707,180,30,1692006,10750470
8412,8,3,2026-10-08,57362,3977,498,2962080,8638471
8413,8,2,2026-10-08,25925,605,90,4426685,21776862
8414,8,5,2026-10-08,5593,428,72,3730087,10314988
8415,8,4,2026-10-08,7586,328,53,2962062,16392189
8416,9,4,2026-10-08,45689,1128,89,3836168,17888814
8417,9,5,2026-10-08,22143,1586,87,3065259,12271022
8418,9,2,2026-10-08,88704,7428,894,2821139,19272311
8419,9,3,2026-10-08,87051,3504,456,5117252,29696481
8420,10,5,2026-10-08,102845,3500,618,3572000,21846492
8421,10,2,2026-10-08,7970,432,77,2768041,17003956
8422,1,1,2026-10-09,109026,4339,243,6065755,35395851
8423,1,2,2026-10-09,34220,2735,205,1989492,5238247
8424,1,4,2026-10-09,7182,358,41,1175809,7299201
8425,2,6,2026-10-09,72683,3406,80,3310784,9510853
8426,2,5,2026-10-09,98164,7105,1053,2302762,18604985
8427,2,4,2026-10-09,41326,3128,97,5384997,30516137
8428,3,6,2026-10-09,103772,2233,119,6832541,37422118
8429,3,3,2026-10-09,73272,1692,209,6614633,52500752
8430,3,5,2026-10-09,45313,1171,89,4140776,30296526
8431,3,2,2026-10-09,45437,1439,223,684397,5081429
8432,4,3,2026-10-09,71632,3372,308,3092924,13931436
8433,4,1,2026-10-09,9530,698,35,6590646,29078624
8434,4,5,2026-10-09,109258,9077,1106,3519452,23854415
8435,4,2,2026-10-09,90499,2850,448,2053038,7809061
8436,5,1,2026-10-09,38187,1923,64,3288763,23307086
8437,5,3,2026-10-09,17209,1330,182,1556874,9644704
8438,5,2,2026-10-09,62243,2874,87,2608987,14479427
8439,6,2,2026-10-09,44548,2491,79,4724943,16403957
8440,6,3,2026-10-09,63930,4225,587,4276808,15900301
8441,6,6,2026-10-09,104938,4618,284,3580072,9583480
8442,6,4,2026-10-09,69566,4537,646,5295133,25242522
8443,7,6,2026-10-09,13048,1003,114,3046462,15152839
8444,7,1,2026-10-09,71945,5342,880,5977902,26782817
8445,8,6,2026-10-09,73194,2467,367,4971283,26562599
8446,8,4,2026-10-09,67723,2958,182,1424628,5479786
8447,8,2,2026-10-09,66747,4815,314,1260324,9850300
8448,8,5,2026-10-09,64205,2275,365,6839385,22339444
8449,9,2,2026-10-09,106123,5026,375,5082094,19497505
8450,9,4,2026-10-09,92507,3999,311,1799425,9403168
8451,9,3,2026-10-09,104830,3552,454,2468101,6375736
8452,9,5,2026-10-09,107115,4056,492,4579591,32221616
8453,10,2,2026-10-09,86287,3611,209,5808820,24922115
8454,10,5,2026-10-09,27218,778,21,5151816,20978308
8455,10,4,2026-10-09,9407,375,60,4451318,34246784
8456,10,6,2026-10-09,51930,2743,365,1985164,12232588
8457,1,1,2026-10-10,106254,7102,831,4043626,11623891
8458,1,6,2026-10-10,117410,3874,412,6362399,21507889
8459,1,4,2026-10-10,119110,6427,193,3262728,23217117
8460,1,2,2026-10-10,72856,2367,294,5740889,41158952
8461,2,1,2026-10-10,112868,6628,863,4210336,33226006
8462,2,2,2026-10-10,36465,2048,142,1782597,13046383
8463,3,2,2026-10-10,105845,3647,590,6714364,17084367
8464,3,5,2026-10-10,96603,4523,470,6193898,42391477
8465,4,5,2026-10-10,98346,4804,249,2438604,19822366
8466,4,6,2026-10-10,27819,1434,99,4203637,13122063
8467,4,1,2026-10-10,51000,2468,229,4330099,31143333
8468,4,3,2026-10-10,75387,1611,261,1328392,10007279
8469,5,2,2026-10-10,32738,1419,135,1019770,3984528
8470,5,1,2026-10-10,74145,5129,264,2747491,7199292
8471,5,4,2026-10-10,88860,7873,1298,5074504,33720251
8472,6,4,2026-10-10,59446,4757,641,3858429,13572781
8473,6,6,2026-10-10,102875,6746,563,6376543,36813325
8474,7,5,2026-10-10,27582,2349,75,1462796,5238186
8475,7,4,2026-10-10,65875,3801,458,1821256,5929558
8476,7,6,2026-10-10,69754,3164,556,4930910,24859907
8477,7,2,2026-10-10,10559,939,87,3591881,27128104
8478,8,6,2026-10-10,73001,4739,367,5414404,18114746
8479,8,3,2026-10-10,64782,3579,467,1912973,15762184
8480,9,5,2026-10-10,12230,1083,26,5502858,20000951
8481,9,6,2026-10-10,104413,2115,305,2306361,9241144
8482,10,2,2026-10-10,114091,9172,1293,849338,3885865
8483,10,3,2026-10-10,46246,2489,123,1816092,14877044
8484,10,4,2026-10-10,78055,1833,202,1006699,5202312
8485,1,1,2026-10-11,64796,3266,288,5899131,36187212
8486,1,4,2026-10-11,113358,9101,487,6955109,52766730
8487,1,6,2026-10-11,118194,4412,260,1947881,7127260
8488,1,2,2026-10-11,43795,1186,84,368091,2809085
8489,2,2,2026-10-11,111869,7826,197,1646340,7447702
8490,2,6,2026-10-11,44309,2984,275,6753073,51559298
8491,2,5,2026-10-11,14045,518,59,5377651,25000657
8492,3,4,2026-10-11,17490,1184,114,3323048,16853077
8493,3,6,2026-10-11,91238,6333,501,1945649,7042592
8494,3,1,2026-10-11,13778,1135,168,2115321,9473479
8495,3,5,2026-10-11,53614,2365,393,1918786,13841383
8496,4,5,2026-10-11,62271,3271,188,5607525,42675064
8497,4,6,2026-10-11,44360,3935,275,2895668,22836807
8498,4,2,2026-10-11,71552,5776,143,3687364,29812954
8499,5,2,2026-10-11,117647,5721,290,1471190,9272256
8500,5,4,2026-10-11,54415,4165,605,2604802,8709477
8501,6,3,2026-10-11,16741,1022,49,4048856,16502593
8502,6,2,2026-10-11,32849,2075,304,3162178,8856646
8503,6,5,2026-10-11,83912,5435,579,1721736,4921617
8504,6,1,2026-10-11,80894,5690,571,1427346,11060667
8505,7,2,2026-10-11,33250,1774,240,5460577,30206152
8506,7,1,2026-10-11,82007,5884,1032,643415,2013326
8507,8,6,2026-10-11,86484,3563,241,3871966,11506527
8508,8,3,2026-10-11,78244,6969,207,5568612,46566588
8509,9,1,2026-10-11,100340,8781,218,3040813,20047831
8510,9,2,2026-10-11,96355,3397,296,442146,1315591
8511,9,6,2026-10-11,96847,7036,274,2600218,9795908
8512,9,5,2026-10-11,36489,1686,280,4440620,18081938
8513,10,1,2026-10-11,20691,1722,129,5117717,23000245
8514,10,6,2026-10-11,87753,6180,762,1390961,8300632
8515,1,4,2026-10-12,54666,4273,764,5513975,40229688
8516,1,5,2026-10-12,11185,673,20,3481593,14820270
8517,1,1,2026-10-12,69239,4379,309,6166655,36468963
8518,1,3,2026-10-12,7368,612,93,5114602,22073467
8519,2,2,2026-10-12,8577,701,124,3827791,28505524
8520,2,4,2026-10-12,6781,156,5,5850204,22231560
8521,2,1,2026-10-12,102241,4726,566,2749384,10341182
8522,2,3,2026-10-12,44240,1871,290,1940898,12482561
8523,3,4,2026-10-12,5390,424,36,1277597,6042628
8524,3,2,2026-10-12,48878,1471,177,6935608,18544783
8525,3,5,2026-10-12,33893,963,138,3924280,27352674
8526,3,1,2026-10-12,45404,2986,536,4886804,33975844
8527,4,6,2026-10-12,83110,4334,270,2617565,15203359
8528,4,5,2026-10-12,96879,3854,296,1115944,7364033
8529,4,1,2026-10-12,79733,5574,256,2672420,7187573
8530,4,2,2026-10-12,48647,3985,486,4078793,28715984
8531,5,3,2026-10-12,79153,2403,124,1123298,7032521
8532,5,1,2026-10-12,35729,1910,275,917347,6111065
8533,5,5,2026-10-12,111734,8121,808,6064832,16128394
8534,5,6,2026-10-12,118688,7816,606,908217,7623325
8535,6,6,2026-10-12,74552,6012,161,6130414,51943536
8536,6,5,2026-10-12,84443,2916,333,574389,4870650
8537,6,4,2026-10-12,72472,4766,500,1498967,6684454
8538,7,6,2026-10-12,108647,3258,437,4866175,13481803
8539,7,3,2026-10-12,67686,1135,104,2029313,14223738
8540,7,4,2026-10-12,25107,474,82,6927931,40388521
8541,7,5,2026-10-12,79300,5010,345,3276070,12224698
8542,8,4,2026-10-12,73223,3617,391,1884329,7609051
8543,8,3,2026-10-12,7938,549,41,5784727,18543250
8544,9,1,2026-10-12,102468,2089,75,6259408,47364894
8545,9,3,2026-10-12,55631,1147,184,319756,870767
8546,9,6,2026-10-12,41195,2208,170,6408213,41288230
8547,10,6,2026-10-12,37877,2006,73,6382878,38271670
8548,10,2,2026-10-12,93917,3700,262,2388818,16001042
8549,10,5,2026-10-12,55487,1440,222,3918538,11637681
8550,10,3,2026-10-12,40249,909,40,6310503,44671578
8551,1,5,2026-10-13,13213,1101,32,1900177,12290417
8552,1,6,2026-10-13,20880,835,95,1204894,6599825
8553,1,4,2026-10-13,61533,1428,50,2882883,16117159
8554,1,1,2026-10-13,35694,957,134,616955,3759396
8555,2,3,2026-10-13,22264,540,81,3763913,31908238
8556,2,2,2026-10-13,78869,2949,100,6194629,46905150
8557,2,4,2026-10-13,12909,195,5,6252621,23398491
8558,2,1,2026-10-13,96225,1608,140,5162907,38481979
8559,3,3,2026-10-13,37209,1079,116,5728561,41777804
8560,3,4,2026-10-13,30186,1331,92,2761479,10894226
8561,3,5,2026-10-13,41903,1863,87,4538820,11963218
8562,4,3,2026-10-13,46128,4087,416,6426941,38101522
8563,4,5,2026-10-13,88976,1425,194,3380414,8601292
8564,4,1,2026-10-13,105046,8694,1188,2567666,8912020
8565,5,1,2026-10-13,24975,995,90,1802631,5434403
8566,5,4,2026-10-13,96769,5094,252,2704896,22236882
8567,5,2,2026-10-13,21031,1819,278,3426278,20550961
8568,5,5,2026-10-13,50852,3589,591,5103052,28340351
8569,6,1,2026-10-13,16937,955,109,6324555,52797405
8570,6,3,2026-10-13,53241,1467,128,2370462,14842683
8571,6,5,2026-10-13,23423,593,57,1375545,7992110
8572,6,2,2026-10-13,23553,820,85,5694796,37129983
8573,7,5,2026-10-13,25305,1550,190,4150000,35000723
8574,7,1,2026-10-13,55326,2134,78,5734639,22731109
8575,7,2,2026-10-13,39432,1022,71,3115258,23507903
8576,7,6,2026-10-13,72593,5191,924,2348708,7375265
8577,8,4,2026-10-13,34771,679,20,1461772,6115711
8578,8,2,2026-10-13,13564,426,9,1248930,4702974
8579,8,3,2026-10-13,41921,1962,300,1851168,5557016
8580,9,4,2026-10-13,70820,4662,598,3414766,15417333
8581,9,6,2026-10-13,85893,2177,89,4313300,35777412
8582,10,6,2026-10-13,61023,1158,79,4212274,20627538
8583,10,2,2026-10-13,90262,4556,516,4646504,37725976
8584,1,2,2026-10-14,82548,3937,569,953104,2746683
8585,1,3,2026-10-14,50568,816,74,3944530,28469908
8586,1,4,2026-10-14,86019,5306,489,6176894,32017088
8587,1,5,2026-10-14,57806,1690,186,4544883,12079091
8588,2,4,2026-10-14,18888,1155,75,2935516,8179348
8589,2,1,2026-10-14,107357,4478,221,681514,2092862
8590,3,4,2026-10-14,100973,3649,148,6169440,29095267
8591,3,1,2026-10-14,79700,5529,318,6320803,50305459
8592,4,5,2026-10-14,110931,4197,226,3708137,29182810
8593,4,1,2026-10-14,14749,698,59,5513139,42882392
8594,5,3,2026-10-14,81312,4186,410,1239569,7588360
8595,5,6,2026-10-14,74081,5595,631,869942,6307811
8596,5,4,2026-10-14,20427,873,93,4105516,13426258
8597,6,1,2026-10-14,47200,2999,509,4626679,22688773
8598,6,2,2026-10-14,28824,1302,53,3682344,28429355
8599,6,4,2026-10-14,99883,7794,578,4573847,26191455
8600,6,6,2026-10-14,42435,2900,401,2032223,10518542
8601,7,4,2026-10-14,50402,4023,414,493455,2290547
8602,7,5,2026-10-14,95926,4744,144,4475172,25381857
8603,7,6,2026-10-14,87854,3339,93,1609869,11107751
8604,8,5,2026-10-14,27280,974,165,4004075,24603408
8605,8,6,2026-10-14,31855,1447,127,737551,3112136
8606,8,3,2026-10-14,75612,5420,789,6462455,33935782
8607,9,5,2026-10-14,14964,681,70,6506116,35384676
8608,9,6,2026-10-14,62741,3974,267,4036290,21319296
8609,10,4,2026-10-14,96784,2362,385,6101664,51412829
8610,10,6,2026-10-14,89176,5578,202,4632597,34638780
8611,10,3,2026-10-14,73153,1670,144,3043847,23223862
8612,10,2,2026-10-14,20847,1593,233,2626040,16457966
8613,1,3,2026-10-15,64870,4071,100,4161126,25411032
8614,1,6,2026-10-15,99264,1943,316,5684945,16097597
8615,1,4,2026-10-15,45467,2833,225,2065572,5496082
8616,1,5,2026-10-15,7583,154,7,6811431,54958967
8617,2,2,2026-10-15,27555,2400,273,1209686,7657175
8618,2,4,2026-10-15,80327,4978,384,4056400,26950374
8619,3,1,2026-10-15,49817,3691,614,1663844,7419237
8620,3,3,2026-10-15,114861,2624,249,5623867,32003940
8621,3,5,2026-10-15,61501,2401,402,3685259,16024260
8622,4,6,2026-10-15,33315,1593,71,6544570,21672202
8623,4,3,2026-10-15,25175,422,17,2608551,7661484
8624,5,3,2026-10-15,10500,517,41,1611849,10935466
8625,5,5,2026-10-15,113609,9169,340,2637013,14717928
8626,5,4,2026-10-15,59968,1111,95,2245088,11527912
8627,6,1,2026-10-15,26075,2296,315,3172858,15351365
8628,6,6,2026-10-15,115029,10266,525,1804697,5152867
8629,6,2,2026-10-15,101006,1523,207,649606,3171224
8630,7,4,2026-10-15,73136,2487,316,1362047,5181941
8631,7,1,2026-10-15,37773,2210,137,1168082,9266212
8632,7,3,2026-10-15,8572,643,94,5982516,21081399
8633,7,6,2026-10-15,75486,4357,429,6564096,17752903
8634,8,4,2026-10-15,37106,3188,113,3341517,10756059
8635,8,2,2026-10-15,113828,5687,227,3456698,18447218
8636,9,5,2026-10-15,8599,346,30,2265918,6760797
8637,9,4,2026-10-15,40469,2667,143,1794322,6418238
8638,10,1,2026-10-15,15311,1136,30,4120426,21609484
8639,10,3,2026-10-15,26753,689,65,5483311,44343848
8640,10,2,2026-10-15,83309,6687,1110,5051401,18462218
8641,1,4,2026-10-16,75875,5278,133,4378086,31270555
8642,1,3,2026-10-16,95564,6028,764,4744192,24676006
8643,1,2,2026-10-16,32974,2734,388,4627948,13162452
8644,2,1,2026-10-16,9336,597,28,5169879,17589793
8645,2,2,2026-10-16,32246,1764,138,1679077,5688167
8646,3,4,2026-10-16,40357,1472,152,551429,2693839
8647,3,3,2026-10-16,36739,2284,142,4915910,32383972
8648,3,1,2026-10-16,57313,3219,275,2638240,19959415
8649,4,2,2026-10-16,99891,7069,508,2908799,9537315
8650,4,4,2026-10-16,81748,2744,344,5088261,27033786
8651,4,1,2026-10-16,22337,537,86,5923206,28344045
8652,4,6,2026-10-16,102158,4486,684,6657517,18033613
8653,5,6,2026-10-16,11613,303,35,3884174,25138281
8654,5,4,2026-10-16,89999,5731,450,2764187,8279459
8655,5,1,2026-10-16,103072,1890,278,1964375,10677733
8656,6,2,2026-10-16,91538,4218,708,575836,2580260
8657,6,5,2026-10-16,31946,1249,180,1712447,6723035
8658,7,2,2026-10-16,92496,3250,234,3632150,9289792
8659,7,3,2026-10-16,75424,5430,881,1024957,3085290
8660,7,4,2026-10-16,82747,1435,121,6614372,32129392
8661,8,2,2026-10-16,93249,4225,493,6679637,21322409
8662,8,6,2026-10-16,111722,5793,428,1807480,8288821
8663,9,2,2026-10-16,15115,686,45,1471191,10410970
8664,9,4,2026-10-16,22136,1793,209,3220502,12819447
8665,9,6,2026-10-16,38717,786,71,6932395,53146686
8666,9,3,2026-10-16,56152,1207,102,6001201,32450763
8667,10,6,2026-10-16,118092,9864,771,4668815,36831450
8668,10,3,2026-10-16,73217,6462,1035,3957412,20172253
8669,1,5,2026-10-17,35788,3213,209,4609867,17084791
8670,1,6,2026-10-17,111645,8395,801,2129899,10338938
8671,1,2,2026-10-17,88297,2068,317,5134380,18458318
8672,2,4,2026-10-17,55140,3492,83,485641,2616622
8673,2,5,2026-10-17,53394,2471,143,511763,1431282
8674,2,6,2026-10-17,111373,2866,515,413418,2561322
8675,3,4,2026-10-17,119520,1844,82,599084,2341924
8676,3,1,2026-10-17,34113,1669,56,1491288,9832493
8677,3,3,2026-10-17,33301,2508,166,1780962,9782695
8678,3,2,2026-10-17,79545,2551,122,1506957,9963143
8679,4,6,2026-10-17,47956,1654,165,3794591,26366951
8680,4,5,2026-10-17,21510,1307,178,6682497,26591563
8681,4,3,2026-10-17,56802,3966,632,4584564,17355312
8682,4,4,2026-10-17,103566,3956,508,1758454,12817781
8683,5,1,2026-10-17,70842,1619,268,3793420,30427061
8684,5,5,2026-10-17,92135,4845,553,4546038,33700486
8685,5,3,2026-10-17,9038,542,59,823437,3356856
8686,5,4,2026-10-17,86916,2658,220,1784742,9147781
8687,6,3,2026-10-17,29337,1504,175,1441569,6974672
8688,6,6,2026-10-17,35483,2653,345,6263248,42191539
8689,6,2,2026-10-17,28520,824,35,2945547,24978286
8690,7,2,2026-10-17,11577,848,70,5152549,18680984
8691,7,3,2026-10-17,119524,3459,585,4012712,16137580
8692,8,1,2026-10-17,49335,3754,668,6854544,19953422
8693,8,4,2026-10-17,5552,310,14,2784478,20882087
8694,9,1,2026-10-17,81160,3805,571,339033,2778733
8695,9,2,2026-10-17,49698,3831,275,1549406,9836325
8696,9,5,2026-10-17,58228,2598,178,4317325,12495129
8697,10,1,2026-10-17,22643,1457,134,1921589,13299144
8698,10,5,2026-10-17,20555,1207,40,2506951,20908621
8699,10,6,2026-10-17,48203,4072,641,6803517,33777685
8700,10,4,2026-10-17,33483,1588,208,4566332,20737164
8701,1,4,2026-10-18,101654,8158,1010,3325489,15400893
8702,1,6,2026-10-18,86089,7354,830,5307542,25341149
8703,2,5,2026-10-18,13053,920,38,3472896,14407076
8704,2,4,2026-10-18,45153,2614,292,3214706,21273940
8705,2,6,2026-10-18,116089,4260,392,338003,2341588
8706,3,6,2026-10-18,25326,943,34,3807203,13066298
8707,3,3,2026-10-18,30890,740,70,6708478,27702410
8708,4,2,2026-10-18,17945,1423,183,1400498,11627460
8709,4,6,2026-10-18,19118,1448,212,4322953,15782211
8710,4,5,2026-10-18,72267,1586,217,6025020,35897296
8711,5,3,2026-10-18,31739,723,52,562185,3637231
8712,5,4,2026-10-18,82453,6976,742,6413127,37562397
8713,6,5,2026-10-18,35821,989,35,2803334,12291041
8714,6,2,2026-10-18,101475,8797,299,2125257,9365928
8715,7,6,2026-10-18,34513,687,62,953042,5844695
8716,7,2,2026-10-18,87940,7692,1253,3493686,13560393
8717,7,3,2026-10-18,110697,3284,248,4043328,25348876
8718,8,3,2026-10-18,88746,5549,950,1695651,7531879
8719,8,6,2026-10-18,19123,982,84,5093619,42193083
8720,8,2,2026-10-18,95352,6250,157,4824847,15910939
8721,8,1,2026-10-18,89537,5317,723,3160447,22549705
8722,9,1,2026-10-18,65406,1562,170,5105864,41995312
8723,9,2,2026-10-18,18104,1298,163,4613644,38436899
8724,9,3,2026-10-18,60996,4316,341,2760690,16789224
8725,9,5,2026-10-18,30621,704,48,2387141,16418530
8726,10,1,2026-10-18,72802,6368,240,2170967,10823668
8727,10,2,2026-10-18,95745,3524,288,3916128,12150970
8728,10,5,2026-10-18,113269,1791,113,2200160,11476147
8729,1,4,2026-10-19,55142,2769,111,6178695,25072956
8730,1,2,2026-10-19,5532,256,35,3444635,28520071
8731,2,2,2026-10-19,64431,4781,719,5289651,22827290
8732,2,1,2026-10-19,5053,327,26,6755984,35173731
8733,3,4,2026-10-19,40763,883,78,5441017,19980847
8734,3,6,2026-10-19,85722,6145,226,3462624,27123475
8735,3,2,2026-10-19,77345,6529,791,2930010,20393840
8736,3,1,2026-10-19,78164,3430,210,2468347,6382262
8737,4,5,2026-10-19,88648,3747,222,1312357,6848281
8738,4,2,2026-10-19,48892,1929,38,3580715,26954067
8739,5,1,2026-10-19,75975,5958,979,2580471,7207714
8740,5,3,2026-10-19,84037,6763,271,3476234,18634698
8741,5,2,2026-10-19,41876,1713,148,5240520,32981390
8742,6,3,2026-10-19,51633,4390,616,5471680,25256206
8743,6,1,2026-10-19,30771,1404,192,2129288,11831849
8744,6,6,2026-10-19,89715,3513,355,4685986,16945751
8745,6,5,2026-10-19,20189,1726,75,5498115,46460672
8746,7,5,2026-10-19,31564,2683,283,6030488,39360174
8747,7,2,2026-10-19,85949,5021,800,4185953,32617999
8748,7,3,2026-10-19,66097,3020,307,4593408,37147051
8749,8,6,2026-10-19,48791,3339,439,2562968,9891757
8750,8,5,2026-10-19,95743,4358,380,1781724,9827169
8751,8,2,2026-10-19,17707,367,55,3967666,18749151
8752,8,1,2026-10-19,32811,2867,214,6653394,29920500
8753,9,5,2026-10-19,53405,4032,354,5065737,28511173
8754,9,3,2026-10-19,49156,2590,324,5391184,22006896
8755,10,2,2026-10-19,97258,2556,187,6125725,38391349
8756,10,1,2026-10-19,20912,1014,53,6748583,41824154
8757,10,4,2026-10-19,33749,721,117,6212405,19955975
8758,1,1,2026-10-20,38086,1456,232,578291,3457465
8759,1,3,2026-10-20,65635,5132,223,1496260,8680514
8760,2,4,2026-10-20,45532,760,109,1632818,11376781
8761,2,3,2026-10-20,95672,4914,641,6929277,18143624
8762,2,1,2026-10-20,53258,1803,169,3490688,28286864
8763,3,1,2026-10-20,108462,9473,1525,5084346,37479633
8764,3,4,2026-10-20,69028,2694,341,303881,1822275
8765,4,6,2026-10-20,86455,6813,161,1722553,12849185
8766,4,3,2026-10-20,34945,1259,187,1160210,5424343
8767,4,1,2026-10-20,10472,370,49,824660,4530803
8768,5,2,2026-10-20,11900,702,106,1038539,7313784
8769,5,5,2026-10-20,32604,2000,41,5208533,34530153
8770,5,6,2026-10-20,10867,215,29,2848881,14663849
8771,5,1,2026-10-20,93400,7207,658,5474937,32483566
8772,6,3,2026-10-20,36540,1867,93,5484439,14629667
8773,6,6,2026-10-20,85372,7428,736,4327279,29051110
8774,6,5,2026-10-20,43398,1670,281,2675640,11241214
8775,6,1,2026-10-20,113094,4938,253,2360506,16903682
8776,7,5,2026-10-20,118575,5463,167,652682,2443027
8777,7,6,2026-10-20,43136,2463,361,4990520,16604786
8778,7,3,2026-10-20,16691,511,19,6965992,19464456
8779,7,4,2026-10-20,91746,6681,405,6501955,26512867
8780,8,1,2026-10-20,102553,5891,942,2738215,22079797
8781,8,2,2026-10-20,20565,1797,232,6501591,50742506
8782,8,3,2026-10-20,30487,923,124,5764410,22494660
8783,8,4,2026-10-20,103427,7048,188,6659485,44760084
8784,9,1,2026-10-20,114047,10059,1207,4757014,16447923
8785,9,5,2026-10-20,109967,4807,109,3939258,25569363
8786,9,2,2026-10-20,79576,2178,120,4729893,38178223
8787,10,6,2026-10-20,93494,1998,297,528783,3047991
8788,10,5,2026-10-20,12962,344,54,4843832,28300833
8789,10,1,2026-10-20,57313,5146,662,352592,2511205
8790,1,6,2026-10-21,63947,3875,273,6862720,31885887
8791,1,3,2026-10-21,45581,1608,48,883077,5417098
8792,2,2,2026-10-21,95959,2769,228,5264659,44109783
8793,2,3,2026-10-21,96934,4304,296,439759,2850242
8794,2,5,2026-10-21,35348,1861,115,5526158,18586380
8795,2,6,2026-10-21,34553,700,84,5526439,16313046
8796,3,1,2026-10-21,83840,5298,661,5518549,36142630
8797,3,5,2026-10-21,105545,5376,555,3456697,21411756
8798,3,6,2026-10-21,85591,3466,388,5661693,40725794
8799,4,1,2026-10-21,116431,8015,450,2087364,16736618
8800,4,4,2026-10-21,29158,1409,246,2984024,22142116
8801,5,5,2026-10-21,95735,3589,295,4671594,28937757
8802,5,1,2026-10-21,97316,2709,471,3338297,19318896
8803,5,2,2026-10-21,99968,3982,195,915945,2298739
8804,6,6,2026-10-21,93939,3593,516,4918502,37357541
8805,6,3,2026-10-21,69394,4135,85,2573524,7313072
8806,7,6,2026-10-21,117129,10283,228,1883600,12377389
8807,7,5,2026-10-21,27290,619,76,4127415,18446372
8808,8,1,2026-10-21,103069,8479,979,4742752,18717812
8809,8,2,2026-10-21,14756,250,44,1775945,4506320
8810,8,3,2026-10-21,40953,939,26,5667904,30724065
8811,8,5,2026-10-21,71610,5166,148,1559808,12407654
8812,9,4,2026-10-21,47825,4281,691,1259855,4327059
8813,9,2,2026-10-21,33128,1648,202,4442886,31436960
8814,9,3,2026-10-21,60882,4429,748,6546759,24676886
8815,9,5,2026-10-21,97005,1623,79,3227209,10071639
8816,10,4,2026-10-21,20476,1698,166,3805542,13175829
8817,10,6,2026-10-21,116841,3574,244,5141096,40323329
8818,10,2,2026-10-21,50563,2888,353,3383034,27983562
8819,1,4,2026-10-22,81028,7015,811,6384873,28457453
8820,1,2,2026-10-22,83415,1456,237,5054834,21855449
8821,1,1,2026-10-22,43927,906,61,3357476,26897890
8822,2,4,2026-10-22,104725,5935,792,1771145,8135049
8823,2,2,2026-10-22,59712,5083,727,3268676,18828833
8824,2,6,2026-10-22,45859,4110,369,5195230,24150608
8825,3,3,2026-10-22,5586,218,23,3364831,27411173
8826,3,4,2026-10-22,11849,529,61,6793612,40669423
8827,3,5,2026-10-22,41706,3329,102,3437810,20679753
8828,3,6,2026-10-22,5687,218,9,3079794,15328076
8829,4,1,2026-10-22,60672,2103,364,4490270,27857539
8830,4,3,2026-10-22,11079,870,93,6886379,49305969
8831,4,2,2026-10-22,95261,4268,658,6110139,50175812
8832,5,2,2026-10-22,71129,3047,410,1157405,5793018
8833,5,5,2026-10-22,105011,5234,104,6999359,43941005
8834,5,6,2026-10-22,26333,449,53,1814271,8178333
8835,6,2,2026-10-22,78541,1251,141,5936998,40539667
8836,6,6,2026-10-22,39793,2685,217,1427554,11260792
8837,7,2,2026-10-22,119199,4413,415,5250213,39996053
8838,7,3,2026-10-22,87581,1915,243,1403552,9175795
8839,7,1,2026-10-22,48097,1716,241,5000183,30449926
8840,8,5,2026-10-22,118467,3794,379,5842834,24889065
8841,8,3,2026-10-22,84836,5263,612,5451718,41214973
8842,8,2,2026-10-22,13721,651,49,3220725,25873661
8843,8,6,2026-10-22,89558,5694,762,1500852,4954045
8844,9,4,2026-10-22,5919,342,9,4898698,14886596
8845,9,3,2026-10-22,92473,3481,389,2392353,16978239
8846,9,1,2026-10-22,21056,441,71,3850665,15144277
8847,9,6,2026-10-22,60526,4769,526,5418394,36888101
8848,10,3,2026-10-22,41940,2744,384,5376490,37697261
8849,10,1,2026-10-22,88245,6946,826,4094034,32339679
8850,1,1,2026-10-23,85872,4448,641,2044300,8321017
8851,1,6,2026-10-23,93131,8326,642,6468987,26751277
8852,1,3,2026-10-23,16666,270,18,440052,2884735
8853,2,1,2026-10-23,76479,4744,815,2988866,12339833
8854,2,5,2026-10-23,9723,753,80,1760191,7826846
8855,2,2,2026-10-23,9565,650,45,3106782,26270504
8856,3,5,2026-10-23,80204,2436,192,4055935,28613739
8857,3,1,2026-10-23,5291,469,73,6876601,41091579
8858,4,6,2026-10-23,17147,1425,125,2611855,8296483
8859,4,1,2026-10-23,104672,4435,160,4846417,19750727
8860,4,4,2026-10-23,118016,6696,540,5341106,23388738
8861,5,5,2026-10-23,68488,3405,101,3732851,22390227
8862,5,3,2026-10-23,115957,2882,120,5325195,40113775
8863,5,2,2026-10-23,19472,1490,122,5944024,38804553
8864,6,5,2026-10-23,7732,609,75,4471914,22575582
8865,6,1,2026-10-23,7547,119,15,3270559,24154827
8866,6,4,2026-10-23,91248,2309,387,6698851,51634449
8867,7,5,2026-10-23,48821,4216,400,6204747,25225563
8868,7,4,2026-10-23,39256,3182,350,5624833,36351491
8869,7,1,2026-10-23,31271,948,73,4594257,30643424
8870,8,5,2026-10-23,100995,5609,537,6228517,35331041
8871,8,1,2026-10-23,119125,1811,198,1042955,6549012
8872,8,2,2026-10-23,91810,6118,812,1033217,3326872
8873,9,2,2026-10-23,84967,3350,425,1640801,6154280
8874,9,4,2026-10-23,17289,604,28,983987,6176480
8875,10,1,2026-10-23,23946,1238,120,5347364,26723764
8876,10,4,2026-10-23,37202,2638,257,5469767,34871335
8877,10,6,2026-10-23,115320,6163,190,5962863,48806372
8878,1,6,2026-10-24,113860,6041,257,754478,3267962
8879,1,1,2026-10-24,73034,2704,406,2306745,17690776
8880,2,5,2026-10-24,72489,5307,767,1122869,5605702
8881,2,4,2026-10-24,38477,2268,218,6665984,18040348
8882,3,2,2026-10-24,6947,470,74,1863449,10374309
8883,3,3,2026-10-24,26504,662,94,4482251,12381207
8884,3,1,2026-10-24,21305,1181,171,2171912,16530630
8885,4,2,2026-10-24,69512,4566,244,592897,2279683
8886,4,4,2026-10-24,12769,995,137,4267753,25366837
8887,5,6,2026-10-24,34259,1086,181,4666738,14893016
8888,5,1,2026-10-24,58543,3077,435,693232,2072892
8889,5,4,2026-10-24,48866,3872,457,6078751,32941050
8890,6,5,2026-10-24,57958,1633,56,4088995,10435726
8891,6,3,2026-10-24,12017,556,14,1448430,11833758
8892,6,6,2026-10-24,112930,2818,60,6801514,43791800
8893,7,3,2026-10-24,55970,1479,165,1275355,8976121
8894,7,6,2026-10-24,37143,3032,222,5609872,42758920
8895,7,2,2026-10-24,18745,618,37,5381329,25625122
8896,8,5,2026-10-24,22378,1711,56,4717786,19870418
8897,8,3,2026-10-24,81736,6929,423,2578143,16787858
8898,8,1,2026-10-24,99565,5854,805,3984091,13325983
8899,8,6,2026-10-24,43632,2180,94,6705112,18978042
8900,9,3,2026-10-24,93983,2169,333,3755484,14592291
8901,9,6,2026-10-24,38702,2283,389,3523529,15691595
8902,9,2,2026-10-24,119425,4330,265,3828622,25508548
8903,10,4,2026-10-24,109623,4048,287,2959808,9790402
8904,10,3,2026-10-24,72058,5167,544,6987512,33983221
8905,10,1,2026-10-24,54664,2123,48,4999793,30810021
8906,1,3,2026-10-25,15775,799,87,1602377,4740864
8907,1,2,2026-10-25,83112,1857,267,6196394,38146148
8908,2,3,2026-10-25,85641,2663,259,1411547,9867311
8909,2,6,2026-10-25,62841,4419,794,2408553,18100525
8910,2,2,2026-10-25,26394,905,41,2962016,24656231
8911,3,6,2026-10-25,116648,6360,341,6652443,20540396
8912,3,2,2026-10-25,42745,2163,105,4119425,32883430
8913,4,4,2026-10-25,14022,840,63,4305621,12037575
8914,4,3,2026-10-25,93446,1765,156,1652201,6457536
8915,5,5,2026-10-25,32490,1038,82,1113448,9412415
8916,5,6,2026-10-25,74596,3029,317,5670045,29825787
8917,5,4,2026-10-25,51711,3422,367,6887972,49686162
8918,5,2,2026-10-25,59402,5097,231,1034920,5862498
8919,6,3,2026-10-25,77977,4230,602,5030516,33880446
8920,6,1,2026-10-25,80815,4339,579,1082903,6136396
8921,6,5,2026-10-25,18069,1353,157,2567178,9211199
8922,7,4,2026-10-25,35821,1303,188,317363,1577430
8923,7,5,2026-10-25,29864,896,149,6551254,42160212
8924,8,3,2026-10-25,30620,890,98,4106275,27814764
8925,8,2,2026-10-25,105748,6311,255,405539,1671766
8926,8,6,2026-10-25,113612,9591,1059,2109508,7618411
8927,9,3,2026-10-25,113521,7038,1010,567888,4370148
8928,9,2,2026-10-25,85335,5409,697,6699600,35221669
8929,10,4,2026-10-25,34039,852,105,331872,2139232
8930,10,2,2026-10-25,90895,6792,676,1731994,7507653
8931,1,5,2026-10-26,68693,1642,68,1701034,7986058
8932,1,2,2026-10-26,86189,6536,1116,3921146,31789679
8933,1,1,2026-10-26,15238,285,19,1235217,7304344
8934,2,6,2026-10-26,41828,1539,184,1780438,15129183
8935,2,2,2026-10-26,62757,2748,311,946701,4386988
8936,2,4,2026-10-26,111970,9288,498,1055177,8551069
8937,2,1,2026-10-26,79117,3937,397,3293383,10342694
8938,3,3,2026-10-26,75105,1398,111,2789389,23265990
8939,3,1,2026-10-26,103491,2669,240,795728,2548562
8940,3,5,2026-10-26,118415,2899,103,1454404,6598674
8941,4,3,2026-10-26,9407,154,12,3747734,26243156
8942,4,1,2026-10-26,50719,2554,178,5212255,37384200
8943,4,5,2026-10-26,67231,6019,348,2566024,19619013
8944,5,6,2026-10-26,110110,9164,920,3558189,13738983
8945,5,1,2026-10-26,11220,947,35,5268093,38612981
8946,5,3,2026-10-26,75248,2025,172,4281058,35673047
8947,6,1,2026-10-26,83086,5382,912,6540591,50512662
8948,6,6,2026-10-26,103908,7170,203,3493120,11937078
8949,6,2,2026-10-26,62758,1057,27,6862650,35865307
8950,7,5,2026-10-26,25980,2072,91,1639890,7307432
8951,7,2,2026-10-26,116261,9503,788,6637096,44622452
8952,7,3,2026-10-26,41512,2161,120,944848,4813982
8953,8,3,2026-10-26,51386,4236,730,749274,2800647
8954,8,6,2026-10-26,49345,1574,283,2666738,9203812
8955,9,4,2026-10-26,38506,1839,169,3521015,24548995
8956,9,2,2026-10-26,21473,591,98,4341936,21010816
8957,10,3,2026-10-26,41371,3117,558,3112989,25333932
8958,10,4,2026-10-26,104107,2676,363,1731931,11521678
8959,10,1,2026-10-26,52188,3120,275,1535810,7214199
8960,1,4,2026-10-27,40627,1308,43,5794528,46713660
8961,1,5,2026-10-27,10243,687,34,6597596,48305061
8962,1,1,2026-10-27,86574,4453,762,879609,2771791
8963,1,2,2026-10-27,11080,268,21,3179161,12421968
8964,2,5,2026-10-27,17565,1280,156,6019779,26533337
8965,2,3,2026-10-27,111400,3204,66,3213291,8475008
8966,2,2,2026-10-27,102167,3533,545,4203308,25919252
8967,2,1,2026-10-27,108409,2120,220,4897454,13029682
8968,3,2,2026-10-27,70884,4491,772,3883266,15786112
8969,3,3,2026-10-27,39460,2467,226,6721714,41523900
8970,3,5,2026-10-27,80295,4607,653,4352666,17670289
8971,3,6,2026-10-27,50801,3557,595,5601994,33530420
8972,4,6,2026-10-27,32917,1443,67,4305006,19199030
8973,4,3,2026-10-27,72519,2479,438,5936248,33646647
8974,5,6,2026-10-27,73484,5852,935,4336670,34946821
8975,5,4,2026-10-27,105002,4074,118,4591471,14426191
8976,6,1,2026-10-27,73477,4820,809,5294240,21543510
8977,6,5,2026-10-27,19196,442,76,5353710,42390442
8978,6,4,2026-10-27,94040,7797,353,2677360,13323531
8979,6,2,2026-10-27,14309,907,111,5475011,33181166
8980,7,3,2026-10-27,62554,5159,119,370835,2537676
8981,7,2,2026-10-27,100444,7509,1305,3388287,26126289
8982,7,5,2026-10-27,88968,3907,277,6728806,39410310
8983,8,3,2026-10-27,53003,1605,78,5020387,34188676
8984,8,4,2026-10-27,54318,1125,145,468882,1355354
8985,8,1,2026-10-27,45863,3463,220,1208905,7532286
8986,9,2,2026-10-27,14303,920,49,4436145,19823557
8987,9,5,2026-10-27,6862,302,43,2163398,7403498
8988,9,3,2026-10-27,100683,7339,995,5261175,21555088
8989,10,1,2026-10-27,15172,1174,189,6594986,26317636
8990,10,4,2026-10-27,97655,5013,596,1150113,6525927
8991,1,4,2026-10-28,77337,3858,570,2264008,12123298
8992,1,5,2026-10-28,88489,2028,175,5090883,37000169
8993,1,1,2026-10-28,63645,2601,122,2896508,14432371
8994,2,1,2026-10-28,7126,625,76,5767836,42620628
8995,2,6,2026-10-28,66688,2461,49,6080085,32052365
8996,3,5,2026-10-28,22336,955,122,6864051,33560863
8997,3,2,2026-10-28,102474,8197,877,3470285,10627774
8998,4,3,2026-10-28,5848,306,46,1140837,2894334
8999,4,2,2026-10-28,24617,1754,72,1279109,4496892
9000,4,4,2026-10-28,56873,3240,177,5451004,14995850
9001,4,1,2026-10-28,17556,1375,35,943028,6665526
9002,5,1,2026-10-28,100195,5921,123,3504695,28021304
9003,5,4,2026-10-28,62195,3806,624,843388,2309193
9004,5,2,2026-10-28,19402,700,48,984201,7134366
9005,5,5,2026-10-28,106837,9553,541,1805529,10565696
9006,6,2,2026-10-28,54956,1884,78,5249896,42636338
9007,6,3,2026-10-28,71436,4452,175,4041881,13641846
9008,6,1,2026-10-28,13246,1091,106,6866317,23589931
9009,6,5,2026-10-28,47829,1625,110,5291777,25627285
9010,7,1,2026-10-28,101838,2724,366,4647441,30116594
9011,7,2,2026-10-28,108909,2792,201,2509345,15856759
9012,7,3,2026-10-28,11606,462,43,3196507,19837939
9013,8,1,2026-10-28,23566,2065,256,1460298,7321323
9014,8,2,2026-10-28,37126,3243,157,1267781,8185791
9015,8,3,2026-10-28,87491,3414,343,4475323,36510325
9016,9,2,2026-10-28,7180,323,42,5464122,39953088
9017,9,6,2026-10-28,22073,354,13,4695721,23440687
9018,9,1,2026-10-28,60746,4700,684,4177537,17463974
9019,9,4,2026-10-28,72903,5929,287,6554214,35623313
9020,10,4,2026-10-28,85601,1680,281,2810577,17349229
9021,10,2,2026-10-28,35197,610,68,3543817,17735070
9022,1,4,2026-10-29,9147,571,97,6248015,38438551
9023,1,2,2026-10-29,61906,5318,371,5416577,32983205
9024,1,6,2026-10-29,88550,1604,235,4433533,14356014
9025,2,3,2026-10-29,118366,4057,620,2990444,18922633
9026,2,5,2026-10-29,116241,4051,278,3714459,16956633
9027,2,6,2026-10-29,65531,4506,175,6070240,44867186
9028,3,4,2026-10-29,38379,1057,106,5182281,19544413
9029,3,1,2026-10-29,115404,3241,536,4194506,29858669
9030,3,3,2026-10-29,24139,2058,296,4229556,30051261
9031,3,5,2026-10-29,60869,5299,323,6454174,36826026
9032,4,2,2026-10-29,105726,6296,930,3893223,25818136
9033,4,4,2026-10-29,49926,3100,383,1886325,14814049
9034,4,3,2026-10-29,8941,616,27,1139910,8661878
9035,5,4,2026-10-29,47776,3428,558,5026617,21430042
9036,5,6,2026-10-29,31377,1774,192,2104212,6983252
9037,6,3,2026-10-29,99797,3328,252,3800018,21235149
9038,6,6,2026-10-29,26222,2332,335,4694419,28598506
9039,7,4,2026-10-29,53311,2012,330,1547880,10041459
9040,7,3,2026-10-29,108183,9556,1477,5456874,31557502
9041,7,6,2026-10-29,19816,597,89,4215182,26694650
9042,7,5,2026-10-29,14597,1086,35,3365411,21982673
9043,8,1,2026-10-29,119904,2600,436,3287481,22986623
9044,8,6,2026-10-29,74248,1714,138,1589857,5995642
9045,8,3,2026-10-29,51354,1707,108,4903783,14416444
9046,9,5,2026-10-29,49286,883,127,3457244,12833138
9047,9,4,2026-10-29,83661,4068,496,490253,2311417
9048,9,6,2026-10-29,62563,4787,559,6889812,48630304
9049,10,3,2026-10-29,10042,644,75,1075756,3090349
9050,10,1,2026-10-29,89471,5222,325,2153545,5579367
9051,1,4,2026-10-30,34528,876,19,3446317,15561460
9052,1,6,2026-10-30,79168,2904,265,3765038,23610755
9053,2,1,2026-10-30,118181,3524,163,3601551,26504225
9054,2,5,2026-10-30,59680,4192,549,1142701,3458165
9055,2,2,2026-10-30,37307,781,23,3149655,12195773
9056,2,4,2026-10-30,83214,4387,686,4290785,36278635
9057,3,1,2026-10-30,61606,4256,283,5265382,20137173
9058,3,3,2026-10-30,109086,4715,844,2458195,16920294
9059,3,2,2026-10-30,19682,710,36,6454744,23951417
9060,4,5,2026-10-30,44382,3024,125,4831649,33133318
9061,4,1,2026-10-30,114197,4393,306,728757,3377485
9062,4,4,2026-10-30,42275,2716,167,4977874,36054535
9063,4,2,2026-10-30,43380,2240,165,6981212,38744315
9064,5,4,2026-10-30,112065,6783,1125,4962830,40475068
9065,5,2,2026-10-30,76198,2163,363,2713700,12318030
9066,5,3,2026-10-30,95693,3553,484,2645172,9015460
9067,5,5,2026-10-30,7795,122,8,5262292,32450045
9068,6,1,2026-10-30,63395,3455,511,3418589,12828106
9069,6,4,2026-10-30,101850,7915,197,3205766,16481204
9070,7,5,2026-10-30,102526,4852,234,6884708,26091113
9071,7,4,2026-10-30,79254,3200,187,6431919,48305250
9072,7,6,2026-10-30,9263,657,79,1372489,8819786
9073,7,1,2026-10-30,101761,4207,215,3107455,23815308
9074,8,6,2026-10-30,57469,3849,356,4389353,28570994
9075,8,3,2026-10-30,33599,769,115,1626391,7105263
9076,9,6,2026-10-30,33951,3055,421,1281237,3683638
9077,9,4,2026-10-30,51013,1231,71,2030057,9519011
9078,9,1,2026-10-30,30705,1407,228,5023721,31608603
9079,9,5,2026-10-30,21296,857,63,5158205,22459613
9080,10,5,2026-10-30,76780,3890,362,874107,3396676
9081,10,4,2026-10-30,94665,7696,419,6141087,40004780
9082,1,5,2026-10-31,107689,8245,875,6769872,48449835
9083,1,1,2026-10-31,27820,1107,50,4359327,16467565
9084,1,6,2026-10-31,60644,4484,232,6832586,25366667
9085,1,2,2026-10-31,21340,1009,144,301654,1919939
9086,2,2,2026-10-31,74931,4839,641,4983823,21228873
9087,2,5,2026-10-31,92378,6198,601,1163181,5102812
9088,2,4,2026-10-31,57037,3667,536,695435,4630206
9089,2,3,2026-10-31,62617,4984,696,3267192,8876235
9090,3,4,2026-10-31,94662,8045,326,6447324,37259964
9091,3,5,2026-10-31,117101,8240,847,5042696,38663834
9092,3,1,2026-10-31,43182,902,59,5097091,19977737
9093,4,1,2026-10-31,46922,2046,249,4846027,21352896
9094,4,6,2026-10-31,8733,242,33,1350102,4180328
9095,5,4,2026-10-31,98816,3301,582,2395667,8429605
9096,5,1,2026-10-31,94750,4045,160,3029129,23329788
9097,6,5,2026-10-31,61038,4665,391,1971598,13153539
9098,6,1,2026-10-31,13104,1018,140,2317053,16907601
9099,7,4,2026-10-31,42896,2836,489,2883026,23186607
9100,7,1,2026-10-31,31060,534,50,2751580,19798673
9101,7,3,2026-10-31,111807,7341,1200,4080987,28275203
9102,7,6,2026-10-31,66456,5583,219,2762071,21798786
9103,8,3,2026-10-31,57609,1920,271,3377675,12936989
9104,8,1,2026-10-31,107925,9321,547,3936895,14492174
9105,8,2,2026-10-31,48583,2393,183,6067177,33575033
9106,8,5,2026-10-31,54773,2480,71,789529,2858911
9107,9,1,2026-10-31,61057,2870,487,5128306,32536122
9108,9,4,2026-10-31,51808,852,144,6271316,21246573
9109,9,5,2026-10-31,15731,1355,118,5469746,27121961
9110,10,6,2026-10-31,55527,4011,243,2574514,19808001
9111,10,2,2026-10-31,90001,6136,185,5941238,24549984
9112,10,5,2026-10-31,93391,6672,410,5071479,25944214
9113,1,5,2026-11-01,81423,6030,494,359755,910926
9114,1,2,2026-11-01,13815,779,101,364843,2885926
9115,1,3,2026-11-01,68998,1581,191,4755716,37210261
9116,2,5,2026-11-01,98182,6457,781,1517150,8132728
9117,2,2,2026-11-01,79237,1753,201,2148730,12579076
9118,3,5,2026-11-01,67636,5454,221,3767140,16932659
9119,3,6,2026-11-01,17756,1395,241,4203693,29098505
9120,4,4,2026-11-01,72032,1253,129,6279348,32258371
9121,4,1,2026-11-01,115388,4494,179,3751886,12332466
9122,4,5,2026-11-01,83263,6136,450,6055629,33971997
9123,5,2,2026-11-01,19071,1583,281,3686508,28510787
9124,5,5,2026-11-01,49170,3664,120,4404000,16319000
9125,6,1,2026-11-01,105630,7952,1305,5076114,20181931
9126,6,5,2026-11-01,36364,1434,192,6953018,48413819
9127,7,4,2026-11-01,85851,2878,284,5830098,27514364
9128,7,2,2026-11-01,17167,1366,219,2988448,15312100
9129,7,3,2026-11-01,60556,3751,277,3515964,13314914
9130,7,5,2026-11-01,19380,953,90,6736306,30167173
9131,8,6,2026-11-01,75124,1650,227,1937642,8184502
9132,8,2,2026-11-01,35706,2635,62,1991861,8364827
9133,8,4,2026-11-01,6622,453,31,5272394,26335123
9134,8,1,2026-11-01,88191,7680,695,4040077,17409235
9135,9,3,2026-11-01,97911,3326,142,4622498,35057341
9136,9,4,2026-11-01,117068,10483,574,4978534,32147109
9137,9,6,2026-11-01,18858,1355,220,3034525,16873844
9138,9,2,2026-11-01,69173,6009,388,635426,5019354
9139,10,1,2026-11-01,49622,991,69,5881256,28085760
9140,10,2,2026-11-01,12063,674,84,3011337,20055072
9141,10,6,2026-11-01,86219,4931,436,6550256,24988287
9142,1,3,2026-11-02,69481,1449,100,1686981,7653465
9143,1,6,2026-11-02,36241,2286,235,6139192,49315216
9144,1,4,2026-11-02,106817,6730,418,1032095,2738217
9145,2,4,2026-11-02,60257,4694,369,6712533,23104536
9146,2,2,2026-11-02,98463,7187,1151,4484516,28210472
9147,2,6,2026-11-02,118640,3882,454,2095175,17544497
9148,3,6,2026-11-02,38544,1478,52,6468649,50946808
9149,3,4,2026-11-02,94613,5383,282,4235265,33509686
9150,3,5,2026-11-02,103218,7525,285,1860365,15659632
9151,4,1,2026-11-02,92984,7790,499,5519978,38167500
9152,4,2,2026-11-02,48952,3440,350,4304339,29768964
9153,5,4,2026-11-02,95109,6633,276,744421,2804227
9154,5,2,2026-11-02,92072,1455,121,2660870,21039026
9155,6,3,2026-11-02,71686,5326,531,5689636,35464373
9156,6,1,2026-11-02,73937,4154,739,3233129,24640705
9157,6,6,2026-11-02,87015,5903,582,6444320,50112858
9158,6,2,2026-11-02,65980,4456,429,1130082,4806958
9159,7,1,2026-11-02,13786,876,103,3450545,20818644
9160,7,4,2026-11-02,28189,2114,258,5090471,37253087
9161,7,3,2026-11-02,17639,292,46,6362475,45729188
9162,7,2,2026-11-02,31767,2735,388,5925482,33185499
9163,8,4,2026-11-02,76040,6679,1183,5092427,28776917
9164,8,5,2026-11-02,24149,394,22,3531846,28734807
9165,8,6,2026-11-02,48379,945,53,716904,5569902
9166,9,3,2026-11-02,17666,626,29,6460037,33320106
9167,9,1,2026-11-02,58346,2511,88,2170283,8238415
9168,10,5,2026-11-02,83667,3599,323,2386316,16160096
9169,10,3,2026-11-02,87633,6264,543,6082666,17785297
9170,1,5,2026-11-03,108095,9522,1154,5058289,17640889
9171,1,3,2026-11-03,99175,5880,168,6782485,29870305
9172,2,4,2026-11-03,14156,364,51,4063497,20183620
9173,2,5,2026-11-03,54381,1437,247,1945513,8777432
9174,2,6,2026-11-03,87709,3426,479,2655052,18127496
9175,2,2,2026-11-03,116509,2800,387,5879611,47018036
9176,3,2,2026-11-03,13701,388,68,723819,1948025
9177,3,3,2026-11-03,105396,4203,704,2915672,8124220
9178,3,5,2026-11-03,107067,1843,88,1172429,9804272
9179,3,1,2026-11-03,64134,1115,94,2409973,8675771
9180,4,4,2026-11-03,33538,698,47,5614173,19057991
9181,4,2,2026-11-03,13205,487,58,1339483,9793315
9182,5,4,2026-11-03,104567,5335,859,5379662,41000272
9183,5,6,2026-11-03,91418,6956,948,2768995,19010420
9184,5,2,2026-11-03,89120,5412,193,1169199,6395600
9185,5,1,2026-11-03,69976,5732,611,1418882,4235991
9186,6,1,2026-11-03,7593,530,52,5059960,25456570
9187,6,4,2026-11-03,15509,494,31,806398,5221124
9188,6,3,2026-11-03,100232,8523,970,973561,6069084
9189,7,6,2026-11-03,84997,3801,180,1070963,4453183
9190,7,3,2026-11-03,68469,1291,113,6089136,34633363
9191,7,1,2026-11-03,95338,4529,458,1666578,12524924
9192,8,4,2026-11-03,53763,3614,331,1109747,7276126
9193,8,5,2026-11-03,65700,1591,48,5255419,31135278
9194,9,6,2026-11-03,108249,2325,187,6531708,35073004
9195,9,5,2026-11-03,92275,7354,1300,5642986,14490327
9196,10,2,2026-11-03,80683,6425,925,6478710,26950712
9197,10,4,2026-11-03,49149,1411,142,2734549,22406869
9198,1,6,2026-11-04,33759,2041,203,5644607,39671916
9199,1,1,2026-11-04,60056,5349,934,3853697,30399945
9200,2,5,2026-11-04,91335,6595,702,4853321,30931211
9201,2,3,2026-11-04,112964,8744,1015,4588278,24865681
9202,2,1,2026-11-04,40617,2443,124,1796663,4574758
9203,3,5,2026-11-04,77470,6152,519,4249427,11277140
9204,3,2,2026-11-04,94790,2893,227,6489861,47085340
9205,3,6,2026-11-04,74638,3179,500,3048773,16477608
9206,3,4,2026-11-04,95918,7891,1277,2098213,5299120
9207,4,3,2026-11-04,42731,1298,215,1236375,4741495
9208,4,4,2026-11-04,24673,690,121,3409168,8912769
9209,5,2,2026-11-04,60255,2680,376,6106715,44496620
9210,5,6,2026-11-04,100803,7260,809,2944090,13893776
9211,6,6,2026-11-04,42548,3095,136,3856335,19402468
9212,6,4,2026-11-04,24069,1819,110,3977507,20169235
9213,6,2,2026-11-04,31402,2779,123,6007259,49864398
9214,6,1,2026-11-04,12784,653,20,710678,2392801
9215,7,5,2026-11-04,40761,957,89,5228616,20578435
9216,7,6,2026-11-04,84036,6541,771,5358711,21261601
9217,7,4,2026-11-04,119474,8573,1253,2177721,15320532
9218,8,2,2026-11-04,30679,1672,252,4946581,27573284
9219,8,6,2026-11-04,77312,5332,446,5172548,37477912
9220,8,5,2026-11-04,24615,1007,39,4053162,15249461
9221,8,3,2026-11-04,119104,8217,1435,1159800,9239318
9222,9,3,2026-11-04,37699,1505,148,5626597,34430612
9223,9,2,2026-11-04,98171,6124,353,4858537,40566402
9224,9,5,2026-11-04,35519,2484,192,1256353,7511213
9225,10,1,2026-11-04,57936,1001,51,2049961,16553411
9226,10,4,2026-11-04,28135,1675,258,5474100,37487706
9227,10,3,2026-11-04,12538,696,65,6336542,21706238
9228,10,5,2026-11-04,91856,5726,284,1039679,8202617
9229,1,4,2026-11-05,102124,9045,1348,4815560,36695754
9230,1,6,2026-11-05,63083,4119,233,5347877,28840582
9231,1,5,2026-11-05,74831,6711,1190,680900,3168429
9232,2,4,2026-11-05,108195,6282,697,2122073,5725366
9233,2,3,2026-11-05,33250,2224,144,5908901,29821025
9234,2,6,2026-11-05,38592,984,38,6249079,24448318
9235,2,5,2026-11-05,24847,893,97,4261389,23389002
9236,3,3,2026-11-05,107226,6479,766,3729739,26204251
9237,3,1,2026-11-05,15624,482,54,479837,2351823
9238,3,6,2026-11-05,52753,4635,228,4218373,20744838
9239,4,5,2026-11-05,50644,2566,111,3628087,23448767
9240,4,6,2026-11-05,73602,2885,62,1473325,8569649
9241,5,6,2026-11-05,89978,6154,472,6799319,52616260
9242,5,3,2026-11-05,6086,103,12,5239230,41797573
9243,5,2,2026-11-05,61195,2908,377,6172080,36481071
9244,5,5,2026-11-05,107777,7252,455,6989122,54228664
9245,6,6,2026-11-05,13492,1083,128,2904322,16029892
9246,6,1,2026-11-05,66232,4707,353,5394902,29276212
9247,6,3,2026-11-05,40811,1302,85,6967684,30863772
9248,7,3,2026-11-05,18150,1246,122,6353201,50878336
9249,7,5,2026-11-05,84324,5287,491,1554087,5383696
9250,7,4,2026-11-05,96440,4551,724,3478128,23939157
9251,8,3,2026-11-05,36056,3109,67,4467276,11465936
9252,8,2,2026-11-05,65321,4777,662,4295107,32446212
9253,9,4,2026-11-05,95686,1713,121,2415136,11230552
9254,9,6,2026-11-05,119142,6738,834,5983214,15308756
9255,9,2,2026-11-05,61995,3327,531,1599765,11310404
9256,9,3,2026-11-05,9912,518,82,758550,2011510
9257,10,5,2026-11-05,74434,6054,456,5067913,19330349
9258,10,1,2026-11-05,81732,6704,302,1505031,11588407
9259,10,3,2026-11-05,38572,1500,256,3141376,11297720
9260,10,2,2026-11-05,28789,706,48,4796991,40360202
9261,1,3,2026-11-06,86513,6499,724,3434151,22101250
9262,1,1,2026-11-06,63618,2872,333,2049943,16659031
9263,1,2,2026-11-06,36256,2043,144,5197260,23194778
9264,2,4,2026-11-06,50773,3571,456,3952020,24053667
9265,2,1,2026-11-06,97848,1945,300,2050435,10184952
9266,3,6,2026-11-06,110883,2829,442,2743343,7533814
9267,3,1,2026-11-06,110764,5835,222,4103207,30629022
9268,4,6,2026-11-06,80747,6024,341,4749042,16011835
9269,4,4,2026-11-06,41096,1584,169,4657408,27935303
9270,5,5,2026-11-06,80534,7017,403,6849937,43500664
9271,5,4,2026-11-06,77416,2827,219,926777,5110944
9272,5,2,2026-11-06,11204,437,69,4994542,40526207
9273,5,3,2026-11-06,102523,2359,83,5774505,28585902
9274,6,6,2026-11-06,102556,9220,1021,3034257,12381792
9275,6,5,2026-11-06,77302,1553,272,2584554,21369054
9276,6,3,2026-11-06,82887,6675,714,3889226,17965319
9277,7,4,2026-11-06,70480,4447,759,6065767,49844723
9278,7,1,2026-11-06,38225,2036,140,4258794,11590729
9279,7,2,2026-11-06,57312,2495,139,6892345,55549529
9280,8,3,2026-11-06,5888,346,62,2583506,16164685
9281,8,4,2026-11-06,119243,2755,59,1116958,3720777
9282,9,6,2026-11-06,59663,2661,212,3455362,17610570
9283,9,2,2026-11-06,12247,961,146,544056,4573915
9284,9,3,2026-11-06,85946,1423,144,3326406,21167648
9285,9,1,2026-11-06,96256,4748,345,4811616,37760927
9286,10,4,2026-11-06,96690,8465,959,5348605,23268017
9287,10,5,2026-11-06,39937,1275,56,5055925,38222748
9288,1,6,2026-11-07,47677,3824,127,6933214,49238816
9289,1,2,2026-11-07,79255,5539,936,453336,2744921
9290,2,2,2026-11-07,60389,5011,318,897657,7141484
9291,2,4,2026-11-07,105832,8490,424,5967144,38272614
9292,3,1,2026-11-07,14734,1119,126,1396974,7154086
9293,3,6,2026-11-07,59595,4299,177,4368151,22714855
9294,4,5,2026-11-07,5974,363,64,2341508,7226906
9295,4,1,2026-11-07,39494,1688,77,4416865,25194094
9296,4,2,2026-11-07,105697,7890,419,3536970,13444753
9297,4,6,2026-11-07,30701,2159,105,4015942,16407593
9298,5,3,2026-11-07,46928,2123,347,4934392,23961980
9299,5,4,2026-11-07,104668,5742,801,3098963,24856720
9300,6,1,2026-11-07,98785,4151,452,5816297,26743576
9301,6,6,2026-11-07,96691,6915,740,3048328,16201001
9302,7,1,2026-11-07,40331,1273,136,6073683,42382233
9303,7,6,2026-11-07,48649,2386,88,5632684,15748650
9304,7,3,2026-11-07,68030,3337,582,6276244,45824543
9305,8,6,2026-11-07,73107,5874,225,5917900,41698447
9306,8,1,2026-11-07,88178,7820,1207,2774324,11448523
9307,8,3,2026-11-07,58260,1278,147,5282121,24016485
9308,8,4,2026-11-07,19486,955,24,3711419,29736875
9309,9,2,2026-11-07,61124,3375,262,6874746,30126611
9310,9,4,2026-11-07,48585,1584,253,6046030,29590897
9311,9,5,2026-11-07,70224,5957,592,3936961,18359872
9312,10,3,2026-11-07,91862,2953,192,6791902,49480198
9313,10,5,2026-11-07,35538,2916,320,3889313,13947202
9314,10,1,2026-11-07,54964,2593,163,2898162,17920551
9315,10,4,2026-11-07,19118,1041,86,2917692,14032824
9316,1,5,2026-11-08,35631,1613,216,4808847,39157744
9317,1,6,2026-11-08,91403,3935,208,1027312,6625714
9318,2,6,2026-11-08,15123,995,51,3915266,12458752
9319,2,2,2026-11-08,19322,1661,271,1674513,9060588
9320,3,4,2026-11-08,45202,2224,339,6916257,25234784
9321,3,2,2026-11-08,27388,1947,109,5505916,43129570
9322,3,3,2026-11-08,102937,2395,340,938733,5783439
9323,4,5,2026-11-08,50382,2729,203,4684457,39513169
9324,4,2,2026-11-08,111683,3965,204,2107466,13292922
9325,4,6,2026-11-08,103471,3989,514,4457214,19284030
9326,5,4,2026-11-08,8618,688,35,4298622,14653543
9327,5,3,2026-11-08,87373,4061,565,3212632,15883117
9328,5,6,2026-11-08,62578,3215,358,766156,3684591
9329,5,2,2026-11-08,71425,5882,814,2502363,8498009
9330,6,1,2026-11-08,9925,593,36,2927548,8687697
9331,6,5,2026-11-08,91838,2245,82,1385182,7733791
9332,7,2,2026-11-08,5794,115,10,6786954,20515388
9333,7,3,2026-11-08,64168,1193,182,5899393,28221550
9334,7,5,2026-11-08,84539,7038,483,3029864,11434915
9335,8,4,2026-11-08,115513,3285,116,3314973,15868840
9336,8,3,2026-11-08,17534,626,106,1215835,5808768
9337,9,1,2026-11-08,34871,1014,89,4642843,19132101
9338,9,3,2026-11-08,99874,6135,320,901483,5657473
9339,9,4,2026-11-08,71431,1440,171,4384943,13889985
9340,10,4,2026-11-08,50195,1135,128,1127435,4711148
9341,10,1,2026-11-08,117348,7838,607,4764554,34060916
9342,10,3,2026-11-08,76124,3918,211,4905719,13332248
9343,1,2,2026-11-09,60881,4230,656,4640768,12983394
9344,1,5,2026-11-09,38717,1281,132,875319,4197780
9345,1,4,2026-11-09,75894,2908,123,4229225,28678844
9346,2,6,2026-11-09,112895,6727,168,446681,3227651
9347,2,1,2026-11-09,99825,8512,545,3155357,7949098
9348,3,6,2026-11-09,54500,3562,220,6282812,42989158
9349,3,1,2026-11-09,93352,5672,156,1001656,7544297
9350,4,2,2026-11-09,8738,247,30,3467665,13645102
9351,4,6,2026-11-09,23180,1752,163,1695257,6340892
9352,4,1,2026-11-09,70043,2216,195,3017711,8617083
9353,5,2,2026-11-09,10877,433,11,4195056,16373066
9354,5,4,2026-11-09,32635,1290,54,3809160,26838288
9355,6,3,2026-11-09,109045,8310,623,2055046,16991738
9356,6,6,2026-11-09,78837,3951,199,2860438,21627239
9357,6,2,2026-11-09,17654,522,65,5455424,32865841
9358,6,1,2026-11-09,43794,1133,33,3486368,25951868
9359,7,1,2026-11-09,66217,2260,49,2936167,8920916
9360,7,5,2026-11-09,90816,6124,234,3544309,15048292
9361,7,4,2026-11-09,108694,2191,259,1046739,7020710
9362,7,6,2026-11-09,61912,2633,183,714246,5957359
9363,8,6,2026-11-09,42818,3485,166,641603,1766262
9364,8,3,2026-11-09,21667,1202,148,5827148,20971384
9365,9,5,2026-11-09,31692,1331,125,5467505,19823862
9366,9,3,2026-11-09,89708,5361,899,2821716,13272494
9367,10,5,2026-11-09,13361,842,54,4378034,19405578
9368,10,2,2026-11-09,83182,2937,267,3281042,16040669
9369,10,6,2026-11-09,46246,1047,107,6817515,50188530
9370,10,4,2026-11-09,93236,7603,968,3954414,14675176
9371,1,4,2026-11-10,58456,2733,392,788449,2965399
9372,1,6,2026-11-10,101363,1545,72,5563078,16290464
9373,2,6,2026-11-10,69620,2905,155,6818201,44875353
9374,2,5,2026-11-10,39304,1115,76,6483187,36098100
9375,3,3,2026-11-10,42819,2453,255,5573973,21662692
9376,3,6,2026-11-10,60698,4941,866,5013791,33385846
9377,3,4,2026-11-10,52450,1379,219,2104642,5715170
9378,4,3,2026-11-10,104030,4210,733,3252554,9364194
9379,4,2,2026-11-10,30649,2023,133,3485794,17498200
9380,5,4,2026-11-10,99864,5797,640,6280125,43390622
9381,5,5,2026-11-10,24875,2186,133,1155692,9563253
9382,6,3,2026-11-10,7252,405,51,944543,2581791
9383,6,4,2026-11-10,32962,2519,115,1160667,7886091
9384,6,1,2026-11-10,32479,1905,331,1194305,4267489
9385,7,5,2026-11-10,22877,670,72,2475698,7655674
9386,7,6,2026-11-10,21589,1838,157,2235066,14008174
9387,7,2,2026-11-10,59061,4180,582,1254550,5356719
9388,8,2,2026-11-10,49050,3112,195,1345524,10102775
9389,8,4,2026-11-10,56480,2916,460,4441809,25774456
9390,8,1,2026-11-10,111142,1935,295,958092,6298462
9391,9,3,2026-11-10,28410,1326,89,1941582,15412693
9392,9,5,2026-11-10,97571,6484,326,3280733,23813462
9393,9,1,2026-11-10,59332,3608,95,1912746,13013544
9394,9,4,2026-11-10,112799,7919,1052,1026070,2781249
9395,10,4,2026-11-10,37419,1055,139,1140511,5273773
9396,10,1,2026-11-10,49660,2005,185,4990798,34324113
9397,10,6,2026-11-10,62283,3918,179,3495678,8877558
9398,1,2,2026-11-11,61295,2225,396,5192902,20233306
9399,1,3,2026-11-11,86596,5273,625,3937223,21863302
9400,2,5,2026-11-11,6631,339,37,4456080,36218791
9401,2,3,2026-11-11,56377,3253,380,2123052,13815316
9402,3,5,2026-11-11,87269,5027,552,6020933,31674554
9403,3,1,2026-11-11,55957,1333,76,5831775,17500157
9404,4,6,2026-11-11,42889,936,69,4447662,33751170
9405,4,1,2026-11-11,47843,2582,215,2126571,16782659
9406,4,5,2026-11-11,64386,1983,104,1691001,13151392
9407,4,4,2026-11-11,9490,235,33,5275610,32324801
9408,5,4,2026-11-11,111074,9060,953,4824289,36182062
9409,5,5,2026-11-11,40203,1243,42,1655313,13213829
9410,5,6,2026-11-11,12782,874,114,3274024,25142516
9411,6,3,2026-11-11,38168,2983,158,5447580,44175834
9412,6,5,2026-11-11,101214,4278,626,6583500,24396506
9413,7,3,2026-11-11,62533,3260,411,2018885,13288200
9414,7,6,2026-11-11,91659,6685,626,5108941,25473702
9415,8,6,2026-11-11,55206,3353,393,3082846,23756095
9416,8,5,2026-11-11,44242,1339,219,1879914,5825776
9417,8,3,2026-11-11,79366,2836,208,6522559,20275537
9418,8,4,2026-11-11,50300,3422,596,4898736,24980842
9419,9,2,2026-11-11,77293,1417,90,5780114,34365555
9420,9,1,2026-11-11,118871,8207,1120,5491092,32993180
9421,9,5,2026-11-11,46545,1131,197,6550815,20457997
9422,10,3,2026-11-11,78184,3217,406,6205876,24530693
9423,10,1,2026-11-11,39896,2032,129,1655159,13773663
9424,1,4,2026-11-12,14458,1180,56,3755531,16221067
9425,1,2,2026-11-12,22780,888,55,2138868,14322217
9426,1,6,2026-11-12,101967,8130,533,2077394,12668388
9427,1,5,2026-11-12,99882,4478,696,1361102,5473030
9428,2,1,2026-11-12,87457,3125,246,2290535,18495144
9429,2,4,2026-11-12,96657,6537,896,3656820,20725155
9430,2,3,2026-11-12,49226,3512,174,6956272,51325527
9431,2,5,2026-11-12,61689,3253,157,5068006,15646873
9432,3,5,2026-11-12,45194,3333,476,3569904,11557843
9433,3,1,2026-11-12,39034,3172,458,4803817,13137239
9434,3,2,2026-11-12,110408,5698,261,5400109,38184701
9435,3,6,2026-11-12,66347,3915,87,3951743,25862067
9436,4,1,2026-11-12,14804,742,91,2277480,7296565
9437,4,3,2026-11-12,12192,306,47,2009609,7908743
9438,4,6,2026-11-12,83454,4218,442,731440,3181968
9439,5,2,2026-11-12,77134,3822,546,1963565,10413014
9440,5,4,2026-11-12,69532,1764,228,3012294,11695238
9441,5,5,2026-11-12,34774,586,30,1863310,8422138
9442,5,6,2026-11-12,55174,3208,478,2578410,13330988
9443,6,1,2026-11-12,14168,1193,91,5289937,26382936
9444,6,2,2026-11-12,34727,2110,375,6596166,47740407
9445,6,5,2026-11-12,44470,1193,102,3926878,14470487
9446,7,3,2026-11-12,82726,6703,793,2030948,12900959
9447,7,2,2026-11-12,90608,7772,1015,1285648,5117630
9448,7,1,2026-11-12,51633,3953,484,1944044,14878152
9449,8,4,2026-11-12,32152,1449,126,6221066,22859331
9450,8,6,2026-11-12,15940,1132,77,1715698,6180813
9451,8,5,2026-11-12,103941,6539,353,3027418,20046472
9452,8,1,2026-11-12,113884,4345,545,6383226,23118769
9453,9,5,2026-11-12,38509,2299,195,3975266,20816300
9454,9,4,2026-11-12,77060,2542,311,3206869,11409093
9455,9,2,2026-11-12,92690,5613,112,6032488,29109005
9456,9,3,2026-11-12,5854,506,33,1505163,5535497
9457,10,6,2026-11-12,10362,276,17,4160596,22959080
9458,10,1,2026-11-12,6093,495,45,3101946,8025377
9459,10,3,2026-11-12,57413,1708,170,475612,3924652
9460,10,2,2026-11-12,90293,3178,122,1157351,8904597
9461,1,3,2026-11-13,87383,3911,592,3767951,30543158
9462,1,2,2026-11-13,26906,1340,59,921932,3341989
9463,1,4,2026-11-13,119521,5434,931,6039587,26451880
9464,1,6,2026-11-13,42342,1278,125,4575423,29224324
9465,2,5,2026-11-13,91391,3466,335,1859611,8960358
9466,2,4,2026-11-13,72347,3300,168,6909755,20964047
9467,2,6,2026-11-13,35469,1080,44,5459405,39030834
9468,3,6,2026-11-13,113771,5565,263,3798333,24680549
9469,3,5,2026-11-13,68432,1645,182,891489,3815271
9470,3,2,2026-11-13,84025,3044,106,4830421,22273104
9471,3,1,2026-11-13,45395,3182,244,1333335,11130721
9472,4,1,2026-11-13,47766,4208,185,545359,4043709
9473,4,2,2026-11-13,72559,5880,908,4508802,23673541
9474,4,3,2026-11-13,46076,3147,99,6832015,20549163
9475,4,4,2026-11-13,6412,368,29,886657,5793847
9476,5,5,2026-11-13,25712,1796,309,4089936,23177533
9477,5,2,2026-11-13,11025,918,92,6984509,54549639
9478,5,6,2026-11-13,60516,3487,176,6201003,48186189
9479,6,3,2026-11-13,101562,7898,1079,6687085,46184788
9480,6,4,2026-11-13,15269,439,18,2083180,5514384
9481,7,2,2026-11-13,80141,6205,821,1116760,7443633
9482,7,6,2026-11-13,23257,1382,61,595218,3147622
9483,7,3,2026-11-13,24289,723,105,2334430,11042249
9484,7,4,2026-11-13,77541,2036,113,4837757,30012109
9485,8,1,2026-11-13,36600,2268,405,5186896,28438430
9486,8,6,2026-11-13,102176,5131,755,4838864,36011976
9487,8,5,2026-11-13,64995,3907,352,4224017,20444793
9488,9,5,2026-11-13,56314,877,94,2758277,9913414
9489,9,2,2026-11-13,82746,6022,900,6658300,50516975
9490,9,6,2026-11-13,58490,2320,159,6057091,24599722
9491,10,4,2026-11-13,30946,519,43,494807,2371483
9492,10,3,2026-11-13,13465,514,65,4973207,31409698
9493,10,6,2026-11-13,111101,6382,767,5229207,28940689
9494,10,2,2026-11-13,62546,1600,76,5250689,29317734
9495,1,2,2026-11-14,104510,1604,101,5726419,21821698
9496,1,1,2026-11-14,20681,1860,304,5158702,34732174
9497,2,1,2026-11-14,82448,3773,614,477370,2985421
9498,2,4,2026-11-14,5170,464,65,2645157,15682493
9499,3,1,2026-11-14,36332,2852,134,1112169,8290875
9500,3,3,2026-11-14,82410,2262,247,5753356,47686260
9501,3,5,2026-11-14,23623,1605,104,5751423,23478525
9502,4,4,2026-11-14,93365,4045,218,6036626,49919160
9503,4,1,2026-11-14,111025,3154,482,4658933,32360309
9504,5,1,2026-11-14,22395,739,27,4410540,11395445
9505,5,4,2026-11-14,101488,3959,530,2768352,8190854
9506,5,2,2026-11-14,36837,1867,314,1769789,8824832
9507,6,3,2026-11-14,99204,3915,303,6977981,39805001
9508,6,5,2026-11-14,73994,3051,452,2265186,9941733
9509,6,6,2026-11-14,72767,1491,220,3750801,15742971
9510,6,1,2026-11-14,106757,3827,342,4497927,18658276
9511,7,1,2026-11-14,94735,7891,231,1142759,8177926
9512,7,2,2026-11-14,28298,2190,271,3138990,17667775
9513,7,5,2026-11-14,117604,9911,1267,3160018,20890442
9514,8,5,2026-11-14,73898,1558,61,746105,2284948
9515,8,3,2026-11-14,55329,1019,51,6554072,30962632
9516,9,6,2026-11-14,71764,1953,224,1116840,8049676
9517,9,5,2026-11-14,11304,625,97,6115401,24180254
9518,9,4,2026-11-14,61203,1963,64,4453860,32966130
9519,10,1,2026-11-14,17462,781,88,4185298,23739257
9520,10,2,2026-11-14,87955,4978,318,4230347,23586321
9521,10,4,2026-11-14,94969,7053,1222,4874156,14428846
9522,1,2,2026-11-15,70358,4588,417,683374,3135669
9523,1,5,2026-11-15,16628,265,39,6524698,44364540
9524,1,6,2026-11-15,67170,2179,44,5560380,32408714
9525,1,4,2026-11-15,29216,2624,121,1091594,4140881
9526,2,1,2026-11-15,87453,7122,247,6502884,27997231
9527,2,3,2026-11-15,35679,591,83,2893203,13860586
9528,2,2,2026-11-15,65875,3619,413,1530474,11139467
9529,2,4,2026-11-15,78743,3618,246,6596891,17113652
9530,3,1,2026-11-15,64191,2983,403,5409186,20860359
9531,3,5,2026-11-15,41275,1732,51,1172352,7281169
9532,4,6,2026-11-15,30966,1926,104,4018618,28758631
9533,4,1,2026-11-15,117580,5204,501,3547171,23826517
9534,5,4,2026-11-15,77923,5456,855,2907242,21156227
9535,5,6,2026-11-15,75578,4956,206,5676857,47363514
9536,6,5,2026-11-15,45569,3309,552,894395,4982971
9537,6,4,2026-11-15,75064,3317,275,1471778,5678039
9538,6,2,2026-11-15,41803,1424,86,3039452,14344083
9539,6,3,2026-11-15,23636,1862,129,6642088,34985471
9540,7,2,2026-11-15,58729,4640,575,3686842,12595374
9541,7,5,2026-11-15,97689,8586,273,363828,2984123
9542,8,5,2026-11-15,67530,4738,214,1925033,5601139
9543,8,3,2026-11-15,86798,1488,134,6161586,45048534
9544,8,1,2026-11-15,60506,5394,562,3453274,13663575
9545,9,2,2026-11-15,108112,6119,333,3200988,17866583
9546,9,1,2026-11-15,37793,2626,440,5796325,16264521
9547,9,3,2026-11-15,110405,4179,109,3371790,22466306
9548,10,2,2026-11-15,46632,2057,155,6112899,25488176
9549,10,4,2026-11-15,94206,4439,369,3819803,20036023
9550,1,4,2026-11-16,112764,2696,70,4445221,11591775
9551,1,1,2026-11-16,73460,4896,111,3131971,19593689
9552,1,5,2026-11-16,105667,6076,865,5078808,25579788
9553,2,5,2026-11-16,52387,3620,268,3195706,16817605
9554,2,2,2026-11-16,15247,628,84,2293513,8314434
9555,2,4,2026-11-16,119262,9166,1353,4605576,29354445
9556,2,1,2026-11-16,75190,1393,142,850129,4696013
9557,3,6,2026-11-16,112364,3816,247,1516869,5257935
9558,3,5,2026-11-16,84025,6769,1046,4831409,22909946
9559,3,2,2026-11-16,22141,1704,67,6087579,15341153
9560,3,1,2026-11-16,98318,3247,533,4864518,28658956
9561,4,1,2026-11-16,6794,244,6,4410317,35696345
9562,4,5,2026-11-16,119686,5568,605,6468699,51874008
9563,5,5,2026-11-16,10554,851,75,6472187,16196183
9564,5,1,2026-11-16,114326,4732,509,612692,4004212
9565,5,6,2026-11-16,112067,8412,230,3025505,18647727
9566,5,2,2026-11-16,23745,1571,147,5348795,31460371
9567,6,4,2026-11-16,84250,6689,966,6697992,39867158
9568,6,2,2026-11-16,19603,1053,53,4676205,23473856
9569,6,6,2026-11-16,39959,2189,233,3490964,11514912
9570,7,4,2026-11-16,30408,1342,122,4284704,33475497
9571,7,1,2026-11-16,64692,5420,505,1853706,11282319
9572,7,6,2026-11-16,98828,8323,926,2809466,22757279
9573,7,3,2026-11-16,108361,3087,251,1132730,5261636
9574,8,6,2026-11-16,75761,4228,144,5639611,23058631
9575,8,5,2026-11-16,95460,2421,175,1674523,12173023
9576,8,4,2026-11-16,103598,7945,203,620213,4499977
9577,9,3,2026-11-16,47219,2230,139,4781820,14259786
9578,9,6,2026-11-16,102360,8847,1406,6350379,53205553
9579,9,1,2026-11-16,74843,4823,802,4006958,22437239
9580,10,6,2026-11-16,34587,2820,107,5140218,19046609
9581,10,3,2026-11-16,65463,1287,215,6300366,18801269
9582,10,1,2026-11-16,119775,3307,119,2619307,19691538
9583,10,4,2026-11-16,111896,7186,762,2897585,10926115
9584,1,2,2026-11-17,7182,265,12,4282539,24400583
9585,1,5,2026-11-17,95089,6615,974,3991374,32178189
9586,1,1,2026-11-17,29243,911,114,4339297,34688789
9587,1,6,2026-11-17,35487,658,82,396549,1566920
9588,2,3,2026-11-17,90891,4771,708,2388738,19791131
9589,2,6,2026-11-17,28414,2205,388,652280,5017119
9590,2,4,2026-11-17,82839,3242,561,3546665,20828720
9591,3,4,2026-11-17,110142,7582,379,6858382,54288874
9592,3,6,2026-11-17,79222,6725,750,937430,6253122
9593,4,5,2026-11-17,63447,2947,278,5305427,31544012
9594,4,6,2026-11-17,20479,449,11,6295769,47468662
9595,4,3,2026-11-17,57948,4037,186,4346978,28945269
9596,4,2,2026-11-17,22431,452,79,6391966,39981926
9597,5,2,2026-11-17,8387,343,48,5252079,43821514
9598,5,5,2026-11-17,50014,2151,51,759763,5387444
9599,6,3,2026-11-17,60893,4801,736,3506431,23070620
9600,6,1,2026-11-17,10408,893,71,4065021,32015572
9601,6,6,2026-11-17,70126,3013,134,1871902,4923952
9602,7,4,2026-11-17,75867,4371,662,5009045,18897507
9603,7,3,2026-11-17,96819,1611,82,545266,1747670
9604,8,6,2026-11-17,97912,4350,602,5878767,30795155
9605,8,4,2026-11-17,5630,368,20,6439059,26885703
9606,9,2,2026-11-17,66015,5402,524,3367387,16913250
9607,9,6,2026-11-17,67371,4099,259,3453211,16671433
9608,9,5,2026-11-17,76472,3012,460,2626044,8404764
9609,9,3,2026-11-17,104928,3883,253,3811223,24381245
9610,10,5,2026-11-17,62843,2634,418,2697257,13818796
9611,10,6,2026-11-17,50156,2744,351,3982503,23078075
9612,10,1,2026-11-17,56704,4344,341,6807286,45426286
9613,10,2,2026-11-17,28525,1020,93,2330682,9537585
9614,1,6,2026-11-18,57233,2343,115,4673583,25439274
9615,1,2,2026-11-18,32236,1272,43,4216815,22700202
9616,1,3,2026-11-18,56551,1868,334,870086,3604278
9617,1,1,2026-11-18,78372,6479,819,4002054,17222662
9618,2,2,2026-11-18,91368,6311,1089,452846,1657235
9619,2,5,2026-11-18,73665,4071,636,1802025,9882006
9620,2,4,2026-11-18,119513,6888,598,759431,5885068
9621,3,5,2026-11-18,92505,6345,413,1765632,14495523
9622,3,6,2026-11-18,48320,3211,79,3021318,16085472
9623,3,4,2026-11-18,43801,1982,85,884458,4361705
9624,3,2,2026-11-18,39323,2865,208,4756626,32475307
9625,4,1,2026-11-18,16258,405,27,901849,5916081
9626,4,3,2026-11-18,35597,2435,97,5465330,30118371
9627,4,2,2026-11-18,115330,5918,162,6580830,49258081
9628,5,6,2026-11-18,46278,3428,573,2426215,12422714
9629,5,5,2026-11-18,58721,4438,644,1159702,6337621
9630,5,4,2026-11-18,109839,7959,604,2287490,14146971
9631,6,1,2026-11-18,53443,3575,165,3551911,15448874
9632,6,6,2026-11-18,101726,2546,456,3437818,15501429
9633,6,3,2026-11-18,95214,6127,843,3330759,22681050
9634,7,4,2026-11-18,54727,3049,129,1809140,6249956
9635,7,2,2026-11-18,65702,4516,149,5773649,17230706
9636,7,3,2026-11-18,11578,225,7,2632216,16068517
9637,7,1,2026-11-18,11749,204,29,4775945,19218846
9638,8,3,2026-11-18,94710,4872,323,5712274,21704219
9639,8,6,2026-11-18,78452,2238,361,872872,3168011
9640,8,5,2026-11-18,91827,6240,190,6943906,51661659
9641,8,2,2026-11-18,36594,1690,190,6393490,54054229
9642,9,5,2026-11-18,72235,4556,473,3571913,21797732
9643,9,2,2026-11-18,111559,7981,423,5145502,43134626
9644,9,3,2026-11-18,64396,5276,536,6649740,29986464
9645,9,4,2026-11-18,23569,1191,195,1890133,10012865
9646,10,2,2026-11-18,116322,7067,454,5030875,28931783
9647,10,3,2026-11-18,85541,5942,691,3484332,17057178
9648,10,5,2026-11-18,111603,1909,128,4699472,17343963
9649,10,6,2026-11-18,12163,927,40,3870932,16436318
9650,1,3,2026-11-19,40073,1406,95,2334368,6985924
9651,1,5,2026-11-19,100403,5496,356,1472652,9754834
9652,1,4,2026-11-19,10620,620,29,2864525,17231428
9653,1,1,2026-11-19,94846,5456,147,4625777,14119209
9654,2,2,2026-11-19,9988,285,39,3162480,20350395
9655,2,6,2026-11-19,23151,1467,148,956543,3597820
9656,3,3,2026-11-19,115128,2660,218,3084279,10767281
9657,3,1,2026-11-19,35137,1814,36,4808248,36819987
9658,3,6,2026-11-19,64247,3364,267,5454707,15402267
9659,3,2,2026-11-19,11060,336,15,6384867,32470046
9660,4,2,2026-11-19,71778,5097,297,3874849,20560790
9661,4,3,2026-11-19,38631,3131,217,2583086,21902613
9662,4,4,2026-11-19,33735,702,20,2052058,6857905
9663,5,5,2026-11-19,111299,3819,349,3946271,32561983
9664,5,3,2026-11-19,68059,2226,310,4896801,22315337
9665,6,1,2026-11-19,60420,4918,316,3162842,19341049
9666,6,5,2026-11-19,85316,3964,173,2576964,9628051
9667,7,6,2026-11-19,24563,1023,180,4506120,24832869
9668,7,1,2026-11-19,73117,2168,257,6082447,22724116
9669,8,5,2026-11-19,19557,480,69,3066965,16267822
9670,8,1,2026-11-19,91898,4221,694,4135839,22702913
9671,8,3,2026-11-19,86235,5843,799,6336755,40629114
9672,9,2,2026-11-19,112232,4575,630,4233388,18860925
9673,9,3,2026-11-19,83969,7329,227,2234059,16840099
9674,9,5,2026-11-19,54003,4083,534,3783082,27625907
9675,9,4,2026-11-19,114291,5884,227,648064,2127661
9676,10,4,2026-11-19,46588,2800,415,2236366,13264662
9677,10,3,2026-11-19,41668,3645,381,3413699,19052861
9678,1,1,2026-11-20,117314,4805,618,4523033,30630414
9679,1,6,2026-11-20,22726,985,127,6130543,44858831
9680,1,5,2026-11-20,50871,894,44,5617075,16433716
9681,1,4,2026-11-20,25265,1115,55,6557072,16656107
9682,2,5,2026-11-20,111705,3035,475,4891518,13138935
9683,2,4,2026-11-20,37691,1794,154,6485675,50880781
9684,3,6,2026-11-20,54644,3478,528,5155414,34863315
9685,3,3,2026-11-20,5346,372,48,1281467,7534000
9686,3,4,2026-11-20,58043,3756,566,2150775,14992444
9687,3,1,2026-11-20,98221,3238,279,1884662,11283291
9688,4,2,2026-11-20,15132,1205,194,4567917,24344908
9689,4,1,2026-11-20,94977,1739,35,4809567,37188027
9690,5,2,2026-11-20,52047,1701,238,656640,3776174
9691,5,1,2026-11-20,35806,2083,161,6728508,18811472
9692,6,5,2026-11-20,55196,1121,102,430094,3306102
9693,6,1,2026-11-20,42487,2135,225,2510909,18462939
9694,6,3,2026-11-20,113061,4684,517,6348187,19665006
9695,6,2,2026-11-20,20961,1736,87,668936,4845282
9696,7,3,2026-11-20,72488,3973,542,3362399,17727541
9697,7,1,2026-11-20,61309,4500,221,1951329,6296383
9698,7,4,2026-11-20,7607,250,44,746294,2554099
9699,8,3,2026-11-20,112782,9873,512,6524274,34435788
9700,8,1,2026-11-20,114483,9884,1673,6130052,40052942
9701,8,4,2026-11-20,25248,1977,126,1038326,6714044
9702,9,5,2026-11-20,61527,5063,410,3787003,18076805
9703,9,3,2026-11-20,56976,4158,703,6440753,43603382
9704,9,6,2026-11-20,58966,3599,612,2632477,9200356
9705,10,3,2026-11-20,114497,1833,241,2076099,14657781
9706,10,1,2026-11-20,63143,2193,200,2575165,13995054
9707,10,5,2026-11-20,17795,289,27,4558396,33597079
9708,10,4,2026-11-20,29966,2604,113,6369458,51906130
9709,1,5,2026-11-21,61033,4487,738,5687151,39138390
9710,1,2,2026-11-21,119153,10692,1446,2552936,11429533
9711,1,6,2026-11-21,20152,819,31,4442391,21897497
9712,1,4,2026-11-21,65531,3632,317,3966576,11784867
9713,2,6,2026-11-21,51071,3058,478,1328285,7542036
9714,2,1,2026-11-21,54966,1495,204,4490761,27619715
9715,2,5,2026-11-21,36291,2240,268,2029007,16723891
9716,2,4,2026-11-21,71611,4644,156,770537,2519939
9717,3,6,2026-11-21,46947,4120,311,3244255,21270785
9718,3,4,2026-11-21,11270,717,72,3408291,18710349
9719,3,2,2026-11-21,49363,2446,87,6084789,22951460
9720,3,1,2026-11-21,71711,6071,338,6378308,37054057
9721,4,4,2026-11-21,92201,6513,422,2448496,11823726
9722,4,1,2026-11-21,88650,3455,127,1961278,12328750
9723,5,2,2026-11-21,53086,3642,600,2802621,21343845
9724,5,5,2026-11-21,76979,6587,318,2193898,7601938
9725,6,6,2026-11-21,64450,1188,113,4064797,16249522
9726,6,3,2026-11-21,115227,9250,1163,860161,2394120
9727,6,5,2026-11-21,52363,1541,41,2770592,20058046
9728,7,4,2026-11-21,80707,2620,315,4779540,16416595
9729,7,1,2026-11-21,55864,1529,189,4224842,18510310
9730,7,2,2026-11-21,116321,8502,1159,5379089,36156798
9731,7,6,2026-11-21,103240,1550,203,2822263,9017052
9732,8,5,2026-11-21,85048,7460,607,1141627,3435911
9733,8,4,2026-11-21,101602,8075,402,5141938,16855160
9734,8,1,2026-11-21,16397,1114,198,2927414,16147545
9735,9,2,2026-11-21,7930,466,33,1962612,13044328
9736,9,3,2026-11-21,30982,727,44,1429416,7875473
9737,9,6,2026-11-21,82560,3765,424,4628593,30623976
9738,10,6,2026-11-21,46912,2979,319,2128264,8517388
9739,10,4,2026-11-21,46570,3002,443,3504843,28451426
9740,1,6,2026-11-22,59532,4506,643,6675701,39655760
9741,1,2,2026-11-22,25076,1012,75,6791090,26781439
9742,1,5,2026-11-22,6421,191,29,4785404,13659301
9743,1,1,2026-11-22,97122,6613,954,3389013,16722385
9744,2,3,2026-11-22,85885,1912,300,628732,3484271
9745,2,6,2026-11-22,50611,3958,262,4976849,39759608
9746,3,1,2026-11-22,114286,8177,407,6379649,53788146
9747,3,5,2026-11-22,64344,5046,754,4011847,22211369
9748,4,3,2026-11-22,70103,4116,533,1876316,6240839
9749,4,1,2026-11-22,70790,1481,161,3538942,22907181
9750,5,4,2026-11-22,92224,2032,42,2686477,7416714
9751,5,6,2026-11-22,11982,1046,103,2135228,10933483
9752,6,3,2026-11-22,104202,9334,344,5556543,34339757
9753,6,6,2026-11-22,70794,2506,262,450750,3269923
9754,6,4,2026-11-22,8705,621,99,1056876,4085849
9755,7,6,2026-11-22,99560,2370,360,5238946,13676762
9756,7,2,2026-11-22,6052,126,17,2373961,17823618
9757,8,5,2026-11-22,91573,5743,909,954422,5708716
9758,8,2,2026-11-22,66088,4797,816,2536124,10731683
9759,8,1,2026-11-22,89554,4354,380,2724270,12078926
9760,8,6,2026-11-22,14895,801,133,2902570,14680250
9761,9,1,2026-11-22,57058,4895,584,4017232,17504745
9762,9,3,2026-11-22,10832,918,110,5253902,16421617
9763,9,2,2026-11-22,72547,3598,645,1295728,7929263
9764,9,6,2026-11-22,96402,6314,887,4585761,33155513
9765,10,5,2026-11-22,115469,8191,619,1317444,7772106
9766,10,2,2026-11-22,75083,4702,679,3475927,20023814
9767,1,2,2026-11-23,57843,2652,314,1291364,6211732
9768,1,4,2026-11-23,115863,6726,744,1623952,11160188
9769,2,4,2026-11-23,96230,7107,545,6937518,29683401
9770,2,1,2026-11-23,75651,5295,420,5309186,27605189
9771,2,6,2026-11-23,91980,7957,923,4192134,22816353
9772,3,2,2026-11-23,10142,838,59,6443533,47616291
9773,3,5,2026-11-23,73744,1842,230,2381943,17107238
9774,3,1,2026-11-23,35802,2786,155,2303230,9614307
9775,4,6,2026-11-23,61885,3243,324,3133933,16273838
9776,4,1,2026-11-23,63557,2125,320,3387693,13784886
9777,4,2,2026-11-23,57774,879,122,3314876,11378181
9778,5,2,2026-11-23,37577,1177,143,4611371,33612119
9779,5,6,2026-11-23,94186,5371,251,5573181,30917252
9780,5,1,2026-11-23,6973,618,109,6807288,44636170
9781,6,5,2026-11-23,48734,3571,568,4493674,21974539
9782,6,3,2026-11-23,104168,3265,332,4808706,18233304
9783,7,1,2026-11-23,93120,5595,762,3801672,12410115
9784,7,4,2026-11-23,94782,6129,204,6514989,27312248
9785,7,6,2026-11-23,106309,4038,484,5022455,37466587
9786,7,3,2026-11-23,45669,3743,346,5653317,32651967
9787,8,5,2026-11-23,21258,497,44,6770033,23357515
9788,8,4,2026-11-23,84907,4638,327,5213571,24831141
9789,8,6,2026-11-23,38567,1162,92,6906518,57626376
9790,9,5,2026-11-23,18679,865,36,6137919,44046398
9791,9,3,2026-11-23,106237,4715,437,2531341,6492931
9792,10,4,2026-11-23,15927,1302,77,1147608,5431757
9793,10,2,2026-11-23,116809,5240,481,828683,5437405
9794,10,6,2026-11-23,86224,1788,168,4198749,13298280
9795,10,1,2026-11-23,40096,2965,398,5100538,37298357
9796,1,6,2026-11-24,67433,5107,845,5402299,31343750
9797,1,1,2026-11-24,92599,8176,359,960769,3798655
9798,2,5,2026-11-24,9580,280,19,1214238,9359667
9799,2,4,2026-11-24,88098,1915,111,1054114,8569578
9800,2,1,2026-11-24,68238,5625,343,1038125,4332047
9801,2,2,2026-11-24,114499,9823,768,3048628,9192669
9802,3,2,2026-11-24,49599,2098,67,6958987,58636338
9803,3,6,2026-11-24,44543,3160,107,5801921,28800620
9804,4,1,2026-11-24,55049,1650,168,6297718,27372296
9805,4,2,2026-11-24,57378,2292,65,2770940,11281771
9806,5,2,2026-11-24,13428,1191,40,3369326,13093257
9807,5,3,2026-11-24,39032,1935,288,5763366,29456362
9808,5,1,2026-11-24,60968,4774,573,5993040,32238384
9809,6,6,2026-11-24,13454,513,38,2598786,21282332
9810,6,1,2026-11-24,41105,2304,205,6766601,40625847
9811,6,2,2026-11-24,94794,7255,395,505571,2995226
9812,6,4,2026-11-24,92641,3234,563,6464549,45518949
9813,7,3,2026-11-24,83456,2212,295,5643390,38887703
9814,7,1,2026-11-24,52708,1179,194,1514518,12124292
9815,7,4,2026-11-24,16245,303,20,5798632,34774927
9816,7,5,2026-11-24,118459,3313,472,6822598,28529346
9817,8,5,2026-11-24,104135,5248,126,5417148,31774235
9818,8,3,2026-11-24,80479,6040,746,3339798,9325373
9819,9,1,2026-11-24,79258,5208,889,5826542,23092048
9820,9,4,2026-11-24,109951,4873,345,2145736,7090741
9821,9,2,2026-11-24,77405,3648,358,6888026,22168007
9822,9,6,2026-11-24,96013,7653,896,6241526,26579345
9823,10,6,2026-11-24,105833,7492,1076,321808,2511005
9824,10,1,2026-11-24,61047,1708,99,4762787,15126842
9825,10,2,2026-11-24,32767,2731,488,5522716,19438691
9826,10,3,2026-11-24,52717,1249,123,1048944,5728653
9827,1,1,2026-11-25,6031,312,46,1095968,5845992
9828,1,5,2026-11-25,85339,7352,1167,2289316,8860538
9829,1,4,2026-11-25,97164,3835,152,6437564,24188430
9830,2,1,2026-11-25,37405,1549,72,6628284,38181981
9831,2,3,2026-11-25,65346,4506,608,3269978,21870718
9832,3,1,2026-11-25,38251,870,127,5879493,32211208
9833,3,3,2026-11-25,104096,8061,871,4761553,30936525
9834,3,6,2026-11-25,75550,2114,223,1378653,5847352
9835,3,5,2026-11-25,55615,3117,467,1111651,5448271
9836,4,2,2026-11-25,5512,170,15,5690269,23950626
9837,4,5,2026-11-25,118585,7972,1433,5834332,36955086
9838,4,4,2026-11-25,62567,5059,215,6311607,21928253
9839,5,2,2026-11-25,25803,2043,106,4965854,34017299
9840,5,3,2026-11-25,56477,3017,98,3155528,12648122
9841,6,3,2026-11-25,111608,6206,597,5425651,13805875
9842,6,2,2026-11-25,38838,1938,254,4014315,20254430
9843,6,4,2026-11-25,33158,1176,38,3187229,16731210
9844,7,6,2026-11-25,95622,3741,527,2119716,7545257
9845,7,1,2026-11-25,37338,2330,146,2553347,16536869
9846,7,4,2026-11-25,103932,3366,458,1295739,7723308
9847,8,3,2026-11-25,90471,6088,559,2968704,23846266
9848,8,6,2026-11-25,39581,2060,277,6878204,22184413
9849,8,1,2026-11-25,47237,3077,75,3889788,19608827
9850,8,5,2026-11-25,50387,3747,75,6221664,31561263
9851,9,2,2026-11-25,44420,1316,201,4020714,33907803
9852,9,1,2026-11-25,38953,2374,155,4292350,14980678
9853,10,3,2026-11-25,20355,837,140,6645306,43919593
9854,10,5,2026-11-25,93917,3082,220,3864970,22406279
9855,10,2,2026-11-25,100438,1893,335,694834,3857919
9856,10,4,2026-11-25,7795,540,66,336184,2038557
9857,1,2,2026-11-26,113420,2801,135,1264841,3191789
9858,1,6,2026-11-26,97196,7300,465,1509601,5545037
9859,1,1,2026-11-26,50285,3314,326,987863,3723726
9860,1,3,2026-11-26,100650,2693,426,5174158,16993072
9861,2,1,2026-11-26,7981,128,16,1707817,6005115
9862,2,2,2026-11-26,83339,4759,702,3329270,25053252
9863,2,3,2026-11-26,79996,7054,785,4599238,36341033
9864,2,6,2026-11-26,37457,1497,176,6500818,42286218
9865,3,2,2026-11-26,108530,1904,92,1732243,7444999
9866,3,4,2026-11-26,77214,1183,146,4272902,27137294
9867,4,2,2026-11-26,106213,5848,576,6901592,31629684
9868,4,4,2026-11-26,54779,3048,133,3497960,9028303
9869,5,5,2026-11-26,26187,2269,63,3039424,9733447
9870,5,6,2026-11-26,51942,1107,55,5720018,43819260
9871,5,3,2026-11-26,59610,4991,868,480656,3980954
9872,5,4,2026-11-26,81464,5029,468,6084965,25791287
9873,6,1,2026-11-26,19415,834,94,823823,3219714
9874,6,6,2026-11-26,43757,3389,339,4396564,17536244
9875,6,4,2026-11-26,21493,1445,170,5861910,41991084
9876,7,2,2026-11-26,83931,4883,493,4671624,31007801
9877,7,3,2026-11-26,40267,2899,382,5034294,40714949
9878,8,4,2026-11-26,69256,1425,99,5812703,44538842
9879,8,5,2026-11-26,111096,8521,1290,6087173,43072033
9880,8,6,2026-11-26,49533,3243,543,5290556,37314693
9881,8,3,2026-11-26,47470,3571,118,5178189,22328963
9882,9,6,2026-11-26,66306,5892,683,1000125,6951141
9883,9,4,2026-11-26,97374,6898,189,3374458,12255830
9884,9,1,2026-11-26,57640,4386,721,5535092,18771042
9885,9,5,2026-11-26,86987,7394,360,2528905,6489244
9886,10,6,2026-11-26,47013,2584,350,4857477,30963125
9887,10,1,2026-11-26,61870,2879,434,1224599,10287310
9888,10,3,2026-11-26,90073,3189,176,4211428,11955513
9889,1,1,2026-11-27,44832,1162,190,1272127,4038440
9890,1,3,2026-11-27,96335,5216,521,3135390,19348237
9891,2,6,2026-11-27,98056,4312,549,3116914,9991437
9892,2,1,2026-11-27,31907,1035,129,3848777,16676094
9893,2,2,2026-11-27,20726,743,25,6918771,36000484
9894,2,3,2026-11-27,39584,662,94,305142,2044350
9895,3,5,2026-11-27,5629,463,27,1680989,6029719
9896,3,1,2026-11-27,114804,4058,184,3213633,22940101
9897,3,6,2026-11-27,79522,6101,428,5887038,32867603
9898,3,4,2026-11-27,86969,5585,219,5159309,27977445
9899,4,6,2026-11-27,63999,3830,288,2300160,11280525
9900,4,3,2026-11-27,78144,6464,171,5680979,44819317
9901,4,5,2026-11-27,40352,1716,230,4778160,39335929
9902,4,1,2026-11-27,31859,546,97,5475924,22652638
9903,5,1,2026-11-27,5752,265,19,5444101,31279653
9904,5,5,2026-11-27,84020,4636,252,1899427,5725933
9905,5,6,2026-11-27,66687,3946,557,3566163,26016558
9906,5,4,2026-11-27,42756,696,115,6171874,24230309
9907,6,4,2026-11-27,5381,216,32,5055353,13459760
9908,6,3,2026-11-27,61444,2203,225,804854,3825518
9909,7,1,2026-11-27,18704,900,72,1121672,2923022
9910,7,5,2026-11-27,110440,9879,1154,513723,2949719
9911,8,2,2026-11-27,80919,2861,373,6279369,35779211
9912,8,4,2026-11-27,82850,2412,250,6430483,32845205
9913,8,3,2026-11-27,101065,6949,423,5037046,41744111
9914,9,4,2026-11-27,108946,2841,507,4638674,26857145
9915,9,5,2026-11-27,100955,2454,233,6988503,43896616
9916,9,1,2026-11-27,78127,6288,1125,6214303,38920587
9917,10,2,2026-11-27,15606,934,24,2128213,5612672
9918,10,1,2026-11-27,87246,6389,251,6495678,32757235
9919,1,6,2026-11-28,47868,1922,201,1256072,3779716
9920,1,2,2026-11-28,102073,7018,838,1275846,4455876
9921,2,4,2026-11-28,52527,4141,444,4073569,34563916
9922,2,6,2026-11-28,117677,4113,165,3563441,18921085
9923,2,1,2026-11-28,107654,7265,1274,812530,3269428
9924,3,2,2026-11-28,46361,2423,119,2452709,10521030
9925,3,3,2026-11-28,50883,2843,419,3994695,23604922
9926,3,4,2026-11-28,109700,4548,523,834911,3361015
9927,3,6,2026-11-28,116904,9661,220,859667,7236816
9928,4,6,2026-11-28,82000,7114,523,5709595,24575224
9929,4,3,2026-11-28,117198,6781,320,6537262,52570884
9930,4,1,2026-11-28,23962,1847,161,2364969,13740322
9931,4,5,2026-11-28,113145,6916,1042,6510796,24757636
9932,5,6,2026-11-28,56167,3972,388,6185194,21094346
9933,5,1,2026-11-28,38654,2447,120,2318382,7239666
9934,5,4,2026-11-28,105447,4118,470,4442551,11347740
9935,5,2,2026-11-28,50503,3725,113,1398591,5824747
9936,6,4,2026-11-28,77176,2510,140,657527,4309199
9937,6,6,2026-11-28,86780,4045,411,1163449,6879381
9938,7,4,2026-11-28,105141,7699,665,2030714,15513168
9939,7,1,2026-11-28,84593,5368,414,3819184,9575983
9940,8,6,2026-11-28,117611,5439,400,864852,6509931
9941,8,4,2026-11-28,31740,778,136,1127018,4101749
9942,8,2,2026-11-28,90941,6780,1152,4094971,32852071
9943,9,1,2026-11-28,21778,675,83,1412475,8985965
9944,9,5,2026-11-28,12530,236,16,6038338,23166335
9945,10,6,2026-11-28,101235,3863,559,1087618,6272572
9946,10,4,2026-11-28,106060,9458,1394,2146170,8358678
9947,10,5,2026-11-28,104637,2177,184,6147463,34072475
9948,1,4,2026-11-29,49496,1460,54,4570267,18517989
9949,1,2,2026-11-29,116218,3807,306,5020372,17089457
9950,1,6,2026-11-29,50170,1317,174,5223495,26063915
9951,2,5,2026-11-29,54572,2390,296,2055225,14000069
9952,2,4,2026-11-29,32196,2884,131,3941020,27780050
9953,2,1,2026-11-29,77362,5296,541,4212039,10609050
9954,3,2,2026-11-29,69141,2400,359,5947105,17993941
9955,3,1,2026-11-29,22543,1940,272,1142470,4079033
9956,3,3,2026-11-29,76399,4275,743,6108286,22418547
9957,3,6,2026-11-29,6994,553,17,5123816,34739687
9958,4,3,2026-11-29,52933,4298,701,6481325,31300458
9959,4,6,2026-11-29,81272,5822,467,3184194,11812676
9960,4,5,2026-11-29,64154,4971,180,1330465,9311646
9961,4,4,2026-11-29,10662,342,60,6087843,50706999
9962,5,3,2026-11-29,54889,2241,354,5489818,37477368
9963,5,1,2026-11-29,27638,846,17,1394439,5033218
9964,5,4,2026-11-29,28365,700,122,4075740,12428428
9965,5,2,2026-11-29,55470,2126,378,5853835,40281349
9966,6,6,2026-11-29,86601,5327,640,1640926,13138974
9967,6,3,2026-11-29,13658,275,11,5447315,18903003
9968,6,1,2026-11-29,103560,8113,1250,5463388,44181891
9969,6,5,2026-11-29,80813,2499,72,4252374,21575622
9970,7,2,2026-11-29,100380,7325,730,6670770,50095482
9971,7,1,2026-11-29,118126,10621,340,952575,2610750
9972,7,5,2026-11-29,118823,2804,484,6725509,27402817
9973,8,1,2026-11-29,29371,1868,51,5210704,23669394
9974,8,3,2026-11-29,55733,4591,484,3659672,24740840
9975,9,1,2026-11-29,76867,6006,464,4260905,28181070
9976,9,2,2026-11-29,28800,724,103,6833517,38785596
9977,10,2,2026-11-29,49634,3682,180,2546961,14448472
9978,10,5,2026-11-29,76354,6109,143,6783995,57556173
9979,10,1,2026-11-29,83455,6366,851,3293873,17378168
9980,10,4,2026-11-29,109117,4901,342,5096422,23520227
9981,1,2,2026-11-30,60535,1979,62,5804456,41369741
9982,1,5,2026-11-30,49892,3306,203,2494760,14948088
9983,1,1,2026-11-30,94184,8268,1312,939375,4637938
9984,1,6,2026-11-30,100298,5335,686,4204822,24239913
9985,2,5,2026-11-30,24005,654,80,2536135,16672967
9986,2,2,2026-11-30,88146,5110,338,4109257,29727159
9987,3,3,2026-11-30,51543,3808,316,5494881,39817941
9988,3,5,2026-11-30,101367,3880,680,974242,6525362
9989,3,6,2026-11-30,28215,673,53,1478122,9199593
9990,3,4,2026-11-30,81863,1799,74,6322186,17909072
9991,4,2,2026-11-30,108455,6339,400,4788537,15696285
9992,4,6,2026-11-30,57850,4276,539,1266896,10326413
9993,5,2,2026-11-30,51084,2002,157,5647504,45311024
9994,5,5,2026-11-30,48916,3391,490,2044821,10528667
9995,6,4,2026-11-30,62855,3953,501,805613,6576110
9996,6,6,2026-11-30,93655,4641,112,5429931,33509283
9997,7,3,2026-11-30,78309,3495,98,4317113,19694527
9998,7,4,2026-11-30,32800,1877,282,1031587,7287727
9999,8,5,2026-11-30,94662,5427,181,6350124,23905698
10000,8,2,2026-11-30,99811,3896,353,5521128,30378214
10001,8,6,2026-11-30,74759,4701,336,391438,1831726
10002,8,3,2026-11-30,56276,2994,225,6043569,18250806
10003,9,2,2026-11-30,56810,4131,502,1650900,4834482
10004,9,4,2026-11-30,97566,6977,1173,5961594,31430955
10005,9,3,2026-11-30,98780,2794,158,4539595,33907187
10006,10,3,2026-11-30,118835,9140,695,6251391,47356019
10007,10,6,2026-11-30,40199,2390,220,2007936,12853136
10008,10,4,2026-11-30,14134,525,42,2081984,8254384
10009,1,3,2026-12-01,48731,3653,125,5798229,19445407
10010,1,6,2026-12-01,14620,1214,213,4672443,29820814
10011,1,5,2026-12-01,70901,2642,95,961880,3144246
10012,2,3,2026-12-01,37118,712,79,5481096,37134184
10013,2,5,2026-12-01,8119,729,96,5783824,46468889
10014,3,6,2026-12-01,26616,1831,306,879577,6470586
10015,3,1,2026-12-01,60931,2776,403,3979813,11039077
10016,4,4,2026-12-01,76760,2066,95,6234855,30878527
10017,4,5,2026-12-01,42948,838,141,5888768,14974434
10018,4,2,2026-12-01,91929,4694,260,6094879,46406549
10019,4,3,2026-12-01,81065,5220,259,5884557,43986026
10020,5,5,2026-12-01,23496,512,40,1884631,5297284
10021,5,1,2026-12-01,26206,1057,63,1965455,10003987
10022,5,6,2026-12-01,38875,1716,193,4200780,12052936
10023,6,6,2026-12-01,44117,1622,87,1023983,4205753
10024,6,3,2026-12-01,28001,805,25,6399646,25996639
10025,6,4,2026-12-01,110127,4381,757,6154066,33617770
10026,7,3,2026-12-01,46978,4159,191,3627335,26707399
10027,7,6,2026-12-01,101473,7132,1176,6829952,53426323
10028,8,3,2026-12-01,25202,1110,186,2691939,19626251
10029,8,6,2026-12-01,6801,281,29,2049469,14066751
10030,8,1,2026-12-01,12049,598,26,5002154,27598682
10031,9,5,2026-12-01,113311,6221,1087,6430815,43513581
10032,9,2,2026-12-01,58256,4703,474,4732720,12244630
10033,9,6,2026-12-01,9081,408,52,6749089,52882556
10034,9,3,2026-12-01,99868,2846,213,2914219,20124310
10035,10,3,2026-12-01,91539,2823,506,1165858,9549965
10036,10,2,2026-12-01,118788,10214,360,6904990,55908158
10037,1,6,2026-12-02,7341,363,16,2486908,16743599
10038,1,4,2026-12-02,8836,162,28,5645930,43057150
10039,2,2,2026-12-02,43509,3275,67,4012359,23756158
10040,2,5,2026-12-02,34726,2089,189,6458810,37885367
10041,3,1,2026-12-02,71560,3056,110,3219841,22969600
10042,3,3,2026-12-02,8241,581,91,1731585,13492794
10043,4,5,2026-12-02,87966,1610,59,2877807,15818182
10044,4,4,2026-12-02,18691,645,83,6651759,52845022
10045,4,3,2026-12-02,72920,3625,545,6670292,30654045
10046,5,3,2026-12-02,84937,5024,229,5262149,16774777
10047,5,4,2026-12-02,89646,2686,325,5184852,14015816
10048,6,4,2026-12-02,73616,2660,59,6161702,33064488
10049,6,5,2026-12-02,57925,3864,219,6848964,42727413
10050,7,3,2026-12-02,18431,1525,190,5135532,18569230
10051,7,4,2026-12-02,70704,2661,252,3488109,18982273
10052,7,1,2026-12-02,115327,5680,206,3119629,12328988
10053,7,2,2026-12-02,63275,2277,194,3446354,24399931
10054,8,5,2026-12-02,31997,2121,76,2787589,10925451
10055,8,3,2026-12-02,13921,890,118,1091816,9001196
10056,8,4,2026-12-02,110528,5951,678,3416589,28847751
10057,9,3,2026-12-02,69777,1662,172,2823322,15370561
10058,9,1,2026-12-02,26487,1022,124,2589089,17845537
10059,10,2,2026-12-02,16508,260,40,527077,1841177
10060,10,3,2026-12-02,110365,9391,974,6118560,19599817
10061,1,5,2026-12-03,15035,285,9,1384139,3837768
10062,1,1,2026-12-03,15704,997,149,4220964,17091683
10063,1,3,2026-12-03,78413,1724,120,4285215,25334120
10064,2,5,2026-12-03,21968,640,64,1861103,12904085
10065,2,3,2026-12-03,27650,948,140,4821665,16512653
10066,3,6,2026-12-03,103228,5404,613,4170023,23370461
10067,3,1,2026-12-03,108084,4564,287,1919641,9518212
10068,3,5,2026-12-03,42762,1166,74,5977833,26048646
10069,4,1,2026-12-03,86857,7021,847,6951779,44975839
10070,4,2,2026-12-03,57230,2599,304,1403896,11274799
10071,4,4,2026-12-03,5196,266,35,5095862,26777102
10072,5,2,2026-12-03,99393,8438,1043,513615,2851919
10073,5,1,2026-12-03,58771,5033,294,2838164,19950686
10074,6,3,2026-12-03,52172,4202,115,1746106,10332516
10075,6,2,2026-12-03,90741,1499,78,4608366,31409554
10076,6,4,2026-12-03,47228,2087,327,4507829,12511407
10077,7,5,2026-12-03,41503,628,105,4081043,22875060
10078,7,3,2026-12-03,60036,4017,503,4932032,41020986
10079,8,3,2026-12-03,94738,7640,1230,4140272,25242406
10080,8,5,2026-12-03,39599,1444,104,3204256,12517813
10081,8,6,2026-12-03,69297,4329,202,5651951,14736737
10082,8,1,2026-12-03,104539,4949,808,6761535,49337522
10083,9,2,2026-12-03,24209,383,49,415678,2739983
10084,9,5,2026-12-03,27582,1642,173,3833661,24256280
10085,10,5,2026-12-03,46164,2878,150,5413855,18324087
10086,10,2,2026-12-03,28721,2482,97,4611926,26682730
10087,10,3,2026-12-03,57261,3536,186,2986436,22152099
10088,10,6,2026-12-03,112384,3515,616,1764017,11997712
10089,1,2,2026-12-04,69865,1800,123,1459192,5993683
10090,1,6,2026-12-04,105832,8579,1337,4626430,17514143
10091,2,6,2026-12-04,81560,5188,328,5915050,20705699
10092,2,1,2026-12-04,92878,2536,328,1906871,6219114
10093,2,3,2026-12-04,70812,6051,412,6627686,50680195
10094,2,4,2026-12-04,56798,1360,154,4030472,12036990
10095,3,6,2026-12-04,24229,2065,340,2312320,14704117
10096,3,1,2026-12-04,63470,5411,708,6303567,51498652
10097,3,4,2026-12-04,117124,3325,481,3191886,20658094
10098,3,5,2026-12-04,113187,4260,389,1594638,8560746
10099,4,1,2026-12-04,106223,3618,598,5816584,26520231
10100,4,3,2026-12-04,94509,7515,391,2131889,11618175
10101,4,4,2026-12-04,72516,5763,451,737946,4167883
10102,4,2,2026-12-04,107667,9514,1468,2164935,7296580
10103,5,1,2026-12-04,91342,1400,173,4919908,19576981
10104,5,4,2026-12-04,88762,7661,750,3946608,27547289
10105,6,4,2026-12-04,81226,4378,721,1085401,7449279
10106,6,3,2026-12-04,101328,3930,607,2198219,8563546
10107,6,5,2026-12-04,34148,1796,179,5247807,43551399
10108,7,2,2026-12-04,99813,8461,1182,2741269,19704159
10109,7,5,2026-12-04,12342,487,56,2728039,17934851
10110,8,4,2026-12-04,65730,5615,908,1304946,4463351
10111,8,1,2026-12-04,93674,7738,726,5601470,27474585
10112,8,2,2026-12-04,41682,2316,372,6990505,43216715
10113,9,2,2026-12-04,91117,2274,210,3879356,12394738
10114,9,3,2026-12-04,63965,4397,719,4046456,13787759
10115,10,4,2026-12-04,13341,312,22,3069160,13804045
10116,10,1,2026-12-04,56308,2764,441,4325833,17246124
10117,1,1,2026-12-05,64414,4422,701,2484576,16522220
10118,1,4,2026-12-05,108482,6553,663,656150,4732770
10119,2,1,2026-12-05,87298,4528,739,6495400,43974114
10120,2,4,2026-12-05,11856,386,57,2702217,22711855
10121,2,5,2026-12-05,80445,6327,348,5973923,41116249
10122,3,5,2026-12-05,34406,1297,212,4324988,31711911
10123,3,2,2026-12-05,20782,1526,203,6927067,45772502
10124,4,5,2026-12-05,12179,892,50,381925,1391063
10125,4,2,2026-12-05,53388,1879,69,2391173,12305298
10126,5,1,2026-12-05,98219,5680,837,541913,3938893
10127,5,2,2026-12-05,40463,2278,233,6445862,37210389
10128,6,5,2026-12-05,116117,10354,973,1458693,9722494
10129,6,4,2026-12-05,89167,5238,837,4334722,24495936
10130,6,3,2026-12-05,86518,5129,847,2273722,17724304
10131,6,6,2026-12-05,96822,6265,971,3622770,13636056
10132,7,1,2026-12-05,9093,324,28,4158622,24414289
10133,7,6,2026-12-05,30758,2555,365,4853697,13985938
10134,7,4,2026-12-05,55791,3258,541,6629708,26814621
10135,7,5,2026-12-05,56501,2880,273,3486179,23326409
10136,8,6,2026-12-05,113182,4024,121,4877731,22468629
10137,8,4,2026-12-05,10541,241,14,1696516,8723669
10138,8,3,2026-12-05,27975,1097,177,2217257,5739143
10139,8,2,2026-12-05,18431,1647,229,4707615,25731696
10140,9,5,2026-12-05,116971,3721,152,5674174,39097211
10141,9,3,2026-12-05,110178,3137,409,3423346,11808456
10142,9,2,2026-12-05,95078,3878,668,4386534,31457889
10143,10,6,2026-12-05,118414,2846,178,2709086,7874581
10144,10,2,2026-12-05,55606,2434,385,4847797,16735174
10145,10,5,2026-12-05,65556,3142,246,5188339,26642266
10146,10,1,2026-12-05,65964,3169,118,5096873,28305847
10147,1,4,2026-12-06,29732,2012,137,3605716,28886261
10148,1,1,2026-12-06,48432,3045,275,6671604,46774583
10149,1,3,2026-12-06,85446,3723,395,2477376,16459695
10150,2,4,2026-12-06,60980,4093,577,3660057,26468861
10151,2,5,2026-12-06,85510,2089,72,4473365,24074420
10152,2,6,2026-12-06,30301,1339,30,2325288,16362580
10153,2,1,2026-12-06,83254,1261,210,4861065,38692730
10154,3,1,2026-12-06,9188,470,62,4833437,18940955
10155,3,6,2026-12-06,119985,2851,438,1612633,11118601
10156,4,4,2026-12-06,14266,841,82,6550427,18249450
10157,4,3,2026-12-06,29041,840,24,4621870,14007688
10158,5,2,2026-12-06,93349,2451,235,2465897,15758999
10159,5,5,2026-12-06,119509,5101,640,3236141,22196132
10160,6,3,2026-12-06,63155,3404,337,5330682,40078544
10161,6,4,2026-12-06,43032,1557,140,5977257,41084049
10162,6,2,2026-12-06,65255,5492,176,2915660,7704263
10163,7,5,2026-12-06,79508,5788,806,1354176,10432333
10164,7,4,2026-12-06,94264,6870,269,4262647,21630499
10165,7,6,2026-12-06,74714,5987,302,3452737,10401053
10166,8,2,2026-12-06,76382,3966,624,4441865,26128542
10167,8,3,2026-12-06,83657,1693,169,943424,3355829
10168,8,6,2026-12-06,15807,1354,221,2122500,9331375
10169,8,1,2026-12-06,98672,7310,276,3943399,21174225
10170,9,2,2026-12-06,27460,762,54,6474959,20156542
10171,9,4,2026-12-06,31185,916,79,6985624,58020640
10172,10,3,2026-12-06,93139,2677,285,4494691,18090448
10173,10,6,2026-12-06,99886,8200,1301,3276578,25604784
10174,10,2,2026-12-06,22386,433,27,1861962,5175150
10175,10,4,2026-12-06,14118,784,78,5750358,18436865
10176,1,4,2026-12-07,91313,4238,702,5844719,30970795
10177,1,5,2026-12-07,32030,542,95,4412046,15516912
10178,1,6,2026-12-07,102745,3594,425,2112358,16377778
10179,2,3,2026-12-07,68813,3178,516,4788220,39140129
10180,2,1,2026-12-07,38799,2125,145,5777815,17970474
10181,2,2,2026-12-07,83048,5831,578,5456487,41735697
10182,3,5,2026-12-07,111581,4404,527,324027,1799163
10183,3,3,2026-12-07,40627,3631,507,3238317,12948181
10184,4,3,2026-12-07,53917,4594,488,6623273,43715954
10185,4,1,2026-12-07,88076,6648,751,2096046,13968173
10186,4,6,2026-12-07,12144,1034,37,4173848,19539740
10187,4,5,2026-12-07,27884,1565,208,5403388,33518153
10188,5,2,2026-12-07,66944,4947,620,2991753,8328694
10189,5,3,2026-12-07,27898,1122,67,6321936,46596263
10190,6,2,2026-12-07,53866,1895,124,6834701,40465518
10191,6,6,2026-12-07,52936,4483,538,2374278,15636300
10192,6,4,2026-12-07,64366,3748,402,3070677,12307863
10193,6,1,2026-12-07,61091,3067,277,2294134,14252090
10194,7,6,2026-12-07,78863,1247,113,975208,4820137
10195,7,4,2026-12-07,76234,1169,103,3691856,25948733
10196,7,2,2026-12-07,86463,7276,160,6126160,36573712
10197,8,4,2026-12-07,66177,4567,215,6373264,20191648
10198,8,2,2026-12-07,56140,1996,44,3655144,10649302
10199,9,6,2026-12-07,8326,548,26,969729,7735701
10200,9,3,2026-12-07,85143,3589,262,5880895,43945383
10201,9,5,2026-12-07,102970,5580,611,895099,7505737
10202,9,2,2026-12-07,40558,2344,349,4810915,18490873
10203,10,6,2026-12-07,97940,2451,377,2263776,18909989
10204,10,4,2026-12-07,13393,283,27,2817119,21885862
10205,10,1,2026-12-07,71985,4506,226,5514750,21815974
10206,1,6,2026-12-08,38185,1694,42,350098,2263974
10207,1,1,2026-12-08,109069,8561,484,5925124,39627356
10208,1,3,2026-12-08,68823,2965,150,3970306,13749167
10209,1,4,2026-12-08,118977,2368,414,4839229,31648764
10210,2,3,2026-12-08,89542,1856,299,4048506,26691904
10211,2,4,2026-12-08,57044,1300,63,3116445,8728726
10212,2,2,2026-12-08,75179,5139,600,3321253,28170751
10213,3,3,2026-12-08,83784,5445,975,4590563,34589005
10214,3,2,2026-12-08,60817,4156,425,661934,4132675
10215,3,4,2026-12-08,48257,1006,112,6598196,51981378
10216,3,6,2026-12-08,77572,3754,461,6215624,33245087
10217,4,1,2026-12-08,88944,4353,441,3009022,12819153
10218,4,4,2026-12-08,65473,2382,229,6018780,31736356
10219,5,1,2026-12-08,101682,4112,557,5919031,21574124
10220,5,5,2026-12-08,75817,5637,890,2678818,18796537
10221,5,3,2026-12-08,99252,3213,149,4212498,28376068
10222,6,1,2026-12-08,60808,2571,245,730054,5826822
10223,6,6,2026-12-08,89205,3641,622,3511277,12188111
10224,6,3,2026-12-08,57553,4695,562,4811108,14373834
10225,7,3,2026-12-08,64060,5703,650,522403,1447330
10226,7,2,2026-12-08,47694,1626,94,1155118,5815106
10227,8,6,2026-12-08,57392,5059,426,2892635,17022471
10228,8,4,2026-12-08,31341,2496,145,3107927,13903834
10229,8,1,2026-12-08,112537,6235,638,1991540,13650246
10230,9,2,2026-12-08,39527,2316,287,3300229,25100348
10231,9,1,2026-12-08,72006,2833,318,1680671,9260823
10232,10,2,2026-12-08,61986,2426,148,5421623,28142310
10233,10,1,2026-12-08,96469,7009,179,478425,1257612
10234,10,4,2026-12-08,115657,6392,212,629255,1647080
10235,10,6,2026-12-08,26994,1918,160,1055269,5591833
10236,1,5,2026-12-09,113133,5142,314,6122319,38262520
10237,1,6,2026-12-09,97295,5694,177,1504977,12371440
10238,2,4,2026-12-09,24361,1943,228,2774634,22482751
10239,2,6,2026-12-09,26208,1089,153,1592935,5254568
10240,2,3,2026-12-09,119905,6959,541,1988849,9368577
10241,2,1,2026-12-09,64835,2565,291,1610906,13462727
10242,3,5,2026-12-09,118286,5279,438,1275171,6064431
10243,3,4,2026-12-09,42831,1080,151,1893303,7148368
10244,4,1,2026-12-09,105118,7498,1208,672758,2148424
10245,4,6,2026-12-09,65419,4683,772,2887953,14085872
10246,5,2,2026-12-09,80302,1909,265,379945,1988863
10247,5,3,2026-12-09,104489,8278,433,1407535,11629940
10248,5,4,2026-12-09,34180,808,57,6025958,23245515
10249,5,6,2026-12-09,83452,4372,208,4410619,18614205
10250,6,1,2026-12-09,18708,698,56,5007089,34533691
10251,6,2,2026-12-09,58523,3927,410,5146060,30146969
10252,6,4,2026-12-09,29851,1812,167,1916267,15751229
10253,6,5,2026-12-09,22126,1070,88,1636828,12068865
10254,7,6,2026-12-09,33239,2710,213,3284659,21130652
10255,7,5,2026-12-09,7201,144,4,5335121,34810386
10256,7,4,2026-12-09,79282,5999,371,5976969,36175616
10257,8,3,2026-12-09,49155,2863,165,363342,1091441
10258,8,2,2026-12-09,80020,3526,223,6426912,34885712
10259,8,6,2026-12-09,49136,3654,437,2732431,22744652
10260,8,1,2026-12-09,52294,3443,392,1140812,4630260
10261,9,1,2026-12-09,22933,408,57,4531080,26151906
10262,9,6,2026-12-09,67433,1019,94,2371079,17839915
10263,10,4,2026-12-09,13741,351,58,351638,950599
10264,10,1,2026-12-09,58378,3245,380,3266816,10994841
10265,10,3,2026-12-09,10300,848,88,4924061,25061856
10266,10,5,2026-12-09,44266,1245,159,3077885,20762340
10267,1,5,2026-12-10,26678,1635,281,5696853,25256516
10268,1,4,2026-12-10,39901,1446,50,1042463,2716784
10269,1,2,2026-12-10,117999,5157,280,6441467,21652306
10270,1,1,2026-12-10,33377,2247,335,3751826,26354168
10271,2,4,2026-12-10,114210,4967,639,5720081,31202094
10272,2,1,2026-12-10,98707,3259,460,6822287,57627957
10273,3,2,2026-12-10,65570,5294,644,756199,3270555
10274,3,5,2026-12-10,68324,1143,78,1938989,12964255
10275,3,3,2026-12-10,95059,8192,675,4176775,32377399
10276,3,1,2026-12-10,27295,1150,62,1622204,8533249
10277,4,3,2026-12-10,96325,7361,1045,1653008,12722665
10278,4,2,2026-12-10,49210,953,152,2046926,8851882
10279,4,5,2026-12-10,32644,1604,263,6005524,41682852
10280,4,1,2026-12-10,35394,2805,88,3746388,15134155
10281,5,3,2026-12-10,74498,1431,166,3040783,21096542
10282,5,1,2026-12-10,16152,898,117,817558,3084283
10283,5,2,2026-12-10,69879,1599,43,1314365,8744272
10284,6,3,2026-12-10,33361,1045,81,662620,3978019
10285,6,6,2026-12-10,11999,915,104,2325088,17251414
10286,7,6,2026-12-10,114943,5248,121,6415816,36404176
10287,7,5,2026-12-10,68011,5494,465,2747204,17861492
10288,8,3,2026-12-10,25380,690,34,4195580,21561372
10289,8,6,2026-12-10,73494,3040,224,6114345,31234231
10290,8,5,2026-12-10,105684,8608,601,1487359,8906154
10291,9,4,2026-12-10,16328,983,42,3316195,10886918
10292,9,3,2026-12-10,58453,4492,314,2643100,8790169
10293,9,1,2026-12-10,29513,2131,101,3859849,18574640
10294,10,3,2026-12-10,108812,2467,157,4892829,25444974
10295,10,2,2026-12-10,95315,3486,486,6433488,51425729
10296,10,5,2026-12-10,34150,2214,206,4483735,23299360
10297,10,6,2026-12-10,33889,813,49,2731817,16493431
10298,1,4,2026-12-11,103881,3342,103,4413595,19983057
10299,1,2,2026-12-11,51034,1546,211,1978575,12445789
10300,1,6,2026-12-11,68323,6060,751,2126154,6111360
10301,1,1,2026-12-11,106447,7321,655,4798896,22248771
10302,2,4,2026-12-11,51686,1938,290,6968606,33660324
10303,2,6,2026-12-11,86529,5105,157,5969529,37731422
10304,3,5,2026-12-11,8739,550,73,6618313,36807530
10305,3,4,2026-12-11,47034,4231,714,2550948,16622054
10306,3,2,2026-12-11,93657,6278,770,5648138,43405626
10307,3,3,2026-12-11,79279,4304,575,3724519,21202892
10308,4,1,2026-12-11,65291,2513,177,959118,2968340
10309,4,5,2026-12-11,98925,4059,582,3351885,24533876
10310,4,6,2026-12-11,10684,555,37,5292570,33097264
10311,5,5,2026-12-11,57614,4300,502,3497155,27324732
10312,5,6,2026-12-11,16323,700,73,530798,1531246
10313,6,6,2026-12-11,62459,4843,556,365780,2722103
10314,6,5,2026-12-11,100581,2912,251,2093508,13294657
10315,7,4,2026-12-11,29394,573,15,5660337,43914069
10316,7,2,2026-12-11,14064,1031,87,6744543,56720981
10317,7,3,2026-12-11,59717,3628,271,2370059,10670462
10318,8,4,2026-12-11,108184,2640,449,863665,5292384
10319,8,5,2026-12-11,43976,3002,100,6459433,16196184
10320,9,6,2026-12-11,27690,1446,53,6147806,32848166
10321,9,2,2026-12-11,37298,911,156,3365628,21003924
10322,10,1,2026-12-11,36469,2767,412,2001387,15337809
10323,10,2,2026-12-11,71678,4371,620,5639414,16177236
10324,1,6,2026-12-12,119724,2528,106,959492,6642379
10325,1,3,2026-12-12,89676,5744,887,3614354,13579813
10326,1,2,2026-12-12,111563,2231,70,6104061,29407453
10327,2,4,2026-12-12,75432,3931,669,2055216,9451671
10328,2,1,2026-12-12,94467,3680,616,3333527,20722509
10329,2,5,2026-12-12,19319,1082,60,1097921,3723877
10330,2,3,2026-12-12,43312,3579,73,5143296,30762160
10331,3,3,2026-12-12,35928,1503,233,479260,3879325
10332,3,1,2026-12-12,41477,2776,255,3754152,15110158
10333,4,1,2026-12-12,95676,2367,269,1909527,9460223
10334,4,5,2026-12-12,95433,2223,75,3093730,24526618
10335,4,4,2026-12-12,35658,2550,165,5753105,14670381
10336,5,2,2026-12-12,105204,5775,346,3208573,20851308
10337,5,1,2026-12-12,72899,2608,275,754429,2686312
10338,5,4,2026-12-12,26183,1263,122,3478108,23009641
10339,6,1,2026-12-12,12127,567,50,4367631,14233998
10340,6,5,2026-12-12,28178,1370,69,6395782,44006439
10341,7,3,2026-12-12,21111,1444,164,3702282,19030911
10342,7,6,2026-12-12,43945,2770,84,365160,2776822
10343,7,5,2026-12-12,77964,2293,198,6371594,26506577
10344,8,6,2026-12-12,18479,304,38,2449133,8578015
10345,8,4,2026-12-12,63243,5100,915,2561351,9251063
10346,9,4,2026-12-12,49251,1517,92,4127373,13427730
10347,9,2,2026-12-12,45828,4075,354,5489910,45550247
10348,10,6,2026-12-12,48579,3820,607,2155124,9740903
10349,10,2,2026-12-12,29149,2529,124,4040860,16443657
10350,10,5,2026-12-12,56844,3579,75,2229844,12502588
10351,10,1,2026-12-12,69507,5600,308,4299764,33629165
10352,1,5,2026-12-13,100456,4030,185,6915211,20711338
10353,1,4,2026-12-13,94495,7713,978,6370252,50612931
10354,1,6,2026-12-13,9397,658,14,1560845,5913696
10355,2,2,2026-12-13,34634,2280,244,5673653,21360627
10356,2,1,2026-12-13,44545,1914,273,2063260,9601325
10357,2,6,2026-12-13,9309,693,27,2932952,19005187
10358,3,2,2026-12-13,57811,2504,276,5668082,39862646
10359,3,5,2026-12-13,58359,4689,474,6429914,40102688
10360,3,6,2026-12-13,44871,2747,321,4323441,24868605
10361,4,6,2026-12-13,98027,6199,431,2944038,20179928
10362,4,1,2026-12-13,37457,2517,290,4477532,24554534
10363,4,2,2026-12-13,69435,5486,620,1610004,9257113
10364,5,5,2026-12-13,73858,4749,177,3813012,18685001
10365,5,6,2026-12-13,36963,2809,139,4596214,33840877
10366,6,1,2026-12-13,100895,2364,240,2777376,17035162
10367,6,6,2026-12-13,65867,3242,457,5982121,50360115
10368,6,3,2026-12-13,92407,5363,167,5958768,48219576
10369,6,2,2026-12-13,39164,3183,544,3895552,18416119
10370,7,4,2026-12-13,17535,1548,260,3857372,20810024
10371,7,6,2026-12-13,88953,6690,903,5309342,41665109
10372,7,3,2026-12-13,65034,2714,152,1150288,4258168
10373,8,3,2026-12-13,59162,1616,178,2154127,9288313
10374,8,6,2026-12-13,83721,3297,512,1210954,5458901
10375,9,2,2026-12-13,82846,6352,431,3664788,9961163
10376,9,6,2026-12-13,79392,3732,318,6503929,48223094
10377,9,5,2026-12-13,92817,6702,223,2591443,15256812
10378,9,1,2026-12-13,76850,5091,289,2804263,11355718
10379,10,4,2026-12-13,81211,5676,817,4571896,27534243
10380,10,6,2026-12-13,53709,3513,546,1146593,8421301
10381,10,5,2026-12-13,89228,5322,894,2088463,14663611
10382,1,6,2026-12-14,34450,733,100,6187087,29974693
10383,1,2,2026-12-14,91416,4900,448,2513978,19645773
10384,1,1,2026-12-14,39550,2902,266,3964403,29742916
10385,1,3,2026-12-14,64034,1918,39,831087,4730024
10386,2,4,2026-12-14,38194,1291,49,4901755,41228668
10387,2,5,2026-12-14,56627,4047,403,5914192,17699310
10388,3,4,2026-12-14,34921,2409,262,4178075,17166854
10389,3,1,2026-12-14,112266,1860,260,947977,5655620
10390,3,5,2026-12-14,81410,6142,871,5191108,22297803
10391,3,2,2026-12-14,96523,5802,703,5808256,42000132
10392,4,4,2026-12-14,27108,1200,83,1490010,11717462
10393,4,3,2026-12-14,45671,782,60,1707810,12822299
10394,5,6,2026-12-14,65318,1126,43,6535162,25587732
10395,5,3,2026-12-14,64361,4264,237,1032523,6029304
10396,5,2,2026-12-14,20280,360,25,5185466,41863168
10397,5,5,2026-12-14,38451,1736,266,1310974,10269781
10398,6,5,2026-12-14,39020,2538,282,6390970,46535167
10399,6,3,2026-12-14,88848,4381,212,6798388,52560676
10400,7,6,2026-12-14,11892,635,13,3947505,20229861
10401,7,3,2026-12-14,115197,2184,368,6793056,22252791
10402,8,3,2026-12-14,47231,1695,46,3549375,14641740
10403,8,4,2026-12-14,102728,6573,298,3319133,19619188
10404,8,1,2026-12-14,70647,2542,267,4370409,21373156
10405,8,5,2026-12-14,86657,5607,594,3812096,15993539
10406,9,6,2026-12-14,15548,406,26,3484136,9440601
10407,9,3,2026-12-14,83938,6893,363,4492252,12372080
10408,9,1,2026-12-14,56363,1463,62,3102454,10347993
10409,9,4,2026-12-14,40437,2765,405,3500703,10624588
10410,10,5,2026-12-14,67158,1298,92,1160985,9139489
10411,10,6,2026-12-14,61682,1673,199,2650382,14537283
10412,1,3,2026-12-15,10858,764,21,3912402,15766374
10413,1,5,2026-12-15,20448,716,80,2644982,14776881
10414,1,4,2026-12-15,110499,8218,1308,5585896,25777678
10415,2,1,2026-12-15,70937,2865,478,3770024,19706368
10416,2,6,2026-12-15,107903,5175,603,2236226,15429709
10417,2,4,2026-12-15,45227,2775,395,2106682,13017076
10418,2,2,2026-12-15,10400,333,27,936053,7251610
10419,3,5,2026-12-15,100882,1676,243,6070394,42120373
10420,3,2,2026-12-15,19632,1225,165,5686301,41299007
10421,3,6,2026-12-15,42407,3766,597,6507795,23659881
10422,3,4,2026-12-15,56505,3115,286,4699681,11990320
10423,4,4,2026-12-15,66250,1355,121,4814355,37464671
10424,4,1,2026-12-15,7797,383,66,6867613,21959015
10425,5,1,2026-12-15,114672,5278,360,3469564,15283793
10426,5,3,2026-12-15,56096,1771,144,6619593,24880201
10427,6,6,2026-12-15,92465,6625,353,5492652,18443003
10428,6,5,2026-12-15,91464,6934,1120,2068350,15856411
10429,7,2,2026-12-15,35265,1830,256,5087651,29477478
10430,7,1,2026-12-15,29377,2431,166,4805607,24873138
10431,7,5,2026-12-15,98906,6951,693,685469,5478743
10432,8,2,2026-12-15,31330,1257,115,6185460,36576236
10433,8,6,2026-12-15,102608,3214,318,4252298,28702667
10434,9,5,2026-12-15,28426,1706,195,6005142,37388385
10435,9,1,2026-12-15,86145,2292,54,2266055,8508532
10436,9,6,2026-12-15,6898,488,34,4278710,33348376
10437,10,1,2026-12-15,99908,8518,1132,5349324,33866918
10438,10,5,2026-12-15,15594,1382,161,4817734,15932149
10439,10,3,2026-12-15,119434,10596,1194,6580088,28773869
10440,10,6,2026-12-15,36397,2036,88,3929305,23048505
10441,1,2,2026-12-16,6820,454,60,2129594,17330550
10442,1,5,2026-12-16,78673,2346,135,3938232,27557126
10443,2,2,2026-12-16,99295,8505,556,5947398,29643554
10444,2,4,2026-12-16,84407,3092,242,3828299,11574461
10445,2,1,2026-12-16,92768,6401,676,4537286,14370687
10446,2,6,2026-12-16,14799,234,30,5413243,33097910
10447,3,2,2026-12-16,35927,709,84,6534965,36122325
10448,3,5,2026-12-16,98325,8196,613,5975343,33675491
10449,3,6,2026-12-16,81141,2497,309,651523,1879977
10450,3,1,2026-12-16,109141,1954,251,5326252,38671424
10451,4,1,2026-12-16,35103,915,135,5785314,45526839
10452,4,6,2026-12-16,116331,7614,1147,2816570,23882283
10453,4,4,2026-12-16,62647,3377,500,1060439,6627002
10454,4,5,2026-12-16,104763,3999,159,4569414,37373652
10455,5,3,2026-12-16,37816,996,59,2746054,9149769
10456,5,6,2026-12-16,83399,5992,208,4460156,24562148
10457,6,3,2026-12-16,25354,789,32,5923247,37559611
10458,6,4,2026-12-16,15694,300,9,3984047,31779267
10459,6,5,2026-12-16,83272,6658,144,5679069,22376358
10460,6,1,2026-12-16,82694,3998,449,1767662,14268945
10461,7,3,2026-12-16,8689,566,89,2823399,9503661
10462,7,1,2026-12-16,11037,432,56,2005819,6294888
10463,8,2,2026-12-16,41911,3444,590,4230461,30711689
10464,8,4,2026-12-16,66344,4913,753,4829834,29780223
10465,8,3,2026-12-16,16456,1098,184,5616224,32009237
10466,9,2,2026-12-16,99880,8006,546,6745753,40611219
10467,9,5,2026-12-16,53098,3954,424,1039136,2959745
10468,9,4,2026-12-16,17253,1149,186,831533,2313163
10469,9,1,2026-12-16,8808,480,82,3186400,25571749
10470,10,2,2026-12-16,50157,1116,107,4976982,17251849
10471,10,6,2026-12-16,114975,4527,176,1574968,12369022
10472,10,1,2026-12-16,113935,6024,145,652791,2846152
10473,10,5,2026-12-16,59597,5102,774,2601008,13040048
10474,1,3,2026-12-17,71320,2677,329,6512155,29339464
10475,1,1,2026-12-17,16418,830,138,2474844,8054573
10476,2,3,2026-12-17,32614,2543,412,3991131,23361815
10477,2,4,2026-12-17,112727,5421,913,3542508,13624855
10478,3,6,2026-12-17,119381,4067,156,2235484,14692405
10479,3,5,2026-12-17,47152,2659,76,1768074,11669236
10480,4,1,2026-12-17,67956,4832,108,1490808,5862217
10481,4,2,2026-12-17,33119,1285,54,3073602,22523469
10482,5,4,2026-12-17,66400,2540,84,6876213,32456262
10483,5,2,2026-12-17,11985,983,167,4752717,17632950
10484,6,4,2026-12-17,54878,1234,69,2645830,10104466
10485,6,1,2026-12-17,98491,3726,617,6299338,44184844
10486,6,3,2026-12-17,97438,5137,227,2878614,21440117
10487,6,5,2026-12-17,92073,3558,486,5760731,28943668
10488,7,6,2026-12-17,35222,677,101,2120244,16755224
10489,7,2,2026-12-17,10779,700,108,6188339,28054749
10490,7,5,2026-12-17,106900,2255,87,5858640,32697587
10491,8,2,2026-12-17,117018,9417,377,1575062,7346157
10492,8,3,2026-12-17,114870,6335,160,6584297,40027332
10493,8,1,2026-12-17,83247,2971,89,5076476,32633233
10494,9,2,2026-12-17,36222,1123,54,5458210,42194477
10495,9,4,2026-12-17,96381,5279,731,3259908,14726885
10496,9,6,2026-12-17,106677,6011,954,797378,6086590
10497,10,1,2026-12-17,7364,317,33,2792331,19637777
10498,10,5,2026-12-17,112060,7347,824,6138406,20980314
10499,1,3,2026-12-18,106973,7565,630,937668,5416807
10500,1,1,2026-12-18,94557,4040,687,1133922,4569783
10501,1,2,2026-12-18,19850,1234,33,6425090,26292532
10502,1,5,2026-12-18,100545,4927,811,2194294,9100313
10503,2,4,2026-12-18,108312,2237,290,3832941,24099205
10504,2,6,2026-12-18,18106,1271,139,6445281,24636983
10505,3,4,2026-12-18,45501,3523,479,3910577,14537469
10506,3,2,2026-12-18,17495,745,41,6685228,26382527
10507,4,4,2026-12-18,69790,6187,253,4882810,23211815
10508,4,3,2026-12-18,109313,3155,396,2442231,20746813
10509,4,2,2026-12-18,89022,5813,146,2923842,17377071
10510,4,1,2026-12-18,69751,5436,399,4827438,14490951
10511,5,3,2026-12-18,88760,1631,70,4267365,35072530
10512,5,1,2026-12-18,40044,639,81,5260162,28647690
10513,6,4,2026-12-18,35004,1434,172,5950680,16234816
10514,6,5,2026-12-18,114317,3087,276,1820406,5758472
10515,6,3,2026-12-18,44528,2622,418,6248409,34761064
10516,6,1,2026-12-18,14522,640,36,6251472,26072491
10517,7,4,2026-12-18,68559,4332,375,6898916,51991482
10518,7,6,2026-12-18,102483,8079,959,1564285,3964441
10519,7,2,2026-12-18,53326,4114,632,3377191,23453975
10520,8,1,2026-12-18,118700,8155,1124,2238100,5744416
10521,8,3,2026-12-18,33720,1138,72,1236332,5773670
10522,8,5,2026-12-18,79334,4536,461,1499538,9962649
10523,9,4,2026-12-18,36332,2378,392,2030314,6432771
10524,9,3,2026-12-18,39492,2460,53,5411452,14213489
10525,9,5,2026-12-18,7636,143,5,6063670,44127843
10526,9,1,2026-12-18,34108,2064,64,5692971,24468333
10527,10,3,2026-12-18,75462,5618,263,3792294,30102050
10528,10,6,2026-12-18,38076,2015,278,2715362,10605291
10529,10,4,2026-12-18,12779,511,34,2487445,20117482
10530,1,4,2026-12-19,108910,5838,953,4952359,16703911
10531,1,3,2026-12-19,88258,4853,172,3606345,10750876
10532,1,5,2026-12-19,64922,4153,469,3043829,20103846
10533,1,1,2026-12-19,75173,5956,146,2193604,15898144
10534,2,4,2026-12-19,45314,1974,149,2768080,9286869
10535,2,1,2026-12-19,45037,2144,221,3773764,14295937
10536,3,6,2026-12-19,11890,364,57,1972743,11149231
10537,3,5,2026-12-19,105180,2799,112,807904,3533060
10538,3,4,2026-12-19,39286,1293,208,4300650,35704090
10539,3,1,2026-12-19,43338,742,59,3176068,18414352
10540,4,2,2026-12-19,11594,317,42,2379143,7670642
10541,4,3,2026-12-19,71548,1606,123,2643790,18042957
10542,4,5,2026-12-19,100652,1689,121,6018527,43468355
10543,4,4,2026-12-19,38181,1247,127,6259186,22251162
10544,5,4,2026-12-19,80786,1491,166,5808638,24282734
10545,5,3,2026-12-19,16944,932,159,5680042,40681876
10546,6,6,2026-12-19,113367,9074,611,620368,3063767
10547,6,2,2026-12-19,14396,995,174,1096373,4269466
10548,7,3,2026-12-19,109378,7578,723,1715777,13167994
10549,7,4,2026-12-19,47154,1846,259,6592452,43760468
10550,7,2,2026-12-19,30032,1105,119,2524180,8045737
10551,8,3,2026-12-19,19516,1748,50,4075655,32570380
10552,8,4,2026-12-19,78997,1984,278,5715272,46157698
10553,8,5,2026-12-19,29707,1824,161,3325237,11038886
10554,8,6,2026-12-19,88130,3738,137,2472721,7759437
10555,9,5,2026-12-19,105600,9340,602,5817100,30340345
10556,9,2,2026-12-19,53908,2472,388,5178016,33152679
10557,10,2,2026-12-19,61286,4921,872,4285017,32095907
10558,10,3,2026-12-19,109591,3538,234,6794198,25187506
10559,10,1,2026-12-19,104054,8958,889,1816342,5609882
10560,10,6,2026-12-19,56660,1886,188,5743056,44128639
10561,1,3,2026-12-20,38727,1079,151,4823983,38783864
10562,1,5,2026-12-20,56451,1765,102,716886,2554057
10563,1,2,2026-12-20,52051,3466,592,4470538,18723146
10564,1,1,2026-12-20,39629,2624,305,3620289,17597387
10565,2,3,2026-12-20,18024,811,83,2798847,7772603
10566,2,2,2026-12-20,114198,6060,563,2643296,18986979
10567,3,2,2026-12-20,85353,5704,742,2645707,14161714
10568,3,5,2026-12-20,108425,6500,334,2136979,13303479
10569,3,6,2026-12-20,110992,8883,1411,1674278,12225345
10570,3,4,2026-12-20,102238,4023,176,3795967,12531238
10571,4,4,2026-12-20,58673,4112,122,2049228,10423989
10572,4,1,2026-12-20,81446,1785,146,2135291,7726043
10573,4,2,2026-12-20,23667,568,78,4138554,26467738
10574,5,3,2026-12-20,111343,2229,139,4319347,29899568
10575,5,5,2026-12-20,8161,592,44,2177761,18174764
10576,5,6,2026-12-20,62989,4399,360,6882924,56328399
10577,6,1,2026-12-20,57269,1504,225,2352587,14006540
10578,6,4,2026-12-20,91312,7571,1063,2152074,5878509
10579,6,2,2026-12-20,66040,3910,671,1750432,6558460
10580,6,5,2026-12-20,33330,2098,318,4960369,29716414
10581,7,4,2026-12-20,69309,4963,626,3361728,25826508
10582,7,5,2026-12-20,33967,2094,66,4524601,37086374
10583,8,1,2026-12-20,89241,7814,873,4304205,22066414
10584,8,4,2026-12-20,48038,3386,131,701562,3240929
10585,8,2,2026-12-20,94859,7091,865,4177731,15763407
10586,8,5,2026-12-20,44334,3261,280,3178790,23311501
10587,9,1,2026-12-20,43556,2117,271,4130462,29102130
10588,9,5,2026-12-20,105008,8431,389,2263682,17244100
10589,10,6,2026-12-20,117076,5370,239,6432603,43186911
10590,10,1,2026-12-20,84894,7290,781,5110395,39985518
10591,10,4,2026-12-20,22398,1292,137,3515203,13688017
10592,1,6,2026-12-21,113492,5342,639,3535346,13723488
10593,1,4,2026-12-21,53778,1323,76,396225,1034467
10594,1,5,2026-12-21,110123,5391,425,2454476,6269462
10595,2,3,2026-12-21,35334,2599,290,1119771,3245086
10596,2,1,2026-12-21,46599,3900,573,5716276,18785611
10597,2,2,2026-12-21,111240,9891,1214,5310041,13658109
10598,2,6,2026-12-21,70179,3596,440,5171413,33304310
10599,3,6,2026-12-21,72697,2040,176,875654,4365353
10600,3,5,2026-12-21,39206,706,33,5675371,14313241
10601,3,4,2026-12-21,78530,1331,63,1806060,11877709
10602,3,1,2026-12-21,43559,3400,303,6143086,30588810
10603,4,4,2026-12-21,78600,3730,318,1836537,13950072
10604,4,3,2026-12-21,51512,4533,681,2805735,22281969
10605,5,5,2026-12-21,28011,835,146,6424166,36182581
10606,5,2,2026-12-21,8315,513,68,1870704,13368858
10607,5,6,2026-12-21,83484,1738,147,2437719,14519190
10608,5,3,2026-12-21,52886,2569,452,2787140,9768627
10609,6,3,2026-12-21,77463,6710,1155,5996597,39533801
10610,6,5,2026-12-21,64901,1099,164,3000617,12902034
10611,7,1,2026-12-21,22486,1068,166,3558181,23580374
10612,7,5,2026-12-21,110706,2836,487,4152986,28244662
10613,8,4,2026-12-21,96967,4577,487,4411400,17177187
10614,8,1,2026-12-21,98695,2327,398,541050,4354325
10615,8,5,2026-12-21,63707,3674,349,3513668,28631657
10616,9,1,2026-12-21,25991,416,51,2396864,15899812
10617,9,2,2026-12-21,61372,2338,95,4591828,16073773
10618,10,3,2026-12-21,28681,733,85,1150875,4017891
10619,10,6,2026-12-21,39068,3433,428,3667356,13259833
10620,1,1,2026-12-22,52322,1796,269,520936,3105890
10621,1,2,2026-12-22,18881,396,19,6902230,33933734
10622,1,6,2026-12-22,39207,1611,117,2926858,9030037
10623,1,4,2026-12-22,106764,4720,408,5445978,31929708
10624,2,3,2026-12-22,8423,649,80,1782724,8816752
10625,2,5,2026-12-22,72008,6090,910,3409979,22364566
10626,2,6,2026-12-22,69362,1834,320,5866640,40231991
10627,3,1,2026-12-22,58128,1312,75,1787626,9941338
10628,3,3,2026-12-22,52998,4535,509,2733003,14257528
10629,3,2,2026-12-22,83605,5385,808,478992,2388853
10630,3,6,2026-12-22,80406,5603,602,4930521,29074665
10631,4,4,2026-12-22,12847,441,49,4451899,13698475
10632,4,1,2026-12-22,18702,594,52,3855947,22142874
10633,5,1,2026-12-22,46171,2558,61,5323047,16517404
10634,5,4,2026-12-22,89469,6725,991,4359629,27061736
10635,5,5,2026-12-22,9873,397,69,4841399,33689254
10636,5,3,2026-12-22,48631,1006,131,6125172,45894967
10637,6,2,2026-12-22,114713,6689,820,751573,2915590
10638,6,3,2026-12-22,102510,8472,1161,6887355,37616876
10639,6,6,2026-12-22,35411,3035,62,556084,2233634
10640,7,3,2026-12-22,26625,1703,279,6117687,30631486
10641,7,2,2026-12-22,94889,6013,707,2920771,18441823
10642,8,1,2026-12-22,105354,2633,139,1483274,12000616
10643,8,3,2026-12-22,9398,770,101,6029688,35029753
10644,9,3,2026-12-22,27815,1869,244,2172327,8813637
10645,9,5,2026-12-22,68680,3728,441,2802891,21451869
10646,9,4,2026-12-22,17223,340,22,5708654,23953353
10647,10,3,2026-12-22,27147,1836,61,5568634,22284943
10648,10,4,2026-12-22,48695,3953,123,1892857,14550859
10649,10,2,2026-12-22,28268,1017,44,6417710,38423974
10650,1,2,2026-12-23,96786,4344,166,2597449,7249633
10651,1,3,2026-12-23,47927,3007,158,613988,1678969
10652,1,4,2026-12-23,48538,4040,417,2572441,8341671
10653,1,5,2026-12-23,63844,1704,91,767849,3721032
10654,2,3,2026-12-23,34776,3101,152,1926808,13122375
10655,2,6,2026-12-23,5732,478,75,1162385,8513048
10656,2,1,2026-12-23,114227,4454,128,4926087,40304624
10657,3,2,2026-12-23,82393,2173,69,2183236,8168070
10658,3,6,2026-12-23,65902,1139,144,6910370,46304630
10659,3,5,2026-12-23,33387,2124,217,434841,2381798
10660,3,1,2026-12-23,86188,3223,82,1470359,8120914
10661,4,3,2026-12-23,21186,537,42,1280082,7922070
10662,4,6,2026-12-23,93334,6188,268,6436370,29062870
10663,5,4,2026-12-23,54730,4532,119,1595400,8514772
10664,5,6,2026-12-23,60724,1804,246,2782464,15884426
10665,5,2,2026-12-23,62822,4783,691,3333172,22709647
10666,5,1,2026-12-23,102743,2277,238,764326,6461070
10667,6,5,2026-12-23,107803,7873,1269,1184235,3213616
10668,6,3,2026-12-23,112893,6745,492,963403,4707444
10669,6,6,2026-12-23,19407,777,116,4258917,28971905
10670,7,3,2026-12-23,32649,1146,43,1394079,8567278
10671,7,5,2026-12-23,87823,4850,750,862927,2201754
10672,7,4,2026-12-23,27092,2135,230,5923301,26341031
10673,7,1,2026-12-23,28713,976,116,2980391,19770160
10674,8,3,2026-12-23,110650,5819,417,4836010,27110530
10675,8,6,2026-12-23,49027,2943,461,5602936,40014244
10676,8,1,2026-12-23,117635,2151,240,2866293,11298488
10677,9,4,2026-12-23,88950,6889,1092,2854537,20280310
10678,9,5,2026-12-23,115737,1745,45,6913453,33385018
10679,9,3,2026-12-23,104082,8829,983,3368458,20469343
10680,9,6,2026-12-23,11353,464,57,1183221,9886426
10681,10,5,2026-12-23,5116,381,37,4483973,16429136
10682,10,6,2026-12-23,74880,6489,651,1058441,4740026
10683,10,1,2026-12-23,7620,207,23,2034630,7562799
10684,10,4,2026-12-23,55774,4172,393,808434,3697758
10685,1,4,2026-12-24,35680,1982,71,6828849,22980829
10686,1,5,2026-12-24,114867,7720,880,1172058,8467542
10687,1,2,2026-12-24,23801,1024,171,1473584,9897329
10688,1,6,2026-12-24,73165,5252,532,2481448,17675485
10689,2,1,2026-12-24,27649,1423,68,1115254,3649258
10690,2,3,2026-12-24,113371,2653,369,6699060,50324242
10691,2,6,2026-12-24,47736,1793,113,5727452,45952215
10692,2,2,2026-12-24,103644,4279,185,2805370,19746616
10693,3,1,2026-12-24,114048,6278,1009,4450324,13857134
10694,3,6,2026-12-24,68180,3500,395,6539196,35562432
10695,3,5,2026-12-24,6937,593,72,3108977,25308624
10696,3,2,2026-12-24,97478,3681,633,3603082,9232725
10697,4,4,2026-12-24,12473,474,27,1793341,14606120
10698,4,2,2026-12-24,108372,4050,264,471970,1470450
10699,5,4,2026-12-24,49883,4319,751,5668768,44248821
10700,5,5,2026-12-24,31900,2631,371,1977593,9689419
10701,6,3,2026-12-24,16113,430,9,2303393,6904449
10702,6,6,2026-12-24,25901,1415,126,3863848,19578820
10703,6,1,2026-12-24,62492,2555,171,5419149,44991124
10704,7,6,2026-12-24,32039,2315,102,5069832,21259706
10705,7,2,2026-12-24,102525,2265,229,3275168,11933322
10706,7,4,2026-12-24,81327,6701,841,314088,2081391
10707,7,1,2026-12-24,66883,5751,862,864064,6080467
10708,8,1,2026-12-24,12450,918,121,4296114,28718209
10709,8,5,2026-12-24,34940,2856,116,3570987,18816809
10710,8,4,2026-12-24,107291,3469,238,6086625,43806061
10711,9,2,2026-12-24,71606,5422,745,2294431,7682090
10712,9,3,2026-12-24,39708,2478,297,5092104,25924602
10713,9,1,2026-12-24,87151,6029,1060,5932249,30769480
10714,10,2,2026-12-24,69497,1860,294,5260864,35669721
10715,10,6,2026-12-24,26585,1603,198,2371606,9209117
10716,10,5,2026-12-24,45078,3881,652,903297,5060370
10717,1,5,2026-12-25,51868,2319,348,1554306,12385826
10718,1,3,2026-12-25,38068,3205,77,3373662,23036880
10719,1,4,2026-12-25,58302,3575,452,1708572,8191130
10720,1,1,2026-12-25,117198,9536,1314,1094968,4049405
10721,2,6,2026-12-25,93501,6675,300,3143460,18427860
10722,2,5,2026-12-25,11166,322,50,1719572,5159095
10723,3,3,2026-12-25,11229,420,28,2794095,9451937
10724,3,4,2026-12-25,19228,704,92,3793802,16657094
10725,3,5,2026-12-25,25312,1181,188,759734,3068031
10726,4,2,2026-12-25,62499,1688,158,3600086,28293084
10727,4,1,2026-12-25,95376,1503,250,6804369,46337627
10728,4,5,2026-12-25,14407,1124,133,4332086,30497904
10729,5,4,2026-12-25,67618,2922,429,5360551,38558761
10730,5,3,2026-12-25,69613,3510,340,6911231,24967641
10731,6,2,2026-12-25,71840,2758,360,1777766,13474298
10732,6,3,2026-12-25,92439,4794,412,6884849,21590089
10733,6,6,2026-12-25,103837,7289,314,1185923,4099471
10734,6,4,2026-12-25,114383,7840,925,4944832,26056333
10735,7,5,2026-12-25,113937,8897,282,2914152,19402853
10736,7,6,2026-12-25,9873,449,48,1789045,13563353
10737,7,3,2026-12-25,50480,2277,78,389656,1662189
10738,7,4,2026-12-25,9825,559,53,1873936,6294937
10739,8,4,2026-12-25,14400,248,38,2614442,13754245
10740,8,5,2026-12-25,55748,2288,189,1929329,12103781
10741,8,3,2026-12-25,104172,7020,1019,6500559,32607818
10742,8,6,2026-12-25,46540,940,46,3120975,12724259
10743,9,2,2026-12-25,100583,5156,450,6599386,28352991
10744,9,5,2026-12-25,105434,5404,206,5175968,24596024
10745,9,1,2026-12-25,23154,1943,313,1566316,10150426
10746,10,4,2026-12-25,69432,6208,521,6744788,26740958
10747,10,2,2026-12-25,78374,1599,239,4830302,29259048
10748,1,6,2026-12-26,47960,1779,99,5750661,46504060
10749,1,2,2026-12-26,26323,1556,35,3314802,19125378
10750,1,5,2026-12-26,79171,6011,330,4924796,22772828
10751,2,3,2026-12-26,49504,3897,113,2950938,21345841
10752,2,2,2026-12-26,102861,7672,180,3648367,23188237
10753,2,6,2026-12-26,105153,4790,381,4607640,12743036
10754,2,1,2026-12-26,46381,2674,327,2071191,12375601
10755,3,5,2026-12-26,87051,4644,214,3442823,25680807
10756,3,1,2026-12-26,12350,341,12,4854147,33949355
10757,3,3,2026-12-26,57740,5070,765,1648114,12209533
10758,3,4,2026-12-26,84856,5518,728,4701185,36536905
10759,4,3,2026-12-26,71308,4310,715,3944856,30224053
10760,4,5,2026-12-26,82263,5317,186,6287216,33909250
10761,5,3,2026-12-26,93571,6667,878,3520605,25767267
10762,5,6,2026-12-26,102042,7508,529,4978499,19030393
10763,6,4,2026-12-26,82372,2450,231,2665402,10321111
10764,6,3,2026-12-26,35510,1316,56,4206344,24327400
10765,6,5,2026-12-26,106760,3749,279,3619617,18479835
10766,7,1,2026-12-26,50891,2286,281,3731440,29926677
10767,7,3,2026-12-26,83152,7359,509,782645,3694372
10768,8,4,2026-12-26,104932,7657,1343,4251103,34415272
10769,8,6,2026-12-26,25653,1685,201,1104714,8501244
10770,8,5,2026-12-26,42259,3007,286,443011,2310233
10771,8,1,2026-12-26,75938,5236,229,5321118,29202903
10772,9,6,2026-12-26,6642,155,17,5452381,27611221
10773,9,2,2026-12-26,108548,8697,598,3428583,24928138
10774,9,4,2026-12-26,110553,2922,280,3419586,21934530
10775,9,1,2026-12-26,46197,2618,433,4880969,27887879
10776,10,5,2026-12-26,78667,2925,200,2198673,14580756
10777,10,4,2026-12-26,7955,517,83,2595362,8144510
10778,1,3,2026-12-27,50516,4346,651,6354237,46326729
10779,1,4,2026-12-27,64570,1922,304,3171622,19979801
10780,1,6,2026-12-27,98989,4840,824,4232753,26916436
10781,2,1,2026-12-27,29655,1888,75,6924789,43367786
10782,2,3,2026-12-27,117286,3176,307,3678142,13953718
10783,2,4,2026-12-27,16833,750,90,5496667,23110047
10784,2,6,2026-12-27,83928,4402,772,5147275,26791697
10785,3,4,2026-12-27,58546,2175,342,1217443,6938582
10786,3,6,2026-12-27,115251,2421,410,3289692,27382567
10787,3,3,2026-12-27,39892,714,63,5615062,33384880
10788,3,5,2026-12-27,88730,5441,781,3187465,10138715
10789,4,3,2026-12-27,112708,8458,1280,790364,3931837
10790,4,4,2026-12-27,24970,595,67,3511625,25918022
10791,4,2,2026-12-27,118537,3401,402,5506319,45528400
10792,5,2,2026-12-27,33139,932,139,3481638,27973676
10793,5,4,2026-12-27,69504,2082,229,6982936,39101939
10794,5,6,2026-12-27,44922,1325,149,898092,6310215
10795,6,1,2026-12-27,66961,3798,449,1624995,8177979
10796,6,4,2026-12-27,20806,1858,324,5206287,15710940
10797,7,6,2026-12-27,14555,390,59,4855256,18296344
10798,7,4,2026-12-27,93541,6789,948,2443596,16163197
10799,7,1,2026-12-27,43361,905,131,2612588,12591982
10800,8,6,2026-12-27,10527,158,19,5986050,29091868
10801,8,1,2026-12-27,26739,1501,247,720083,1936553
10802,8,3,2026-12-27,47963,2066,271,4571540,35678282
10803,9,3,2026-12-27,24859,1980,313,738313,1927449
10804,9,5,2026-12-27,55445,4685,353,5995290,37433417
10805,9,2,2026-12-27,67694,4298,296,1267553,5426928
10806,9,1,2026-12-27,22763,1431,47,5822111,47409000
10807,10,3,2026-12-27,5167,355,63,4909124,26034732
10808,10,2,2026-12-27,27672,555,55,2653676,19922722
10809,1,4,2026-12-28,89150,6627,1149,6318893,49592319
10810,1,5,2026-12-28,78142,1880,184,3553037,11902504
10811,1,6,2026-12-28,15560,1348,131,1531766,5991152
10812,2,4,2026-12-28,57067,4308,502,4824670,12127078
10813,2,3,2026-12-28,102392,6714,909,3708891,24184936
10814,2,2,2026-12-28,51919,2904,375,2184540,10991586
10815,3,6,2026-12-28,104808,9116,1581,623183,3588935
10816,3,2,2026-12-28,118199,2331,56,1142841,4486416
10817,3,5,2026-12-28,7741,527,41,5088763,41014205
10818,4,5,2026-12-28,39109,2008,102,2771764,15738079
10819,4,6,2026-12-28,14413,967,80,6651895,43456031
10820,5,2,2026-12-28,7031,627,59,6092222,46541567
10821,5,3,2026-12-28,32214,1234,80,1247074,8135641
10822,5,4,2026-12-28,66223,5079,407,3533906,10729047
10823,5,6,2026-12-28,83696,3756,127,1728129,14563212
10824,6,5,2026-12-28,86337,3713,142,5968223,48985137
10825,6,2,2026-12-28,81974,4200,342,634347,4493844
10826,7,1,2026-12-28,49521,3904,391,338527,2823842
10827,7,4,2026-12-28,65232,1712,217,5993050,16201352
10828,8,3,2026-12-28,34409,2696,284,6000302,17226212
10829,8,1,2026-12-28,7428,262,31,1034140,5034120
10830,8,5,2026-12-28,66618,5184,602,991668,6053593
10831,8,6,2026-12-28,36860,580,23,577705,1747669
10832,9,3,2026-12-28,25981,1321,49,6717125,38953697
10833,9,5,2026-12-28,119984,5341,849,4421154,35528702
10834,9,1,2026-12-28,29348,1044,47,3567985,28697959
10835,9,2,2026-12-28,100363,1683,100,4631050,20253758
10836,10,1,2026-12-28,51391,3873,437,5370456,33675042
10837,10,5,2026-12-28,29479,795,49,1794513,11921783
10838,1,3,2026-12-29,98984,6995,623,1019141,7758119
10839,1,6,2026-12-29,80189,4989,653,1426398,4016856
10840,1,1,2026-12-29,82455,4271,348,5964513,24840254
10841,2,4,2026-12-29,78506,2166,321,3130815,20763282
10842,2,1,2026-12-29,20574,763,36,923849,6718154
10843,2,2,2026-12-29,97845,5009,324,3466214,23971923
10844,2,3,2026-12-29,107223,4375,445,765183,4333251
10845,3,5,2026-12-29,19924,1505,138,4606041,11573182
10846,3,4,2026-12-29,69805,5855,304,2178713,18014096
10847,4,3,2026-12-29,39752,1058,31,6096143,51533012
10848,4,4,2026-12-29,65853,1280,71,3351948,19817620
10849,4,2,2026-12-29,54026,3162,223,515886,2814145
10850,4,1,2026-12-29,29492,2188,211,5787308,40255616
10851,5,5,2026-12-29,96713,3349,297,5132577,42183310
10852,5,1,2026-12-29,85651,4741,765,903624,7120791
10853,6,6,2026-12-29,23795,1988,246,2211812,11901172
10854,6,4,2026-12-29,28733,1944,264,3512115,19088324
10855,7,6,2026-12-29,112127,5866,259,6428821,27353485
10856,7,4,2026-12-29,9962,736,63,1118106,2906327
10857,7,2,2026-12-29,32063,512,27,1865694,4873485
10858,8,1,2026-12-29,21004,1633,94,2440807,18451437
10859,8,3,2026-12-29,107504,4269,660,1058244,6946225
10860,8,2,2026-12-29,97642,7917,910,2227551,6286639
10861,8,5,2026-12-29,112746,3646,207,4181021,14031581
10862,9,5,2026-12-29,64038,5426,171,6576283,18052225
10863,9,4,2026-12-29,23442,1852,187,5925234,29002284
10864,9,2,2026-12-29,7949,561,11,6517938,52997131
10865,9,3,2026-12-29,111613,7316,683,3881113,16263123
10866,10,4,2026-12-29,65623,3592,283,3429767,13633865
10867,10,6,2026-12-29,105710,6239,1110,1878949,15016883
10868,10,1,2026-12-29,47289,3729,640,2194017,7098165
10869,10,3,2026-12-29,98721,4890,605,2399377,13731646
10870,1,3,2026-12-30,41856,3595,457,2021173,8208360
10871,1,1,2026-12-30,10432,293,39,5774216,31975290
10872,1,6,2026-12-30,52522,3911,650,377997,2136849
10873,1,2,2026-12-30,84471,2231,335,4022236,12372506
10874,2,5,2026-12-30,40840,2252,132,3148347,19239271
10875,2,4,2026-12-30,87706,6485,1029,5294339,27001797
10876,3,4,2026-12-30,22659,1740,129,4489425,34500410
10877,3,1,2026-12-30,70329,2798,479,6663240,56141448
10878,3,6,2026-12-30,20509,1453,213,4803910,18486565
10879,3,3,2026-12-30,29887,738,70,968515,7115090
10880,4,1,2026-12-30,24811,584,68,5074353,39183505
10881,4,6,2026-12-30,67958,2321,417,3835011,22948162
10882,4,5,2026-12-30,31415,683,74,1045416,7672294
10883,4,2,2026-12-30,119262,9694,1273,5986458,39206562
10884,5,3,2026-12-30,98493,6017,595,5604274,23120274
10885,5,5,2026-12-30,41457,1682,194,3460234,14642272
10886,5,1,2026-12-30,80487,6473,376,509521,2436719
10887,6,1,2026-12-30,20020,1019,64,4641906,38290274
10888,6,5,2026-12-30,118629,10668,493,2985183,10354013
10889,6,6,2026-12-30,117504,5367,894,4192641,13483837
10890,7,1,2026-12-30,98689,8242,1022,2786706,20761299
10891,7,4,2026-12-30,68911,5749,747,505273,3598728
10892,8,3,2026-12-30,74923,4798,525,1657998,11366004
10893,8,2,2026-12-30,32326,1283,149,6367126,47446900
10894,8,6,2026-12-30,52358,4381,771,1251683,4899489
10895,9,1,2026-12-30,102362,6123,1011,1947304,6426692
10896,9,4,2026-12-30,29038,1036,114,3242253,15030470
10897,10,5,2026-12-30,91106,7712,1156,4272573,23035424
10898,10,4,2026-12-30,25692,1849,128,5019830,42582587
10899,10,2,2026-12-30,117216,2819,287,5996174,24811882
10900,1,1,2026-12-31,46463,2147,362,3314662,22880419
10901,1,4,2026-12-31,108511,6503,1165,4670068,18983595
10902,1,5,2026-12-31,119486,3613,226,3928850,31875061
10903,2,3,2026-12-31,115529,4386,380,4643243,38222897
10904,2,6,2026-12-31,82543,5742,252,2118417,7349144
10905,2,5,2026-12-31,29749,1331,76,5549816,45470845
10906,3,1,2026-12-31,89888,5855,623,1766800,5619008
10907,3,6,2026-12-31,29876,1720,234,6414078,16692713
10908,4,1,2026-12-31,111207,4619,408,5725397,26042904
10909,4,6,2026-12-31,113279,3095,162,3897208,25340188
10910,5,6,2026-12-31,76443,5856,182,1206246,9415422
10911,5,1,2026-12-31,36969,3167,452,6639626,54608556
10912,5,5,2026-12-31,116062,5494,347,796704,5291327
10913,6,3,2026-12-31,102660,8557,872,2903974,8068666
10914,6,5,2026-12-31,89420,4654,456,3271093,8880746
10915,6,1,2026-12-31,110837,2667,388,2833283,17065251
10916,6,2,2026-12-31,113977,4216,345,1831299,6391332
10917,7,3,2026-12-31,112678,9773,855,5866609,14838795
10918,7,6,2026-12-31,111614,9012,501,1531519,11836781
10919,7,4,2026-12-31,100369,7434,740,5112804,32955630
10920,7,1,2026-12-31,18843,449,49,4784335,28436013
10921,8,1,2026-12-31,14725,243,22,5420680,14125487
10922,8,3,2026-12-31,89024,4813,300,5544401,32985802
10923,9,1,2026-12-31,36877,3255,178,5255543,21198271
10924,9,3,2026-12-31,80588,5686,757,4077655,20077783
10925,9,4,2026-12-31,72534,3953,538,1956558,7956594
10926,9,6,2026-12-31,89302,3921,617,2596920,11554010
10927,10,5,2026-12-31,38907,1759,93,4300100,16110650
10928,10,3,2026-12-31,33784,2881,76,6411294,16293516
